CMPNY_NO,EQP_GOUP_NO,EQP_SN,SENSOR_NO,SENSOR_NM,DATA_01,DATA_02,DATA_03,REGIST_DT,DATA_DESC,PRODUCT_NM,SPEED
**********01,**********05,9,SS0000000021,템퍼링 1호_템퍼1존(1존),0.7805892267304474,0.5642166749381228,0.6760308877055453,0.874908685396521,,0.7376687106041986,0.21859709710842756
**********01,**********05,9,SS0000000038,템퍼링 1호_템퍼1존(2존),0.6067154575300293,0.31860303206980434,0.3134749073116324,0.5147294979839837,,0.949210740906903,0.6542158707442788
**********01,**********05,9,SS0000000050,템퍼링 1호_템퍼1존(3존),0.1653333678835872,0.9297779285960782,0.20343569029281994,0.3418727514316987,,0.8026598330810305,0.5282308186760714
**********01,**********05,3,SS0000000010,템퍼링 1호_템퍼1존(4존),0.15480526517711268,0.08491278583050388,0.1480262090262141,0.5369848556728047,,0.2766779427515961,0.33165031342326223
**********01,**********05,6,SS0000000043,템퍼링 2호_템퍼1존(1존),0.4197002833652428,0.6425847683621021,0.8186147044611066,0.2953230306211331,,0.6918902758355742,0.9012335948579329
**********01,**********05,6,SS0000000005,템퍼링 2호_템퍼1존(2존),0.37683581804100086,0.6903196854279643,0.7344559936854179,0.7148521345369953,,0.6757804090656478,0.6283761767171898
**********01,**********05,9,SS0000000030,템퍼링 2호_템퍼1존(3존),0.4996136508507426,0.3639375514482541,0.008239398105504447,0.6795950656164826,,0.1723056808746154,0.8636796100463678
**********01,**********05,6,SS0000000005,템퍼링 2호_템퍼1존(4존),0.13044125335531098,0.822808899311809,0.9934808762860291,0.715839351140159,,0.8134888717112297,0.7161968947436086
**********01,**********05,3,SS0000000022,템퍼링 2호_템퍼1존(5존),0.4916593420202219,0.6600087219638208,0.8681831674797861,0.42307063681379775,,0.2547577930059036,0.015752816762495514
**********01,**********05,6,SS0000000044,템퍼링 2호_템퍼1존(6존),0.10040600259031451,0.4781686443264529,0.36872372889188876,0.9373961325982441,,0.3098299054357977,0.9776521144249323
**********01,**********05,3,SS0000000012,템퍼링 3호_템퍼1존(1존),0.8812638169866941,0.4845361889776346,0.9948016688942237,0.5958609778901489,,0.19476494019549384,0.6749210221402251
**********01,**********05,3,SS0000000012,템퍼링 3호_템퍼1존(2존),0.9624768598808735,0.3247282941977099,0.9353665856420877,0.6779326646911212,,0.2643240448187506,0.6204774939306641
**********01,**********05,3,SS0000000017,템퍼링 3호_템퍼1존(3존),0.09497957641238541,0.9864195097591029,0.36973679223445055,0.23176141005252093,,0.13245327903223636,0.9375346599092013
**********01,**********05,6,SS0000000012,템퍼링 4호_템퍼1존(1존),0.19932505724901795,0.5930409146248271,0.030497325388125884,0.30889400243939547,,0.6932294593763784,0.5690395383763076
**********01,**********05,3,SS0000000024,템퍼링 4호_템퍼1존(2존),0.5857308331627468,0.24663340353458552,0.7388747512545579,0.8878776847003483,,0.7344382732695585,0.26614895502675573
**********01,**********05,9,SS0000000010,템퍼링 4호_템퍼1존(3존),0.07030172382577515,0.9864325976878767,0.5274718576864569,0.45437807604540614,,0.14104230789460692,0.9324561382610241
**********01,**********05,9,SS0000000046,템퍼링 4호_템퍼1존(4존),0.8564399064622107,0.7008687279546354,0.06272777565707155,0.5405502498151847,,0.2261536843435571,0.6005934429679446
**********01,**********05,3,SS0000000020,템퍼링 4호_템퍼1존(5존),0.8624554174569822,0.8761292554742959,0.059388302761896106,0.00832634493398432,,0.8134902320882942,0.5441133977215162
**********01,**********05,3,SS0000000002,템퍼링 4호_템퍼1존(6존),0.20039636279462902,0.27704254450903043,0.8618991419396128,0.6726087212387232,,0.07045570246783406,0.45765714853053674
**********01,**********05,9,SS0000000009,템퍼링 1호_템퍼1존(1존),0.7200556270989574,0.6682918348160785,0.56499483576482,0.7558945961124194,,0.5905034977182857,0.1459099759367315
**********01,**********05,6,SS0000000044,템퍼링 1호_템퍼1존(2존),0.7761078630840544,0.3357298360177001,0.4185101581116162,0.7623335376433321,,0.08551950472520875,0.9305506470829352
**********01,**********05,9,SS0000000003,템퍼링 1호_템퍼1존(3존),0.7181207077798124,0.6924336623273053,0.4935167023790784,0.7285458593412232,,0.5893563823723517,0.6607387484797048
**********01,**********05,3,SS0000000042,템퍼링 1호_템퍼1존(4존),0.9481831225304894,0.1628562059208315,0.32454584977843093,0.279913701864009,,0.42269686689240904,0.4071178522659795
**********01,**********05,9,SS0000000023,템퍼링 2호_템퍼1존(1존),0.5034465188952669,0.4374603127615705,0.9656094929131517,0.43687621099492013,,0.8298797314039794,0.8184406679001108
**********01,**********05,6,SS0000000034,템퍼링 2호_템퍼1존(2존),0.25151868963344903,0.9277737023051253,0.6246904805851474,0.27691119321753654,,0.4248974120213338,0.9362940783736735
**********01,**********05,6,SS0000000036,템퍼링 2호_템퍼1존(3존),0.9010314353695424,0.39446081240634256,0.18447257173574028,0.5456228067799929,,0.7295551585761189,0.8358407162000483
**********01,**********05,6,SS0000000024,템퍼링 2호_템퍼1존(4존),0.296974169118843,0.6689200847069005,0.11318638913839507,0.041607993289109246,,0.7595980921562855,0.6251924322784591
**********01,**********05,3,SS0000000048,템퍼링 2호_템퍼1존(5존),0.48249803626320653,0.4145084062360992,0.5169808252062973,0.3467514400747278,,0.24040366104086397,0.5200089935386506
**********01,**********05,3,SS0000000020,템퍼링 2호_템퍼1존(6존),0.9329572854773074,0.9150847858279659,0.15726101050062302,0.7779280596905682,,0.7747738675939211,0.6952971525536688
**********01,**********05,6,SS0000000016,템퍼링 3호_템퍼1존(1존),0.5148186152298262,0.7051531411831056,0.1660835923013506,0.15528697437295402,,0.7748370305158656,0.9451671681901261
**********01,**********05,6,SS0000000019,템퍼링 3호_템퍼1존(2존),0.6311465970996868,0.126785957491506,0.42234891265252517,0.6182841992336198,,0.9701655379234243,0.5653818629223423
**********01,**********05,6,SS0000000009,템퍼링 3호_템퍼1존(3존),0.38118553827897284,0.21315626411575117,0.215709143867725,0.052786606036762884,,0.31036842597084724,0.6021912055242303
**********01,**********05,3,SS0000000009,템퍼링 4호_템퍼1존(1존),0.667715957519979,0.21738180706192778,0.5754013176071645,0.6894273095789846,,0.21034265945350583,0.9070049850126075
**********01,**********05,3,SS0000000026,템퍼링 4호_템퍼1존(2존),0.7708908241338787,0.3601746085139288,0.30553655566486193,0.13526335066349426,,0.4955682474894173,0.8490533451640183
**********01,**********05,9,SS0000000040,템퍼링 4호_템퍼1존(3존),0.7300521823938401,0.19316630385264555,0.07597572447068279,0.06365697286853622,,0.6660171797290542,0.719688996467584
**********01,**********05,9,SS0000000047,템퍼링 4호_템퍼1존(4존),0.2564807613704204,0.4197166325883911,0.7150527542472104,0.6584563681967358,,0.9437777196055942,0.5302052515217937
**********01,**********05,6,SS0000000018,템퍼링 4호_템퍼1존(5존),0.37041755496114404,0.880794142160084,0.7130708705504302,0.4936509666130713,,0.587922971742789,0.1866397979738149
**********01,**********05,3,SS0000000038,템퍼링 4호_템퍼1존(6존),0.18736028702355545,0.23521896000368703,0.13038602181669912,0.07171471257156381,,0.7546727700163827,0.17432691801014633
**********01,**********05,3,SS0000000029,템퍼링 1호_템퍼1존(1존),0.5195066815579258,0.21541131372500777,0.7428884442579444,0.01924079565932768,,0.9157732612452917,0.0977886157068496
**********01,**********05,3,SS0000000030,템퍼링 1호_템퍼1존(2존),0.3558477131981914,0.8768998210469895,0.6031336120788139,0.10472454852952462,,0.4405066949252259,0.7122227263590034
**********01,**********05,9,SS0000000043,템퍼링 1호_템퍼1존(3존),0.4159772320242644,0.6757896587968802,0.17002868623855039,0.5252785285120918,,0.6018042874043722,0.1719950591155318
**********01,**********05,9,SS0000000012,템퍼링 1호_템퍼1존(4존),0.008041705085496398,0.2683142943396519,0.6646097989467371,0.9201552441101288,,0.009883301265393052,0.7130213755911627
**********01,**********05,9,SS0000000021,템퍼링 2호_템퍼1존(1존),0.24608755320358056,0.2547220384989872,0.5784458793642885,0.0027381570234263908,,0.17688868800187885,0.3810422403305178
**********01,**********05,6,SS0000000023,템퍼링 2호_템퍼1존(2존),0.5124509321766174,0.4058252071263656,0.44871295500572284,0.46046565802339934,,0.3553234908448759,0.42959247121949296
**********01,**********05,3,SS0000000013,템퍼링 2호_템퍼1존(3존),0.8390907746624057,0.2677407408203931,0.07574828212497231,0.3243529675373297,,0.026769030407457817,0.5630597797945877
**********01,**********05,6,SS0000000001,템퍼링 2호_템퍼1존(4존),0.5599573360002111,0.7573053316394281,0.8048289246249961,0.4041955425474887,,0.2641594995031481,0.0615030114695827
**********01,**********05,6,SS0000000006,템퍼링 2호_템퍼1존(5존),0.5042583535338256,0.9261019079143813,0.5653402255409626,0.5015757054411514,,0.45684877278324354,0.9256553575287794
**********01,**********05,3,SS0000000030,템퍼링 2호_템퍼1존(6존),0.853664609570102,0.8524076618864407,0.9347139013968846,0.04261221818271543,,0.00343791037285468,0.3807249297968732
**********01,**********05,3,SS0000000034,템퍼링 3호_템퍼1존(1존),0.41871969962195654,0.008255529667565265,0.949503444811131,0.5504242051424413,,0.5771183373486367,0.2529346150632642
**********01,**********05,9,SS0000000041,템퍼링 3호_템퍼1존(2존),0.7824037998923461,0.2496076288957595,0.23397029406822012,0.9519234148503035,,0.7374222265291573,0.6968131029769112
**********01,**********05,3,SS0000000007,템퍼링 3호_템퍼1존(3존),0.5436630708437256,0.2579891013296848,0.7941186565820889,0.4168266743539516,,0.14341823915957852,0.17751224792314324
**********01,**********05,6,SS0000000008,템퍼링 4호_템퍼1존(1존),0.3693855351447033,0.45303416709660793,0.4540691240761522,0.3077090035884211,,0.2559147828429348,0.6414436652390616
**********01,**********05,9,SS0000000029,템퍼링 4호_템퍼1존(2존),0.5492410800600118,0.2897814952707126,0.8758855891709516,0.21367221099651101,,0.5460014941372922,0.6157228860432533
**********01,**********05,6,SS0000000037,템퍼링 4호_템퍼1존(3존),0.018690397299759298,0.812545238809838,0.5133570276146455,0.4624675740472778,,0.057195441170879935,0.48975842300360717
**********01,**********05,9,SS0000000041,템퍼링 4호_템퍼1존(4존),0.40822363481356927,0.8905139954897316,0.7313184888790014,0.31555184814533777,,0.352413823182372,0.16524494973587045
**********01,**********05,6,SS0000000014,템퍼링 4호_템퍼1존(5존),0.4079891308190454,0.3210266302386259,0.5305600964742435,0.7731666327834732,,0.5202566973170667,0.9457306230917775
**********01,**********05,3,SS0000000027,템퍼링 4호_템퍼1존(6존),0.9295983517555918,0.9812467756780557,0.017105722639190968,0.8672780445194406,,0.21343710224099866,0.9645076395518337
**********01,**********05,6,SS0000000015,템퍼링 1호_템퍼1존(1존),0.7531666441525695,0.008824361772948097,0.8275627607408829,0.11950297647220087,,0.3746469415656858,0.5073249964243222
**********01,**********05,6,SS0000000009,템퍼링 1호_템퍼1존(2존),0.46228422094585053,0.3165022066173846,0.35594453084818434,0.8849005465389992,,0.16392227222162514,0.41634417055979134
**********01,**********05,9,SS0000000011,템퍼링 1호_템퍼1존(3존),0.4509019886721377,0.7909935395883153,0.6618913563641381,0.3347273587348887,,0.06051986232230677,0.877744098390575
**********01,**********05,3,SS0000000004,템퍼링 1호_템퍼1존(4존),0.9138393617547227,0.21376445716889692,0.4913006543941525,0.845138989002463,,0.10707983914006636,0.39520875729002214
**********01,**********05,9,SS0000000046,템퍼링 2호_템퍼1존(1존),0.32349956854138073,0.6987355067915495,0.6351069033090192,0.0846724950140667,,0.7814497875644946,0.6419265247861344
**********01,**********05,9,SS0000000021,템퍼링 2호_템퍼1존(2존),0.17202531428649115,0.9565343166911235,0.6520863841069526,0.22529390015199335,,0.6181523501544355,0.22209277622222012
**********01,**********05,9,SS0000000026,템퍼링 2호_템퍼1존(3존),0.975548945984551,0.9454396185809901,0.1575876098375093,0.9033159729640711,,0.5400253818096548,0.1108772192335884
**********01,**********05,6,SS0000000047,템퍼링 2호_템퍼1존(4존),0.8772961477210448,0.5889984123741762,0.47728693561431823,0.32596680710776194,,0.16013809297081882,0.07820912123406054
**********01,**********05,6,SS0000000001,템퍼링 2호_템퍼1존(5존),0.7719410182420314,0.7110829565429037,0.19475597310807058,0.4504367900900036,,0.15073931546072417,0.22908661025207244
**********01,**********05,3,SS0000000047,템퍼링 2호_템퍼1존(6존),0.3362951691886722,0.8405281993201766,0.22717275735625075,0.6466642320499473,,0.6012030087559864,0.640633350644875
**********01,**********05,9,SS0000000016,템퍼링 3호_템퍼1존(1존),0.7186660111780392,0.9744493685771746,0.8148343643277862,0.8089335199427007,,0.4083853379856922,0.44916407089299015
**********01,**********05,9,SS0000000007,템퍼링 3호_템퍼1존(2존),0.1457534490365282,0.7561113645391682,0.486239894260183,0.2339392921190211,,0.200213192872579,0.2208700872631707
**********01,**********05,3,SS0000000021,템퍼링 3호_템퍼1존(3존),0.8208357429426985,0.6106383194839278,0.010034265072611404,0.4225185956788302,,0.14510719777293268,0.6446784261926157
**********01,**********05,3,SS0000000020,템퍼링 4호_템퍼1존(1존),0.03387176387019519,0.029095683191230792,0.3955750474014408,0.9711113711924001,,0.8512958189836504,0.6086501238955483
**********01,**********05,3,SS0000000020,템퍼링 4호_템퍼1존(2존),0.3937310914246268,0.4460966383299194,0.8729906513642901,0.546729009500523,,0.6261428741066852,0.4987156573657322
**********01,**********05,9,SS0000000049,템퍼링 4호_템퍼1존(3존),0.34568812180129105,0.13473512211881478,0.6665138488128324,0.035828216235330945,,0.28550876195786257,0.9815895550053061
**********01,**********05,6,SS0000000025,템퍼링 4호_템퍼1존(4존),0.67745730437416,0.17811526903679165,0.8702552447918385,0.06028206627568411,,0.17508686064749457,0.40616312216458783
**********01,**********05,3,SS0000000017,템퍼링 4호_템퍼1존(5존),0.3697654436142652,0.4996674151337859,0.9012477907879718,0.4261971919145662,,0.5179370936872228,0.7135096294405179
**********01,**********05,9,SS0000000039,템퍼링 4호_템퍼1존(6존),0.39532049439389627,0.5770054985839934,0.8529859996200654,0.19551276946001017,,0.3324433635477173,0.3711987975931388
**********01,**********05,6,SS0000000049,템퍼링 1호_템퍼1존(1존),0.0683215786309126,0.2761436193371132,0.4731988774338085,0.28588351722185135,,0.19408577589785092,0.7208568237210201
**********01,**********05,9,SS0000000013,템퍼링 1호_템퍼1존(2존),0.5001999110620842,0.7382134411163477,0.7808679002820462,0.9721096341335212,,0.6573963285519537,0.14468160043150546
**********01,**********05,9,SS0000000040,템퍼링 1호_템퍼1존(3존),0.25608101221691726,0.19218339604510037,0.678787033596077,0.12354888484186954,,0.2052648872839431,0.8325524967508676
**********01,**********05,6,SS0000000028,템퍼링 1호_템퍼1존(4존),0.18338732949412007,0.8925580541369744,0.8115071071666677,0.23633244385481156,,0.22056312081863583,0.39822932695126356
**********01,**********05,9,SS0000000012,템퍼링 2호_템퍼1존(1존),0.9374184750936956,0.6627154066038748,0.9958478179264352,0.9520442138746937,,0.38946361136392804,0.4847497556249206
**********01,**********05,3,SS0000000006,템퍼링 2호_템퍼1존(2존),0.5617287689755096,0.8677109289475595,0.008974160408535159,0.05391045215611168,,0.6303909275465629,0.2752476485780391
**********01,**********05,6,SS0000000003,템퍼링 2호_템퍼1존(3존),0.7691714849687996,0.10989782887105393,0.3038081165201001,0.8273989883367744,,0.2711771388390999,0.049553223791312884
**********01,**********05,3,SS0000000042,템퍼링 2호_템퍼1존(4존),0.17940223411905554,0.3923307371857401,0.6433991035769361,0.4426946624932755,,0.5838389745004771,0.7021700249493559
**********01,**********05,3,SS0000000013,템퍼링 2호_템퍼1존(5존),0.1532113945034944,0.21639084966369804,0.23656820185967264,0.6160037336160508,,0.36971019818269957,0.15862982646522283
**********01,**********05,9,SS0000000029,템퍼링 2호_템퍼1존(6존),0.1777969731022241,0.9483151974519382,0.7995904045385438,0.7556210011518607,,0.17171679429161468,0.5426023136220027
**********01,**********05,9,SS0000000021,템퍼링 3호_템퍼1존(1존),0.13555912761637345,0.5280644565592134,0.3540983149390329,0.2883911553768781,,0.7712637491118057,0.08154380001043593
**********01,**********05,6,SS0000000009,템퍼링 3호_템퍼1존(2존),0.43756659063201586,0.9415058903349772,0.7901265593631931,0.5921936344831136,,0.15058577411315288,0.031236555795734255
**********01,**********05,6,SS0000000037,템퍼링 3호_템퍼1존(3존),0.5153518287230283,0.14633071094740924,0.867655924686539,0.3404203653361597,,0.8851163481847535,0.1657325117710533
**********01,**********05,9,SS0000000043,템퍼링 4호_템퍼1존(1존),0.43203593066203794,0.2784449631923057,0.9291851944870742,0.9479685795032917,,0.2242726294832207,0.22794230122386472
**********01,**********05,9,SS0000000010,템퍼링 4호_템퍼1존(2존),0.9306653972603114,0.2830332146456386,0.013988332053902819,0.2462016042609324,,0.9844511315792506,0.22471305412957854
**********01,**********05,9,SS0000000039,템퍼링 4호_템퍼1존(3존),0.40024340896208943,0.534227359170326,0.16029322865358653,0.7110444899498164,,0.7888876513952625,0.39123590836602806
**********01,**********05,3,SS0000000035,템퍼링 4호_템퍼1존(4존),0.26703183342834913,0.6985119821112094,0.4508368034608926,0.9743920323853777,,0.02622734755892009,0.4078809068208741
**********01,**********05,6,SS0000000009,템퍼링 4호_템퍼1존(5존),0.6489672746927049,0.36202058797925885,0.06683826430268769,0.24485123192429437,,0.5164206587652264,0.723558100852915
**********01,**********05,3,SS0000000038,템퍼링 4호_템퍼1존(6존),0.6505432948775289,0.9211499282589715,0.36624826776777963,0.47991059437411143,,0.8505789558403201,0.47094099431962433
**********01,**********05,3,SS0000000009,템퍼링 1호_템퍼1존(1존),0.5667998819088805,0.30067858888131027,0.26489825197676575,0.1521343232059693,,0.5936675981005868,0.5143930946354379
**********01,**********05,3,SS0000000023,템퍼링 1호_템퍼1존(2존),0.43992745680463796,0.7862009518634125,0.052787046619490074,0.0905203750060114,,0.716502529320407,0.6654201553046377
**********01,**********05,6,SS0000000047,템퍼링 1호_템퍼1존(3존),0.9150957916829164,0.7181851088890233,0.9434606366405526,0.1953355039189515,,0.11646365136633219,0.3677455132504509
**********01,**********05,3,SS0000000020,템퍼링 1호_템퍼1존(4존),0.5248527452826817,0.6761490961034426,0.5092089123868457,0.8685810069760017,,0.9040495056214826,0.20025246360239424
**********01,**********05,9,SS0000000046,템퍼링 2호_템퍼1존(1존),0.34101424890479604,0.2325258710008179,0.15690160409914988,0.8806178652819854,,0.25172042266802264,0.7720237823964606
**********01,**********05,9,SS0000000043,템퍼링 2호_템퍼1존(2존),0.8114696896836303,0.23829573754365851,0.05339039215671837,0.9089748691152383,,0.5160405472551349,0.8743690168217166
**********01,**********05,3,SS0000000016,템퍼링 2호_템퍼1존(3존),0.9024616631156521,0.8441495186841835,0.4634060930396624,0.8808578597138773,,0.5105952327640275,0.4217241523551285
**********01,**********05,9,SS0000000037,템퍼링 2호_템퍼1존(4존),0.6608006935896705,0.060439929832598716,0.6154835125694034,0.7436845532784399,,0.24988592216534034,0.440471871276117
**********01,**********05,9,SS0000000035,템퍼링 2호_템퍼1존(5존),0.36727384162455656,0.5567571999433103,0.745571971960678,0.9407211120276734,,0.9411126808670462,0.7174035039667979
**********01,**********05,9,SS0000000035,템퍼링 2호_템퍼1존(6존),0.7938640844425933,0.3494743808206424,0.3122183295166231,0.6913591349211595,,0.7816303212777941,0.14182670872231007
**********01,**********05,6,SS0000000019,템퍼링 3호_템퍼1존(1존),0.6948562272137573,0.5933791769900313,0.5558636681621969,0.897815308799921,,0.6686263221786082,0.8604065987440987
**********01,**********05,6,SS0000000034,템퍼링 3호_템퍼1존(2존),0.42017769481107015,0.08171960396526157,0.8782840782389044,0.5828116472415265,,0.8506315721184545,0.6247552449591652
**********01,**********05,3,SS0000000024,템퍼링 3호_템퍼1존(3존),0.5285048880814001,0.5423631678161009,0.7869145725515834,0.3791301380820654,,0.6628300187516953,0.4961570160347728
**********01,**********05,3,SS0000000034,템퍼링 4호_템퍼1존(1존),0.823429285687274,0.9774480908639532,0.05448196169720687,0.5281402056301424,,0.4472093873327566,0.27010358336184714
**********01,**********05,3,SS0000000028,템퍼링 4호_템퍼1존(2존),0.8872749814917439,0.2708700270022254,0.13440874075688036,0.38624492036487146,,0.1703963472868092,0.7796023516638703
**********01,**********05,9,SS0000000013,템퍼링 4호_템퍼1존(3존),0.40756587032894465,0.045616332638584,0.2608383187934118,0.32402353875231515,,0.14436676979699326,0.6825813186729222
**********01,**********05,9,SS0000000039,템퍼링 4호_템퍼1존(4존),0.8860444214772397,0.0004878888347671362,0.4539553274763395,0.85347893835296,,0.044730251758212436,0.11528263545527428
**********01,**********05,6,SS0000000022,템퍼링 4호_템퍼1존(5존),0.09643779614282333,0.3485155570724501,0.7588510252448609,0.02132966912865575,,0.8173721060921222,0.35991454305502624
**********01,**********05,3,SS0000000034,템퍼링 4호_템퍼1존(6존),0.24416794235924066,0.8071295509835981,0.25898434570248263,0.22181274534731898,,0.3200638644477174,0.8823151099431015
**********01,**********05,6,SS0000000044,템퍼링 1호_템퍼1존(1존),0.6932751115930799,0.18498525303954594,0.4592161028306051,0.16247482842493166,,0.652018988935381,0.13474868385818672
**********01,**********05,6,SS0000000023,템퍼링 1호_템퍼1존(2존),0.22703554032778495,0.8937070008889144,0.5117446233486034,0.6332833702428652,,0.6372598492718232,0.6513775405055382
**********01,**********05,3,SS0000000037,템퍼링 1호_템퍼1존(3존),0.8578077657381203,0.46758718097848606,0.6969833962580816,0.47673684707892283,,0.1395975647073564,0.37780577780999725
**********01,**********05,6,SS0000000015,템퍼링 1호_템퍼1존(4존),0.5200951116174577,0.2827994693052901,0.6767998084995577,0.4404227159251217,,0.9626073330904554,0.6129814238730242
**********01,**********05,9,SS0000000037,템퍼링 2호_템퍼1존(1존),0.3281427561437211,0.4842635194933961,0.5600698471093866,0.8155299187329141,,0.5674671222800167,0.877495772370128
**********01,**********05,6,SS0000000026,템퍼링 2호_템퍼1존(2존),0.8645423948182239,0.8487959474449421,0.24556173259404046,0.0590689295096446,,0.600694776670351,0.29396745714480765
**********01,**********05,6,SS0000000042,템퍼링 2호_템퍼1존(3존),0.6638019203451572,0.5744545678801815,0.8016229102512752,0.643204872621722,,0.22822105277063298,0.5369792300561674
**********01,**********05,9,SS0000000044,템퍼링 2호_템퍼1존(4존),0.7952604306825524,0.533023956817043,0.7558978995250653,0.27031902421711174,,0.8943863459374749,0.8851171127343764
**********01,**********05,6,SS0000000044,템퍼링 2호_템퍼1존(5존),0.9371497172715252,0.9401558074940315,0.9111785466700015,0.9315711836446309,,0.4003051246498195,0.2448582383850404
**********01,**********05,6,SS0000000038,템퍼링 2호_템퍼1존(6존),0.15237330361982793,0.21596558108351616,0.6793738993438332,0.3008758502330373,,0.2682527057561481,0.15897425539025056
**********01,**********05,6,SS0000000027,템퍼링 3호_템퍼1존(1존),0.9119020610370545,0.8702478286063051,0.8453180874486884,0.8950913189434315,,0.709044945157011,0.9246119408766714
**********01,**********05,9,SS0000000029,템퍼링 3호_템퍼1존(2존),0.33966332200299854,0.5515774166127371,0.3229563095987792,0.9234733602072869,,0.012583544950165226,0.21052517509174706
**********01,**********05,6,SS0000000030,템퍼링 3호_템퍼1존(3존),0.36371985621215297,0.20586306929176723,0.651375481279141,0.12847139138161223,,0.6116814398285466,0.4887392398466879
**********01,**********05,9,SS0000000027,템퍼링 4호_템퍼1존(1존),0.41485490591842256,0.6979201556435896,0.6359433475255111,0.8555367704762533,,0.3367809950013183,0.14006387132322295
**********01,**********05,9,SS0000000034,템퍼링 4호_템퍼1존(2존),0.26512320997158634,0.26255553667460574,0.8064547080993031,0.7641328083606226,,0.8061521394542874,0.23277861324284133
**********01,**********05,3,SS0000000049,템퍼링 4호_템퍼1존(3존),0.3372888188174322,0.7099275025032181,0.8800236576400867,0.6167842354999784,,0.10609021594440649,0.2524328056071915
**********01,**********05,6,SS0000000048,템퍼링 4호_템퍼1존(4존),0.14414752135405806,0.6236609956998225,0.8450132837374019,0.3325283757663985,,0.8719925245966662,0.4169362125220446
**********01,**********05,3,SS0000000003,템퍼링 4호_템퍼1존(5존),0.49868880520961556,0.08649398760539884,0.8994035219086197,0.4099996141686859,,0.5014725301965623,0.5869478618592279
**********01,**********05,6,SS0000000045,템퍼링 4호_템퍼1존(6존),0.37791068839646147,0.325449354765345,0.8327225670043734,0.61239436389107,,0.3132887069656013,0.31363713827480055
**********01,**********05,9,SS0000000024,템퍼링 1호_템퍼1존(1존),0.43429473112995476,0.8800365498869346,0.746451154237011,0.4265438583044576,,0.7599815438941802,0.604878538278557
**********01,**********05,9,SS0000000006,템퍼링 1호_템퍼1존(2존),0.8452429864601272,0.3533665497312166,0.5669524855957093,0.12860898185769654,,0.009815707018030806,0.6805783386328649
**********01,**********05,3,SS0000000026,템퍼링 1호_템퍼1존(3존),0.8399732378902893,0.4943543426972632,0.026203167039013153,0.28929075062575715,,0.30565407927748334,0.6337501283913408
**********01,**********05,6,SS0000000040,템퍼링 1호_템퍼1존(4존),0.5546749968847066,0.3952057498885231,0.7062738101817426,0.2846436481599697,,0.801033520745679,0.2599385587797841
**********01,**********05,6,SS0000000006,템퍼링 2호_템퍼1존(1존),0.4383588192012732,0.40494260418467976,0.6314797094805498,0.6795348570628217,,0.9921170372428135,0.2959928366799375
**********01,**********05,3,SS0000000019,템퍼링 2호_템퍼1존(2존),0.34814926242110966,0.6098187240600706,0.7445050643731782,0.0023844906456672588,,0.8772854166367215,0.8136359799270896
**********01,**********05,3,SS0000000041,템퍼링 2호_템퍼1존(3존),0.5597740101222837,0.25339446580937186,0.3020569548182289,0.7029167975578401,,0.5717559715953604,0.6567442872103945
**********01,**********05,6,SS0000000044,템퍼링 2호_템퍼1존(4존),0.2602507391355593,0.6896482377435589,0.03786486351620666,0.6276360367076212,,0.1745813363231966,0.5654081866303451
**********01,**********05,9,SS0000000003,템퍼링 2호_템퍼1존(5존),0.2833407696423117,0.07428869712671138,0.9259546916562851,0.7114215668156956,,0.4686900067727976,0.1107841071545621
**********01,**********05,9,SS0000000012,템퍼링 2호_템퍼1존(6존),0.24314096647208194,0.3352053945535457,0.28879364114512773,0.3576075470129959,,0.10561176376025272,0.5246738804061861
**********01,**********05,3,SS0000000002,템퍼링 3호_템퍼1존(1존),0.9404535583684657,0.923859479455692,0.39393705015636293,0.7151812120161489,,0.017907541868242283,0.018122084012235473
**********01,**********05,6,SS0000000017,템퍼링 3호_템퍼1존(2존),0.6622952118938203,0.8807926731134968,0.7070675239709358,0.7390990010767892,,0.8190895936050271,0.6488044653869044
**********01,**********05,6,SS0000000023,템퍼링 3호_템퍼1존(3존),0.12751328891859914,0.3030039450833394,0.9030644676373129,0.1827234596640136,,0.5073606365512787,0.0017873885498025377
**********01,**********05,3,SS0000000044,템퍼링 4호_템퍼1존(1존),0.8459506726953349,0.8564745168520811,0.4017271834866367,0.4873694665921461,,0.503958453573561,0.09793083835498106
**********01,**********05,9,SS0000000030,템퍼링 4호_템퍼1존(2존),0.9267875158581166,0.18618661760625477,0.46564799668296764,0.9272919289669449,,0.7063349496273154,0.17930511459517107
**********01,**********05,9,SS0000000026,템퍼링 4호_템퍼1존(3존),0.9943185793827861,0.07390870966002039,0.6074240636887235,0.8258775655086342,,0.41909029146813626,0.21670605559538547
**********01,**********05,3,SS0000000050,템퍼링 4호_템퍼1존(4존),0.6135692448749375,0.6391884854673971,0.8982191681720781,0.053556160528143715,,0.40133122284721656,0.03211535354628792
**********01,**********05,9,SS0000000007,템퍼링 4호_템퍼1존(5존),0.39113819501824765,0.8404709520948476,0.23326839633207996,0.25887898224036887,,0.5698510691780363,0.503463703604129
**********01,**********05,6,SS0000000050,템퍼링 4호_템퍼1존(6존),0.9017481674018759,0.2532498077816445,0.2598140298176541,0.17253451948864174,,0.5823248685936477,0.7892127654747141
**********01,**********05,6,SS0000000033,템퍼링 1호_템퍼1존(1존),0.8345543438646422,0.41398504507415257,0.3868079557870029,0.3110001729769861,,0.9794827748421535,0.4044498204601732
**********01,**********05,6,SS0000000012,템퍼링 1호_템퍼1존(2존),0.9861112375463741,0.0009987858940145866,0.5465491901618996,0.06788828886309761,,0.5091207261608882,0.9212629094274681
**********01,**********05,6,SS0000000040,템퍼링 1호_템퍼1존(3존),0.03184674403054899,0.49155159060358555,0.16018453370608532,0.19886092096725938,,0.1361174301723418,0.3455255648710652
**********01,**********05,6,SS0000000021,템퍼링 1호_템퍼1존(4존),0.6320965873369363,0.7994742350798287,0.6880369688346673,0.11524666242250514,,0.626994116109945,0.007525159211803745
**********01,**********05,3,SS0000000034,템퍼링 2호_템퍼1존(1존),0.7228138220951111,0.06980440868602578,0.5982778409744324,0.6245040836454175,,0.20411057805959032,0.6228763178475
**********01,**********05,9,SS0000000005,템퍼링 2호_템퍼1존(2존),0.5771397528197029,0.5290247803822947,0.006873812016586434,0.29732397289977486,,0.4908271222986933,0.5368581876471745
**********01,**********05,3,SS0000000038,템퍼링 2호_템퍼1존(3존),0.03146738844309094,0.814191862191672,0.5625556909666559,0.08279696348011034,,0.30660373075594394,0.12307164113430369
**********01,**********05,9,SS0000000008,템퍼링 2호_템퍼1존(4존),0.2784576009146974,0.9232768640583268,0.12084490595553121,0.5258742729603999,,0.04044219328624932,0.9975388243944288
**********01,**********05,9,SS0000000032,템퍼링 2호_템퍼1존(5존),0.9173979304060808,0.6786478409512144,0.2093294395662565,0.1193239604955284,,0.5776682064377773,0.67190132960217
**********01,**********05,3,SS0000000010,템퍼링 2호_템퍼1존(6존),0.5506209025578284,0.5597702531049389,0.424686272109599,0.3387923754643155,,0.14646445315729906,0.34880560168898034
**********01,**********05,3,SS0000000047,템퍼링 3호_템퍼1존(1존),0.631522239267255,0.015362594388654283,0.8476003016819416,0.42283962773021966,,0.8952281274128784,0.7791633926716071
**********01,**********05,6,SS0000000027,템퍼링 3호_템퍼1존(2존),0.7255060699072935,0.4535180522337967,0.15193365974874673,0.5530312445594647,,0.0005998463702002743,0.8450236784730542
**********01,**********05,9,SS0000000046,템퍼링 3호_템퍼1존(3존),0.07837460207414848,0.14416332529463172,0.41595318292140193,0.7420989125705094,,0.6878792688688747,0.6677315959000536
**********01,**********05,3,SS0000000015,템퍼링 4호_템퍼1존(1존),0.5907614166008334,0.3804982285981213,0.16097815082739353,0.2926674067877535,,0.11839862541898027,0.91080037160484
**********01,**********05,6,SS0000000042,템퍼링 4호_템퍼1존(2존),0.6249220630680141,0.5592764572466936,0.9518355230581821,0.42510850138752687,,0.9722600033879281,0.7198130505320391
**********01,**********05,3,SS0000000017,템퍼링 4호_템퍼1존(3존),0.9086319646286058,0.5435527750409749,0.3336011904768922,0.3020840680760404,,0.025067368522518563,0.17792131746294337
**********01,**********05,9,SS0000000022,템퍼링 4호_템퍼1존(4존),0.6857169764481167,0.730878634890329,0.8374391710202462,0.7349914788012006,,0.9991064373780393,0.5717448935730755
**********01,**********05,9,SS0000000020,템퍼링 4호_템퍼1존(5존),0.11967217826859122,0.8305024203127939,0.20278270723723546,0.025399261543066598,,0.8532342674422162,0.28321653479580977
**********01,**********05,6,SS0000000001,템퍼링 4호_템퍼1존(6존),0.037591841382587754,0.3860005365407906,0.4579455679187501,0.7398664985328096,,0.19073859754906752,0.9764561299214041
**********01,**********05,3,SS0000000004,템퍼링 1호_템퍼1존(1존),0.8998074140685546,0.01971450775226724,0.20669586081151636,0.6937256455911378,,0.8391597690455089,0.2957668410296248
**********01,**********05,3,SS0000000019,템퍼링 1호_템퍼1존(2존),0.30746700770466295,0.5001731501970114,0.7497577447148717,0.9134659310330336,,0.8990063978413012,0.06340546674848557
**********01,**********05,6,SS0000000031,템퍼링 1호_템퍼1존(3존),0.008081443901750696,0.03451072176126957,0.0610706818089648,0.18944235408432109,,0.31254323388550787,0.19629308555041125
**********01,**********05,9,SS0000000032,템퍼링 1호_템퍼1존(4존),0.8898238953533455,0.4240093326634411,0.2409077251571713,0.41399373588065647,,0.8751579018462403,0.4194354072368438
**********01,**********05,9,SS0000000021,템퍼링 2호_템퍼1존(1존),0.9818750570299762,0.19139828407324322,0.8788528480872225,0.44192455424925947,,0.017525936073550463,0.43364349230094346
**********01,**********05,6,SS0000000034,템퍼링 2호_템퍼1존(2존),0.2992370834413284,0.5852917872329885,0.23724054535294914,0.32999935514495626,,0.18553476998881013,0.7850482687499502
**********01,**********05,6,SS0000000016,템퍼링 2호_템퍼1존(3존),0.8390848378717051,0.8465066660260373,0.22760822272932346,0.4048084350158345,,0.9776981836058005,0.44574878988356015
**********01,**********05,3,SS0000000025,템퍼링 2호_템퍼1존(4존),0.9987649421202964,0.4544054366650132,0.9444941263337093,0.5217803791164937,,0.1968954702402892,0.14131997195654122
**********01,**********05,9,SS0000000024,템퍼링 2호_템퍼1존(5존),0.31017399447431093,0.25111392658912357,0.5645353670614601,0.0786494562854323,,0.4803254925219098,0.5359074949315883
**********01,**********05,3,SS0000000044,템퍼링 2호_템퍼1존(6존),0.9925808658077369,0.18627015610482345,0.28527690731890565,0.22306870047815097,,0.7219504534720776,0.4004535614864486
**********01,**********05,3,SS0000000037,템퍼링 3호_템퍼1존(1존),0.6592655547291076,0.1401518295245996,0.9230696521285902,0.5065994238497241,,0.1023567717486068,0.3598278792310766
**********01,**********05,9,SS0000000045,템퍼링 3호_템퍼1존(2존),0.2614490424888706,0.774072304231635,0.4100520239486327,0.9515949921032842,,0.8420379495100706,0.8556908645237461
**********01,**********05,6,SS0000000046,템퍼링 3호_템퍼1존(3존),0.9962543060770224,0.9012319979832277,0.9798644651167248,0.34295059026672636,,0.4752273571885839,0.06726455874744097
**********01,**********05,9,SS0000000016,템퍼링 4호_템퍼1존(1존),0.7650304641404665,0.8117073082740045,0.30532146176017083,0.22656509596783692,,0.8887120516101867,0.996013471312893
**********01,**********05,9,SS0000000007,템퍼링 4호_템퍼1존(2존),0.03125559108311893,0.3388914654968862,0.39948499400318105,0.2603514401247984,,0.5810115478933205,0.08225839503804955
**********01,**********05,9,SS0000000022,템퍼링 4호_템퍼1존(3존),0.8118339813816882,0.7248039637429493,0.28775244837835245,0.49751541694277546,,0.24114055730992845,0.2891179771809893
**********01,**********05,6,SS0000000044,템퍼링 4호_템퍼1존(4존),0.8438728236114778,0.5818119781196803,0.42218599406097557,0.20357808172876812,,0.8398662446443791,0.7466440886211219
**********01,**********05,9,SS0000000045,템퍼링 4호_템퍼1존(5존),0.6970069835410441,0.8128966511736123,0.9535682501626268,0.5408326230783262,,0.9865367830186921,0.9432639281443715
**********01,**********05,3,SS0000000034,템퍼링 4호_템퍼1존(6존),0.9276301701040551,0.482940900956907,0.24565148360435252,0.15800842702100804,,0.42863165290807714,0.3607149994150476
**********01,**********05,3,SS0000000035,템퍼링 1호_템퍼1존(1존),0.908600205035473,0.5799681351689123,0.905945899119294,0.6486050434238754,,0.6345173913615462,0.32257862579805285
**********01,**********05,3,SS0000000022,템퍼링 1호_템퍼1존(2존),0.6375030017114928,0.15508203400818055,0.081876821025748,0.48937463247852897,,0.8100849080477434,0.9252657784438869
**********01,**********05,3,SS0000000001,템퍼링 1호_템퍼1존(3존),0.22401864864451515,0.3849434485741777,0.6393790284161122,0.974359132556289,,0.7891605057099017,0.47637842720702617
**********01,**********05,6,SS0000000050,템퍼링 1호_템퍼1존(4존),0.8199221882717261,0.5233748784231567,0.023998789726421665,0.9497037901387422,,0.8512261444229986,0.8614535636287604
**********01,**********05,3,SS0000000033,템퍼링 2호_템퍼1존(1존),0.5215995481467262,0.12024566489189659,0.5549345022468753,0.11584904725922474,,0.12321968535597172,0.46688208445344015
**********01,**********05,6,SS0000000039,템퍼링 2호_템퍼1존(2존),0.09254009804195074,0.8196209678609102,0.28450249913857995,0.5998613697759313,,0.28819517668602157,0.9526869952251199
**********01,**********05,3,SS0000000031,템퍼링 2호_템퍼1존(3존),0.27362485254447977,0.9275842995370333,0.394098106410246,0.9058611849275358,,0.503364782013779,0.38561169123379146
**********01,**********05,3,SS0000000037,템퍼링 2호_템퍼1존(4존),0.40517265284676285,0.1099868296396721,0.07612304969588657,0.5352880794111532,,0.7522602095116533,0.23468622433527953
**********01,**********05,6,SS0000000019,템퍼링 2호_템퍼1존(5존),0.08274460925120597,0.39243953527152164,0.3431925109153724,0.5988356479522082,,0.48172931356799376,0.7348423485992626
**********01,**********05,6,SS0000000023,템퍼링 2호_템퍼1존(6존),0.6052826330213578,0.02710181139673662,0.7438887153274811,0.6102067334463925,,0.9296041321837802,0.9825552551854007
**********01,**********05,9,SS0000000031,템퍼링 3호_템퍼1존(1존),0.6952897858145978,0.8051927142421184,0.9263396741180048,0.5237331386092487,,0.2106045770777003,0.7846183202276508
**********01,**********05,3,SS0000000006,템퍼링 3호_템퍼1존(2존),0.8392820408711523,0.5844474274583232,0.25739036962020667,0.3067470310778485,,0.3481581449224921,0.9216940365375215
**********01,**********05,6,SS0000000001,템퍼링 3호_템퍼1존(3존),0.9475080217139767,0.3928252933018396,0.10545804599178077,0.07953990343841211,,0.40628157008704713,0.49146145589807977
**********01,**********05,6,SS0000000016,템퍼링 4호_템퍼1존(1존),0.42901862258224577,0.26361327513540944,0.6900667193208719,0.8708528329786782,,0.42729163898499367,0.42295823681838796
**********01,**********05,6,SS0000000050,템퍼링 4호_템퍼1존(2존),0.716544478602765,0.00771071695795722,0.43863153301492197,0.27141651952046597,,0.6085590237073544,0.7684848788088438
**********01,**********05,6,SS0000000041,템퍼링 4호_템퍼1존(3존),0.19296200271971797,0.6368498008216883,0.3179702748492359,0.6294946008752396,,0.6862480344701573,0.521084790057443
**********01,**********05,6,SS0000000022,템퍼링 4호_템퍼1존(4존),0.8090139798802218,0.8745084418724555,0.7968467731876572,0.21187164606046927,,0.20913279080695257,0.6946150199754701
**********01,**********05,6,SS0000000037,템퍼링 4호_템퍼1존(5존),0.5147134335072081,0.2033527467293279,0.9618703829707498,0.9930092159423366,,0.05375097314847899,0.2769980375385529
**********01,**********05,6,SS0000000037,템퍼링 4호_템퍼1존(6존),0.09976139585267452,0.45058729835046696,0.9170545211655069,0.1810804637430491,,0.6699619356197181,0.32103395530298673
**********01,**********05,9,SS0000000016,템퍼링 1호_템퍼1존(1존),0.839804984725315,0.1417390886896528,0.7572938850487452,0.9214646646138478,,0.12362181630553504,0.395479161656185
**********01,**********05,6,SS0000000032,템퍼링 1호_템퍼1존(2존),0.04704070545339545,0.8527434778413383,0.33361879655640936,0.2286586553418719,,0.86754494623995,0.7548685236810019
**********01,**********05,3,SS0000000008,템퍼링 1호_템퍼1존(3존),0.8664448135136664,0.6400094386165437,0.24348760681751147,0.5609766028708056,,0.466084677070454,0.5644101099778353
**********01,**********05,6,SS0000000002,템퍼링 1호_템퍼1존(4존),0.27959700388639963,0.5673182672695873,0.1254246637315558,0.15662336764205176,,0.010532210329556313,0.8190721506902683
**********01,**********05,3,SS0000000017,템퍼링 2호_템퍼1존(1존),0.04552178577202237,0.7647144905756914,0.0003619833939120243,0.7080400140505054,,0.495701214986891,0.30933279714140527
**********01,**********05,9,SS0000000021,템퍼링 2호_템퍼1존(2존),0.22686037233116274,0.13577492761945598,0.8348354436975168,0.6861779118160709,,0.9428977819605776,0.011108610840693811
**********01,**********05,3,SS0000000008,템퍼링 2호_템퍼1존(3존),0.6658473332637236,0.7318972991275886,0.4057978610410826,0.12944207625268167,,0.3759129669437101,0.9323499286558325
**********01,**********05,9,SS0000000009,템퍼링 2호_템퍼1존(4존),0.2607977761335031,0.6431444299045062,0.031716698609426275,0.16264927945416008,,0.7089732268999718,0.4221540635860417
**********01,**********05,3,SS0000000016,템퍼링 2호_템퍼1존(5존),0.7929609024845636,0.6500787002768147,0.04909924874583782,0.6758748621049856,,0.9375588535245072,0.13954058444648332
**********01,**********05,6,SS0000000036,템퍼링 2호_템퍼1존(6존),0.553878813819363,0.6075474614648817,0.6521904471223466,0.6833989304889947,,0.2581340904062991,0.6748402171475196
**********01,**********05,9,SS0000000034,템퍼링 3호_템퍼1존(1존),0.6724158965762356,0.9436962520871746,0.6419025407814359,0.7853194121446008,,0.24576863260977122,0.1201841235509522
**********01,**********05,9,SS0000000048,템퍼링 3호_템퍼1존(2존),0.7228390945132899,0.8609215078074914,0.5920232580550623,0.4045950547053325,,0.9795041930735712,0.670975418514062
**********01,**********05,6,SS0000000007,템퍼링 3호_템퍼1존(3존),0.28448317002688606,0.6573263881562728,0.6130197874006672,0.6044864352885781,,0.6527982200222708,0.2877680735578403
**********01,**********05,6,SS0000000028,템퍼링 4호_템퍼1존(1존),0.19801532556108836,0.2810941959446065,0.8608243155007702,0.20342311712094063,,0.5412271496154819,0.4435309858461004
**********01,**********05,3,SS0000000002,템퍼링 4호_템퍼1존(2존),0.5880065364216363,0.3300249838174021,0.09489786556393331,0.8140424376287785,,0.14545739185036588,0.7215134879078946
**********01,**********05,6,SS0000000040,템퍼링 4호_템퍼1존(3존),0.22233363381686244,0.09375397913094297,0.22148071334165442,0.8509944225699251,,0.7751354838622582,0.9136927698905914
**********01,**********05,6,SS0000000042,템퍼링 4호_템퍼1존(4존),0.09774913200580859,0.1831930237524717,0.8820661260819405,0.7545616565763585,,0.5602993770074599,0.8689798944219465
**********01,**********05,9,SS0000000033,템퍼링 4호_템퍼1존(5존),0.19241853767314465,0.08211904917614044,0.29401603042722757,0.7495494149914597,,0.5486807143770227,0.3316660030896349
**********01,**********05,9,SS0000000044,템퍼링 4호_템퍼1존(6존),0.1362117501506599,0.9872468722345625,0.5274718277938196,0.07889793049771265,,0.525486377543714,0.009348421144521613
**********01,**********05,6,SS0000000001,템퍼링 1호_템퍼1존(1존),0.08587970683906132,0.2540534989266692,0.9114736337603137,0.7910187399341986,,0.6943744479649355,0.6494025648787162
**********01,**********05,6,SS0000000006,템퍼링 1호_템퍼1존(2존),0.33916864505201183,0.14655815027106822,0.2978848345444307,0.14069754492665554,,0.9895776069164189,0.8811991484985152
**********01,**********05,6,SS0000000026,템퍼링 1호_템퍼1존(3존),0.09216760716437278,0.9038486863289851,0.10994966592021438,0.22471954471623878,,0.05935167297503996,0.09766364618124634
**********01,**********05,3,SS0000000042,템퍼링 1호_템퍼1존(4존),0.6144137045756579,0.9678334504889308,0.30114182391570543,0.49442240727768616,,0.8467539419039068,0.8609041172476318
**********01,**********05,3,SS0000000031,템퍼링 2호_템퍼1존(1존),0.279115539597374,0.4944156336841371,0.518695468928163,0.6462381801312904,,0.06024575806584198,0.8835525081404669
**********01,**********05,6,SS0000000025,템퍼링 2호_템퍼1존(2존),0.1574424724664868,0.026301057837681663,0.5128436738414768,0.10039864322956227,,0.2925225994854669,0.22963352727233755
**********01,**********05,6,SS0000000031,템퍼링 2호_템퍼1존(3존),0.4114131250714307,0.5308502533017373,0.5769995887050116,0.0170194085959946,,0.6927383996827731,0.7695909576365801
**********01,**********05,6,SS0000000037,템퍼링 2호_템퍼1존(4존),0.6128992847247431,0.2784663681125801,0.6731536256380249,0.40680596459564156,,0.7481096863731748,0.45177024997186777
**********01,**********05,6,SS0000000006,템퍼링 2호_템퍼1존(5존),0.35495158346277356,0.5660202820003938,0.9954955784117563,0.34919370650175796,,0.7808758758196771,0.8052128243472323
**********01,**********05,6,SS0000000035,템퍼링 2호_템퍼1존(6존),0.5207351458653846,0.7458351555364271,0.014349103750852077,0.4395274031608559,,0.9254094260227993,0.4559132725736246
**********01,**********05,9,SS0000000035,템퍼링 3호_템퍼1존(1존),0.6627594493078653,0.7102222994879354,0.9659174356842973,0.8170120998308551,,0.68320366318241,0.4833512007867896
**********01,**********05,9,SS0000000027,템퍼링 3호_템퍼1존(2존),0.453515802221358,0.7925426689532343,0.871703440510857,0.19390907894176568,,0.638731478812052,0.685100597363372
**********01,**********05,6,SS0000000002,템퍼링 3호_템퍼1존(3존),0.3932020165057263,0.9556517694138623,0.1685590047937744,0.7938969606112565,,0.3801298210226265,0.19282697617549094
**********01,**********05,6,SS0000000043,템퍼링 4호_템퍼1존(1존),0.8541626713168188,0.7079622692646569,0.2586564838547444,0.7897697160869246,,0.5051916934537938,0.9250922014800189
**********01,**********05,9,SS0000000009,템퍼링 4호_템퍼1존(2존),0.3955169699094512,0.62181004312269,0.7703825323575648,0.8531258665866941,,0.8215720707408376,0.3910433106604472
**********01,**********05,6,SS0000000018,템퍼링 4호_템퍼1존(3존),0.7677982565505015,0.7544226964896459,0.3054145230236408,0.13344349330588767,,0.1924579115467493,0.30415275989776547
**********01,**********05,3,SS0000000041,템퍼링 4호_템퍼1존(4존),0.5865275578796945,0.35904105753037974,0.29708573177937103,0.06673142892054551,,0.5006391140383498,0.4078643546339765
**********01,**********05,9,SS0000000018,템퍼링 4호_템퍼1존(5존),0.8098529828011152,0.8494308589816986,0.48594311788259925,0.6749403232848904,,0.9087136967915161,0.7872953289857371
**********01,**********05,6,SS0000000006,템퍼링 4호_템퍼1존(6존),0.7543392688445429,0.20314406928536355,0.9449190987274037,0.41090415580463435,,0.6216540021267302,0.031323774899171486
**********01,**********05,3,SS0000000011,템퍼링 1호_템퍼1존(1존),0.9734763610112557,0.512154926718636,0.8443094154463098,0.9177959416376591,,0.5201362595375308,0.9939123543885938
**********01,**********05,6,SS0000000045,템퍼링 1호_템퍼1존(2존),0.24415532811303342,0.08467044063119877,0.644078597613358,0.9853237864747892,,0.04531453628732163,0.4302021253369277
**********01,**********05,6,SS0000000007,템퍼링 1호_템퍼1존(3존),0.5127515042269146,0.5043153287622496,0.796956207706227,0.7584562858837823,,0.6984714719367126,0.6321949315509676
**********01,**********05,9,SS0000000046,템퍼링 1호_템퍼1존(4존),0.12860692146925257,0.4360907409948287,0.3162018941840953,0.744809079599951,,0.004576243289505455,0.04364400309254046
**********01,**********05,6,SS0000000040,템퍼링 2호_템퍼1존(1존),0.5832328361164479,0.04409938694970439,0.3754421897682385,0.09852677730918602,,0.17067095685960787,0.9191507784166142
**********01,**********05,3,SS0000000018,템퍼링 2호_템퍼1존(2존),0.3002550009665247,0.7558843628332127,0.14835470555997643,0.17089870082872216,,0.623052092888535,0.470076616876116
**********01,**********05,3,SS0000000046,템퍼링 2호_템퍼1존(3존),0.04601232853829851,0.08350850514950148,0.843231909864989,0.2084867793037295,,0.5995815451878443,0.06319293736497644
**********01,**********05,6,SS0000000009,템퍼링 2호_템퍼1존(4존),0.3561091846739822,0.08166774835210999,0.9341159750472935,0.41559117496723075,,0.7571257717439158,0.67014543273308
**********01,**********05,3,SS0000000003,템퍼링 2호_템퍼1존(5존),0.1439524223635027,0.8635467243160535,0.48206254733564524,0.39890833138320003,,0.20230980024585332,0.35484749941063853
**********01,**********05,3,SS0000000024,템퍼링 2호_템퍼1존(6존),0.5026365368951964,0.5722933390594861,0.5072171918617107,0.053460315407542036,,0.2925141046819798,0.781975522968095
**********01,**********05,9,SS0000000035,템퍼링 3호_템퍼1존(1존),0.6144949677449141,0.791389355168701,0.6220718201328546,0.18407168378940042,,0.7401591596538623,0.9363203302966366
**********01,**********05,3,SS0000000040,템퍼링 3호_템퍼1존(2존),0.32459756453184285,0.991470362917929,0.4358191922079929,0.7284525233522382,,0.43155165146675134,0.9308848483220847
**********01,**********05,9,SS0000000023,템퍼링 3호_템퍼1존(3존),0.698813143446574,0.8052188732762166,0.4464683247680358,0.875638800657831,,0.11429342735391679,0.3280047621835328
**********01,**********05,3,SS0000000021,템퍼링 4호_템퍼1존(1존),0.41125272681112757,0.5210192726678892,0.8619915770259429,0.7322516269218806,,0.26764182965493877,0.8933001851588862
**********01,**********05,3,SS0000000039,템퍼링 4호_템퍼1존(2존),0.07435167365795692,0.6941782406699286,0.06984315327657653,0.6565110831326899,,0.40988173744020584,0.6017541516555321
**********01,**********05,6,SS0000000043,템퍼링 4호_템퍼1존(3존),0.013766956252654228,0.8092760108611521,0.8341003406425541,0.397207225203593,,0.5355357612042151,0.608311943936742
**********01,**********05,6,SS0000000048,템퍼링 4호_템퍼1존(4존),0.3711881135507863,0.5859599671176866,0.1653864805746701,0.7774188830189035,,0.2432993794070425,0.5494060343500785
**********01,**********05,6,SS0000000013,템퍼링 4호_템퍼1존(5존),0.24145863665358835,0.3119519813857219,0.7897007232734806,0.4101293061463721,,0.08320061492408903,0.1715028611152415
**********01,**********05,6,SS0000000047,템퍼링 4호_템퍼1존(6존),0.37327031045206727,0.8298652049333572,0.7318999457997666,0.5318322727590478,,0.4130084415104116,0.5161262226842463
**********01,**********05,3,SS0000000021,템퍼링 1호_템퍼1존(1존),0.09583834830105653,0.10375861343759363,0.12090121556765754,0.6433607550133795,,0.8757836529554942,0.08616134038953249
**********01,**********05,3,SS0000000027,템퍼링 1호_템퍼1존(2존),0.5932743350642208,0.4117422622380874,0.5809248476635579,0.7340730670083113,,0.7203225695694628,0.38670442647571623
**********01,**********05,6,SS0000000011,템퍼링 1호_템퍼1존(3존),0.4092451290381659,0.029956335817663216,0.21595352299897075,0.012912941620967677,,0.8767977871680168,0.40487621059782153
**********01,**********05,6,SS0000000004,템퍼링 1호_템퍼1존(4존),0.3132389483470971,0.9925754842156973,0.2797079586153727,0.8107015797968193,,0.8204485369588941,0.294188719373775
**********01,**********05,3,SS0000000001,템퍼링 2호_템퍼1존(1존),0.5254058837986315,0.7327267690046126,0.9779616701675892,0.22630678238278767,,0.374219183004708,0.8651536746155483
**********01,**********05,3,SS0000000023,템퍼링 2호_템퍼1존(2존),0.8550169232161746,0.13538901672921533,0.43873162977094926,0.6669208650041912,,0.5607183949200989,0.43527815481061427
**********01,**********05,6,SS0000000030,템퍼링 2호_템퍼1존(3존),0.5366606805193069,0.006384829105706369,0.6272923489665295,0.6440532016635799,,0.20697415334206715,0.4632247817663433
**********01,**********05,3,SS0000000049,템퍼링 2호_템퍼1존(4존),0.6750337328761163,0.6913639299523233,0.21131066270031518,0.8523695080369007,,0.7289457913970233,0.9965248899346459
**********01,**********05,3,SS0000000038,템퍼링 2호_템퍼1존(5존),0.8938444937125635,0.15538123446722696,0.14964921571984824,0.05200996408027225,,0.5310971529231593,0.17242910823914115
**********01,**********05,9,SS0000000022,템퍼링 2호_템퍼1존(6존),0.4721824800657062,0.15307256336193198,0.9766649756757121,0.9312742283788638,,0.010527020156620104,0.4267923064014292
**********01,**********05,9,SS0000000029,템퍼링 3호_템퍼1존(1존),0.07000934963792682,0.01231556383260779,0.06686727669833947,0.46629194440364563,,0.7378270102022993,0.5405074547319954
**********01,**********05,6,SS0000000008,템퍼링 3호_템퍼1존(2존),0.6182246442669883,0.023805933427506365,0.7121799189584757,0.4508800818447034,,0.0070882662321594125,0.07144543710631923
**********01,**********05,3,SS0000000042,템퍼링 3호_템퍼1존(3존),0.9595288830735758,0.3041170212925307,0.1754484804519385,0.9045096557395693,,0.6042207851799629,0.47109437952358635
**********01,**********05,6,SS0000000030,템퍼링 4호_템퍼1존(1존),0.9339903197953372,0.829060505704656,0.5989518224671248,0.06817884208821645,,0.05809118237690647,0.7121629640790701
**********01,**********05,3,SS0000000033,템퍼링 4호_템퍼1존(2존),0.9947572910451026,0.9583410562392863,0.4436625104561599,0.6682692353909224,,0.9094886097845492,0.5893371116734846
**********01,**********05,6,SS0000000029,템퍼링 4호_템퍼1존(3존),0.2659100603910781,0.3080462352067328,0.13702639568461128,0.7378131436515535,,0.6206400800513584,0.9940141891664983
**********01,**********05,3,SS0000000037,템퍼링 4호_템퍼1존(4존),0.023992829225603418,0.6871213663601673,0.3854137988670815,0.22913126825844388,,0.5307485898225186,0.6861443107986338
**********01,**********05,3,SS0000000011,템퍼링 4호_템퍼1존(5존),0.5630721091931501,0.7228462864646846,0.7355675292632793,0.40964928383484034,,0.08493528398840378,0.8671101452062397
**********01,**********05,6,SS0000000036,템퍼링 4호_템퍼1존(6존),0.019560944893724175,0.9540150418844834,0.5368253331504341,0.31351354436489864,,0.6504091291636701,0.9730372560595107
**********01,**********05,3,SS0000000049,템퍼링 1호_템퍼1존(1존),0.2640718236908075,0.38310608389833745,0.5315116044362966,0.5660469427269463,,0.6505135852967533,0.8622098752989859
**********01,**********05,9,SS0000000042,템퍼링 1호_템퍼1존(2존),0.12118586153632172,0.1824261551662003,0.9920304904977769,0.6832339187875363,,0.5723538936187362,0.4853298258300808
**********01,**********05,9,SS0000000037,템퍼링 1호_템퍼1존(3존),0.7325915601277792,0.2957375082097843,0.8843532925341817,0.4830021653781037,,0.23751063240050962,0.01759875568156566
**********01,**********05,6,SS0000000009,템퍼링 1호_템퍼1존(4존),0.777051427285049,0.2096368846697073,0.246630293996578,0.9823752983925971,,0.8468533370020178,0.040290612359904054
**********01,**********05,6,SS0000000034,템퍼링 2호_템퍼1존(1존),0.3940514032103076,0.026675213822598742,0.9293383909397639,0.35803453802239704,,0.9452050650783125,0.4077229688981454
**********01,**********05,9,SS0000000006,템퍼링 2호_템퍼1존(2존),0.05748977481851447,0.3960847074815165,0.9453863995035663,0.44871021638260655,,0.5060381722929821,0.7528493228359467
**********01,**********05,9,SS0000000020,템퍼링 2호_템퍼1존(3존),0.9530101784458751,0.10053395743942317,0.6849365199397904,0.7580270555623775,,0.3015696443119623,0.5722251330031174
**********01,**********05,9,SS0000000038,템퍼링 2호_템퍼1존(4존),0.9281677482866769,0.548445063138484,0.2580109381603687,0.10070452309353206,,0.8280974869831914,0.8413925582694772
**********01,**********05,9,SS0000000031,템퍼링 2호_템퍼1존(5존),0.15835160368355272,0.727909589767699,0.9151092538429518,0.6889911747589891,,0.157458443006942,0.3356125510334069
**********01,**********05,6,SS0000000021,템퍼링 2호_템퍼1존(6존),0.42376304378919893,0.6145967399063114,0.2923711486074657,0.20198866387429826,,0.8955926898380084,0.8843901476411773
**********01,**********05,9,SS0000000038,템퍼링 3호_템퍼1존(1존),0.4178965238854774,0.20770397987064482,0.5633158318964414,0.5749340021894384,,0.9574127458352064,0.8472767307328783
**********01,**********05,6,SS0000000002,템퍼링 3호_템퍼1존(2존),0.19220459660823297,0.047172834643845474,0.9930131918255799,0.5332135372673311,,0.9227654420666287,0.7257930792892515
**********01,**********05,3,SS0000000028,템퍼링 3호_템퍼1존(3존),0.20068829531323773,0.631462921021014,0.26048651730461836,0.6170317469353381,,0.5874119501733588,0.6533281548846244
**********01,**********05,9,SS0000000029,템퍼링 4호_템퍼1존(1존),0.22097988265881108,0.6025969003920226,0.5187438847158937,0.8050113163080133,,0.8895371455836857,0.39202715196530946
**********01,**********05,6,SS0000000012,템퍼링 4호_템퍼1존(2존),0.6508406877384402,0.8475812671126591,0.5003113341531523,0.3457560036053642,,0.4643123355389547,0.40367569166105943
**********01,**********05,9,SS0000000005,템퍼링 4호_템퍼1존(3존),0.7519244093970341,0.748928996555726,0.20749398188447188,0.38567915859952084,,0.720433376430873,0.1528420550336692
**********01,**********05,6,SS0000000031,템퍼링 4호_템퍼1존(4존),0.3786702801515486,0.608848418123197,0.11349498240230327,0.613064040188221,,0.43686008480308935,0.42434387561729847
**********01,**********05,3,SS0000000047,템퍼링 4호_템퍼1존(5존),0.26826493036082544,0.30483538577560576,0.9911656248053389,0.3255940586290518,,0.6066848864648384,0.3622748359911958
**********01,**********05,9,SS0000000040,템퍼링 4호_템퍼1존(6존),0.13093162490668864,0.5435636994824019,0.4668476770685328,0.9119407762249309,,0.9926917578211295,0.8713245092974353
**********01,**********05,3,SS0000000009,템퍼링 1호_템퍼1존(1존),0.37041844662562073,0.47018842057390686,0.38487582008089005,0.23805922277226044,,0.5027109837060886,0.17329594594724385
**********01,**********05,6,SS0000000038,템퍼링 1호_템퍼1존(2존),0.7838984279035637,0.06943742305751233,0.371155524177607,0.07276051448347032,,0.20416713505576245,0.5093206753133712
**********01,**********05,3,SS0000000050,템퍼링 1호_템퍼1존(3존),0.6441521905881235,0.5178967773437416,0.8019912076211507,0.04876048314242498,,0.2664832614252104,0.8366848176553522
**********01,**********05,6,SS0000000020,템퍼링 1호_템퍼1존(4존),0.325661728790514,0.891947746989281,0.0409587678749086,0.39511395943921435,,0.213440991509382,0.008348054322609877
**********01,**********05,9,SS0000000017,템퍼링 2호_템퍼1존(1존),0.2085149601630386,0.1456651117276121,0.019590995231019037,0.6538345970202748,,0.28683060528395565,0.008730552721942675
**********01,**********05,3,SS0000000019,템퍼링 2호_템퍼1존(2존),0.24364794434427695,0.7429606680826193,0.5523426267016464,0.6905982970032178,,0.8040871816697603,0.568427446826637
**********01,**********05,9,SS0000000002,템퍼링 2호_템퍼1존(3존),0.22907529176744812,0.4491083048282115,0.06377229320746325,0.19984799786748653,,0.024287196744208428,0.9967699857806906
**********01,**********05,6,SS0000000008,템퍼링 2호_템퍼1존(4존),0.21058350502216183,0.11858848448605952,0.33671577026892385,0.9873085274342609,,0.839171048334364,0.36721984128774443
**********01,**********05,6,SS0000000015,템퍼링 2호_템퍼1존(5존),0.12439559298730829,0.21134972980069033,0.3362077080508096,0.6226651057362159,,0.25253678660678824,0.5636473971721135
**********01,**********05,3,SS0000000010,템퍼링 2호_템퍼1존(6존),0.10704312290050644,0.7807330502944838,0.6028560017682685,0.7877986349402173,,0.6251711684174739,0.5143004864618844
**********01,**********05,3,SS0000000035,템퍼링 3호_템퍼1존(1존),0.4697972449381449,0.9219263044829636,0.8592802962312444,0.8592411035972081,,0.44085505014761883,0.7864239241847958
**********01,**********05,6,SS0000000042,템퍼링 3호_템퍼1존(2존),0.677176676230634,0.39236308601145686,0.8759631950477773,0.5067364969191969,,0.6985535236216426,0.7541652581084198
**********01,**********05,6,SS0000000026,템퍼링 3호_템퍼1존(3존),0.6549233953456288,0.35667821434911007,0.5023999824876596,0.8955376734897805,,0.13849527933909567,0.2596233521003183
**********01,**********05,9,SS0000000049,템퍼링 4호_템퍼1존(1존),0.19551521323011845,0.5969480887498552,0.4883201352313715,0.0887711970648063,,0.5122516907124389,0.06676934427725056
**********01,**********05,9,SS0000000023,템퍼링 4호_템퍼1존(2존),0.48907976692844835,0.9854882561271712,0.6813527614742876,0.740658085275428,,0.44041492620273537,0.19702552766271098
**********01,**********05,3,SS0000000019,템퍼링 4호_템퍼1존(3존),0.7535942050773242,0.4623737834939704,0.1918935969065616,0.7469653475358958,,0.6445953769486146,0.24300049618600783
**********01,**********05,3,SS0000000027,템퍼링 4호_템퍼1존(4존),0.5356537684933511,0.02235314367171093,0.14195373923105348,0.5678298602810574,,0.42906010728553123,0.8158542651685503
**********01,**********05,6,SS0000000024,템퍼링 4호_템퍼1존(5존),0.6012915697155993,0.5121269468909083,0.006596609887600358,0.5243534160539,,0.2955432030433456,0.3312486516592228
**********01,**********05,6,SS0000000021,템퍼링 4호_템퍼1존(6존),0.4492649361636897,0.2509254322667064,0.918270991009261,0.9482568927196076,,0.3710317391992918,0.6561512775967799
**********01,**********05,3,SS0000000041,템퍼링 1호_템퍼1존(1존),0.10943621027065142,0.8779151280081973,0.17043526543507814,0.3211839385448283,,0.15265041521996237,0.23923081498485899
**********01,**********05,6,SS0000000046,템퍼링 1호_템퍼1존(2존),0.5593674436497118,0.34724978486431124,0.1235739513552595,0.5420833592875269,,0.698385502047447,0.033894371720649574
**********01,**********05,6,SS0000000017,템퍼링 1호_템퍼1존(3존),0.7343772225914788,0.9287056155196025,0.09793445750610064,0.7801235994257134,,0.6436163797496213,0.3309208313438389
**********01,**********05,3,SS0000000002,템퍼링 1호_템퍼1존(4존),0.355057254825042,0.8624316564293141,0.9149320107996863,0.9577704079233595,,0.5286915467967791,0.08590577421197443
**********01,**********05,3,SS0000000019,템퍼링 2호_템퍼1존(1존),0.5547445425424102,0.4073605131202084,0.25641997705033426,0.5664909818190864,,0.3353468102659799,0.042781590745224585
**********01,**********05,3,SS0000000010,템퍼링 2호_템퍼1존(2존),0.5133346559354877,0.7580675866143594,0.5279699307061622,0.7529477987962716,,0.33477993618720336,0.901267030508532
**********01,**********05,6,SS0000000040,템퍼링 2호_템퍼1존(3존),0.9564953268635233,0.6949306781706901,0.48720936790721414,0.8203786569194963,,0.8281037374374823,0.2587460281394507
**********01,**********05,3,SS0000000009,템퍼링 2호_템퍼1존(4존),0.5074912653144127,0.25616332140506315,0.6564208136468938,0.19685336740883896,,0.1812427805522535,0.48735766882273335
**********01,**********05,6,SS0000000040,템퍼링 2호_템퍼1존(5존),0.30940990887835984,0.5178871034147252,0.035615955683683476,0.027176554851810586,,0.3568420920297738,0.16599337882882825
**********01,**********05,9,SS0000000031,템퍼링 2호_템퍼1존(6존),0.7118916711767243,0.430674190186321,0.26523045180607663,0.2515784750286081,,0.952987472853192,0.30975165406221594
**********01,**********05,9,SS0000000018,템퍼링 3호_템퍼1존(1존),0.41136344603552255,0.7090315566120715,0.465630707960234,0.3949139170190593,,0.9035345352707866,0.3747848188121493
**********01,**********05,9,SS0000000048,템퍼링 3호_템퍼1존(2존),0.3776500215177575,0.7640680118194121,0.15914954147358018,0.04354068920570575,,0.8515512996564588,0.8461803479023988
**********01,**********05,9,SS0000000029,템퍼링 3호_템퍼1존(3존),0.7453571126256259,0.5267052302488688,0.09455375449512615,0.8741618104215052,,0.955556849219438,0.4706707834270464
**********01,**********05,9,SS0000000021,템퍼링 4호_템퍼1존(1존),0.5945492706939473,0.27972946174170843,0.9676626057960539,0.06636221112311458,,0.8999832543851083,0.7054533602482932
**********01,**********05,6,SS0000000044,템퍼링 4호_템퍼1존(2존),0.3587528868705544,0.6524747517956418,0.6892995018294923,0.5084123817827069,,0.108742164890969,0.5782365186517685
**********01,**********05,3,SS0000000047,템퍼링 4호_템퍼1존(3존),0.7022591756128059,0.6305769745605262,0.45444189339032803,0.8174618997098257,,0.4354380347490949,0.34841207726924717
**********01,**********05,3,SS0000000024,템퍼링 4호_템퍼1존(4존),0.9314882000384234,0.5946368748016432,0.6110900992383516,0.5541499328574885,,0.7605947774882569,0.4281819282427648
**********01,**********05,9,SS0000000026,템퍼링 4호_템퍼1존(5존),0.9354400927335963,0.2008326396607948,0.3232786858082284,0.5206076904066207,,0.05278560736174831,0.5815321891385599
**********01,**********05,9,SS0000000010,템퍼링 4호_템퍼1존(6존),0.4362145566629997,0.5242723401389137,0.43622706165144587,0.11969243726855427,,0.41398403929276173,0.12450791303255937
**********01,**********05,3,SS0000000040,템퍼링 1호_템퍼1존(1존),0.5492011569258444,0.4724193338381072,0.153593674810921,0.5822313287029247,,0.310620105454793,0.34176091573898537
**********01,**********05,9,SS0000000031,템퍼링 1호_템퍼1존(2존),0.2684648840635697,0.7354946057119932,0.05851381823497104,0.4877932524669484,,0.038927431174712535,0.1362907080554272
**********01,**********05,9,SS0000000029,템퍼링 1호_템퍼1존(3존),0.6140616884868149,0.49080036040449204,0.5546893150886628,0.11449155583490667,,0.33125204809469977,0.3502687952198972
**********01,**********05,9,SS0000000047,템퍼링 1호_템퍼1존(4존),0.8844494613631312,0.06141896979692596,0.6273750077745398,0.27581134078197755,,0.7537091071023605,0.9912023546808846
**********01,**********05,6,SS0000000038,템퍼링 2호_템퍼1존(1존),0.3834795748471448,0.8159710904186958,0.5681212350080127,0.8041130823905756,,0.38351821305466904,0.4766326195255337
**********01,**********05,6,SS0000000017,템퍼링 2호_템퍼1존(2존),0.5410609175991392,0.2601884428205963,0.8405993577970226,0.3913673840785846,,0.6164820027564489,0.3337010478425314
**********01,**********05,6,SS0000000009,템퍼링 2호_템퍼1존(3존),0.397069225141221,0.08732868718719,0.9561237294225093,0.2684264496641908,,0.46975129902395063,0.9355703908284694
**********01,**********05,6,SS0000000045,템퍼링 2호_템퍼1존(4존),0.09985418588655948,0.9051807000743762,0.47476248015112976,0.3211164286200302,,0.9985288319052649,0.252591667602186
**********01,**********05,9,SS0000000018,템퍼링 2호_템퍼1존(5존),0.35625402890425784,0.753621152703181,0.6185806656251501,0.3061539045841173,,0.6238313148303969,0.4801588493029467
**********01,**********05,3,SS0000000043,템퍼링 2호_템퍼1존(6존),0.5155780994947035,0.7123463672895719,0.16298317445353838,0.586201100770421,,0.07416961268790268,0.767037111503269
**********01,**********05,6,SS0000000017,템퍼링 3호_템퍼1존(1존),0.12947192688540698,0.43452489142140416,0.6529283518699702,0.2370315326912047,,0.545862356538704,0.07011284021551578
**********01,**********05,6,SS0000000040,템퍼링 3호_템퍼1존(2존),0.2964621113165594,0.026358626352904646,0.2794527136518885,0.7676388303041846,,0.9692632621261034,0.4748902056601739
**********01,**********05,3,SS0000000004,템퍼링 3호_템퍼1존(3존),0.44904040708931214,0.3465569700729606,0.08436597865921547,0.9054901712056995,,0.8690210386022079,0.9930522674322989
**********01,**********05,6,SS0000000044,템퍼링 4호_템퍼1존(1존),0.6855342382616264,0.6292022123249991,0.26856536915015417,0.5545870694856332,,0.09400760295288024,0.4079519677338722
**********01,**********05,3,SS0000000045,템퍼링 4호_템퍼1존(2존),0.5430577118934016,0.966707875040182,0.23118450890887898,0.06117056959638678,,0.06303904706025809,0.07776646168501555
**********01,**********05,3,SS0000000026,템퍼링 4호_템퍼1존(3존),0.0368235546972594,0.8449010472499198,0.2789845743573037,0.6773406802485298,,0.7984430659467043,0.6226148107254896
**********01,**********05,3,SS0000000001,템퍼링 4호_템퍼1존(4존),0.00788331605386261,0.6073809068230686,0.9071958343403935,0.34825261696756904,,0.9189757187257047,0.45669390193299286
**********01,**********05,6,SS0000000009,템퍼링 4호_템퍼1존(5존),0.8191852509261106,0.3762055353003727,0.44585932733686284,0.8912989728201426,,0.4597662307780527,0.9033682215538223
**********01,**********05,3,SS0000000019,템퍼링 4호_템퍼1존(6존),0.8303859020096376,0.8996880217481436,0.771523693060892,0.11491889322457916,,0.6681365444895115,0.28927852532072396
**********01,**********05,3,SS0000000048,템퍼링 1호_템퍼1존(1존),0.306695033823873,0.9409024907242486,0.8142168363324844,0.11166583263671348,,0.2828561640860815,0.6457803276387283
**********01,**********05,9,SS0000000040,템퍼링 1호_템퍼1존(2존),0.09693359556407544,0.6997199447906501,0.6327728527654711,0.7400751854955583,,0.24154920863749674,0.8461561360586516
**********01,**********05,6,SS0000000033,템퍼링 1호_템퍼1존(3존),0.8257937231523467,0.9044926705220949,0.2007154927482283,0.7807639460532182,,0.29004245576162646,0.827420837463588
**********01,**********05,9,SS0000000020,템퍼링 1호_템퍼1존(4존),0.6560139742994318,0.6183637668869002,0.46557752942966857,0.6261352827074491,,0.2664033323202416,0.7837377640767369
**********01,**********05,9,SS0000000036,템퍼링 2호_템퍼1존(1존),0.1759995812352867,0.1866057340473929,0.9994206410859457,0.2463864868507355,,0.4909624391118259,0.7761359601930287
**********01,**********05,9,SS0000000047,템퍼링 2호_템퍼1존(2존),0.02254148816285495,0.41942491406113513,0.47259097153912755,0.3934987160615586,,0.34736116305767595,0.5689771431646774
**********01,**********05,3,SS0000000006,템퍼링 2호_템퍼1존(3존),0.1278552265970373,0.7250479423789994,0.5992395018569395,0.2765535369209128,,0.08475522586144679,0.9796594532581975
**********01,**********05,3,SS0000000022,템퍼링 2호_템퍼1존(4존),0.29144377738617644,0.3344836329921418,0.00019797430287171736,0.15093405426822926,,0.6143095659608989,0.2929362142707117
**********01,**********05,6,SS0000000012,템퍼링 2호_템퍼1존(5존),0.2019558015454943,0.9576102086128849,0.5565492912785116,0.2688796990723885,,0.8058026670480043,0.5111047979398988
**********01,**********05,3,SS0000000008,템퍼링 2호_템퍼1존(6존),0.2575033682265718,0.3975478264036728,0.9006264386743424,0.4588496689402066,,0.793804136306274,0.7268569065014403
**********01,**********05,3,SS0000000046,템퍼링 3호_템퍼1존(1존),0.7536222248242481,0.9215797908135307,0.945732402945395,0.3158641183202171,,0.8439942270017964,0.809752090564066
**********01,**********05,6,SS0000000014,템퍼링 3호_템퍼1존(2존),0.88408716349049,0.7375164070504833,0.23377847579733702,0.7819090628062295,,0.9071501807564099,0.2700287965323972
**********01,**********05,9,SS0000000002,템퍼링 3호_템퍼1존(3존),0.4501070065220275,0.7270126429832433,0.46349402465470946,0.4244123252973061,,0.5259386488678056,0.7362824428623466
**********01,**********05,3,SS0000000036,템퍼링 4호_템퍼1존(1존),0.1145150233543305,0.7915450780761979,0.19815538523867993,0.9228424667677045,,0.9563184473531037,0.6792522522144079
**********01,**********05,6,SS0000000035,템퍼링 4호_템퍼1존(2존),0.12456260119662399,0.7375955462543972,0.0837742723644107,0.5206323457592589,,0.6332124602886202,0.7257996545839619
**********01,**********05,6,SS0000000034,템퍼링 4호_템퍼1존(3존),0.5358255804190519,0.584064989244253,0.9188801245445266,0.6551159240803607,,0.18287316173437296,0.6657373636534321
**********01,**********05,9,SS0000000050,템퍼링 4호_템퍼1존(4존),0.07636713129618422,0.06370687043556567,0.6855237193736542,0.527125210815102,,0.9177706489550231,0.8745980778994867
**********01,**********05,6,SS0000000030,템퍼링 4호_템퍼1존(5존),0.7632559038011143,0.8465384449972009,0.5596622502457849,0.12232134594964827,,0.7572328255963232,0.44599883946173535
**********01,**********05,9,SS0000000043,템퍼링 4호_템퍼1존(6존),0.3765311664998521,0.0979557657322302,0.09434711226892578,0.3094404331302274,,0.10375021181800803,0.25974399276417603
**********01,**********05,6,SS0000000031,템퍼링 1호_템퍼1존(1존),0.5436028637866462,0.46831269183759305,0.9936641133344574,0.756365422984151,,0.1734024761318258,0.6266493896475944
**********01,**********05,9,SS0000000027,템퍼링 1호_템퍼1존(2존),0.03449006765798679,0.6870253481309658,0.5411428506204393,0.43585202270892875,,0.504736769068276,0.7451248966049552
**********01,**********05,9,SS0000000040,템퍼링 1호_템퍼1존(3존),0.8919433122806614,0.8397627812999385,0.4272260314543074,0.7829151876795266,,0.222349962409234,0.33742599756549096
**********01,**********05,3,SS0000000017,템퍼링 1호_템퍼1존(4존),0.6831329497000209,0.8618823748831916,0.9451636669316229,0.4420267740378727,,0.01387137114345982,0.22319084716342075
**********01,**********05,9,SS0000000020,템퍼링 2호_템퍼1존(1존),0.623507114224262,0.8297431278036955,0.02424258806222712,0.01766824650586396,,0.9786550641625155,0.7436105932940384
**********01,**********05,6,SS0000000009,템퍼링 2호_템퍼1존(2존),0.8928444983395283,0.7805510533016676,0.15191518181269947,0.14840039922330495,,0.2554958404879568,0.4570059220243957
**********01,**********05,3,SS0000000012,템퍼링 2호_템퍼1존(3존),0.49160058017117836,0.4255262386150237,0.11483679256412338,0.8609820371596003,,0.9668342666629649,0.00755640234570687
**********01,**********05,9,SS0000000016,템퍼링 2호_템퍼1존(4존),0.8378506210068076,0.035933519906975686,0.5296532850770526,0.06904702748164249,,0.2506013710039082,0.03774754002402203
**********01,**********05,9,SS0000000024,템퍼링 2호_템퍼1존(5존),0.42578731527524305,0.5082385835876776,0.7711878815265449,0.7592402169154041,,0.41296164927329504,0.06415887264411635
**********01,**********05,9,SS0000000002,템퍼링 2호_템퍼1존(6존),0.9148468152030773,0.8913889581290012,0.6768198456385606,0.7116523912272401,,0.3906409203069712,0.7198874192358816
**********01,**********05,6,SS0000000043,템퍼링 3호_템퍼1존(1존),0.29137222890642234,0.3545729285850473,0.32958691195922385,0.7653726084053186,,0.1002142757599418,0.5459604421497035
**********01,**********05,9,SS0000000050,템퍼링 3호_템퍼1존(2존),0.7165975510750555,0.2701652833028291,0.9519529591602389,0.47951479566860644,,0.27551539953518844,0.803045968412381
**********01,**********05,6,SS0000000030,템퍼링 3호_템퍼1존(3존),0.6368894983724577,0.8548787137590126,0.4167028968448159,0.7303594434974767,,0.7727041524547558,0.7540106277831661
**********01,**********05,3,SS0000000041,템퍼링 4호_템퍼1존(1존),0.05966798079520852,0.0360203756116001,0.6157634726581175,0.35728946182383237,,0.24575356687214733,0.1553067059173655
**********01,**********05,6,SS0000000041,템퍼링 4호_템퍼1존(2존),0.3294788284911899,0.522247166051065,0.9594545165574752,0.7155726477012267,,0.34579703082331725,0.4013136598672712
**********01,**********05,3,SS0000000033,템퍼링 4호_템퍼1존(3존),0.030573505463375894,0.4601592792452436,0.9243298173795657,0.058353227367292426,,0.5635416354138267,0.3154509789152029
**********01,**********05,9,SS0000000014,템퍼링 4호_템퍼1존(4존),0.02481115357154784,0.6476439291488769,0.8521789803709436,0.5395474570799026,,0.9755724058390433,0.41953794024836377
**********01,**********05,3,SS0000000005,템퍼링 4호_템퍼1존(5존),0.8631961025317331,0.6979532686051356,0.40467669985562227,0.4803420219275152,,0.08181166490080627,0.8179339897312957
**********01,**********05,9,SS0000000026,템퍼링 4호_템퍼1존(6존),0.7082396310484371,0.3559078593593753,0.7584337195550538,0.22475435420871825,,0.22055542010006168,0.4114558204497424
**********01,**********05,3,SS0000000028,템퍼링 1호_템퍼1존(1존),0.7361934726343704,0.6321455924696676,0.32273603115224037,0.41887415614786205,,0.5550004490996124,0.06181569599260772
**********01,**********05,9,SS0000000018,템퍼링 1호_템퍼1존(2존),0.21354152437201435,0.9287311532492689,0.21652334193144263,0.2223181525053204,,0.9565535881167333,0.4039976498624239
**********01,**********05,9,SS0000000033,템퍼링 1호_템퍼1존(3존),0.10312330214577548,0.6511831353738018,0.1550988706137053,0.34483418778022923,,0.6649511503431196,0.22388825383206223
**********01,**********05,9,SS0000000031,템퍼링 1호_템퍼1존(4존),0.9155594229547591,0.4790364074554271,0.22711955801681794,0.0036261100658183665,,0.06835483068685766,0.9993051058958682
**********01,**********05,9,SS0000000032,템퍼링 2호_템퍼1존(1존),0.17162538149277384,0.2640224526905073,0.7527423805097176,0.594656884036086,,0.8616799247152953,0.1823460645888043
**********01,**********05,3,SS0000000026,템퍼링 2호_템퍼1존(2존),0.7655451810676089,0.2735235557457889,0.9003879096033515,0.6579330692863583,,0.961969400069167,0.9482979987222637
**********01,**********05,9,SS0000000040,템퍼링 2호_템퍼1존(3존),0.28118948534152644,0.1387185111604593,0.8674280796807851,0.08315772648146869,,0.7533396577325361,0.6470114002040827
**********01,**********05,3,SS0000000038,템퍼링 2호_템퍼1존(4존),0.7964660412536164,0.39670709326627807,0.3720654422217602,0.6057942974856583,,0.7359820570362696,0.4864610499327877
**********01,**********05,6,SS0000000028,템퍼링 2호_템퍼1존(5존),0.5550925662589561,0.04472553303855442,0.9925153936300465,0.9375573389284891,,0.6631599556615861,0.029413962289183915
**********01,**********05,3,SS0000000018,템퍼링 2호_템퍼1존(6존),0.9641235472187202,0.6034892902087117,0.6787437423666463,0.20374295391958808,,0.08140841252826303,0.3992702913312448
**********01,**********05,3,SS0000000004,템퍼링 3호_템퍼1존(1존),0.790872401004923,0.9830189224122221,0.6339799138990759,0.5112364194307918,,0.5804488428846747,0.12284302068296238
**********01,**********05,6,SS0000000008,템퍼링 3호_템퍼1존(2존),0.8657120268464608,0.39444333731564785,0.8664920697941851,0.6654698808920813,,0.8461724305284941,0.7414048566542734
**********01,**********05,6,SS0000000009,템퍼링 3호_템퍼1존(3존),0.26145098307479164,0.18105779848084547,0.9184414805649505,0.6655666947357995,,0.3568053759285069,0.9783202388409208
**********01,**********05,6,SS0000000013,템퍼링 4호_템퍼1존(1존),0.5070935447207585,0.3119820329489268,0.45937853894083325,0.18228783801485393,,0.714316748249735,0.17506327437398927
**********01,**********05,6,SS0000000017,템퍼링 4호_템퍼1존(2존),0.01610124524940859,0.26285420032495665,0.3249071823538606,0.5370573811344047,,0.03700704922157738,0.5371111982271365
**********01,**********05,6,SS0000000011,템퍼링 4호_템퍼1존(3존),0.1805270116416403,0.5176414949823321,0.5550539059700986,0.24970706164741852,,0.4719393809977801,0.25200864186858596
**********01,**********05,9,SS0000000049,템퍼링 4호_템퍼1존(4존),0.38217843042973465,0.2155395596425005,0.10709112734044823,0.08545213311303523,,0.9452481496848176,0.8024461924848698
**********01,**********05,9,SS0000000030,템퍼링 4호_템퍼1존(5존),0.13331088305852257,0.5580721339277507,0.553474539671784,0.32718568404740633,,0.4517891574933388,0.8551523426576304
**********01,**********05,9,SS0000000032,템퍼링 4호_템퍼1존(6존),0.6923383740284409,0.28841045141734434,0.7268690284767897,0.4533852450351026,,0.64452581590197,0.05442759993922708
**********01,**********05,6,SS0000000017,템퍼링 1호_템퍼1존(1존),0.28956374357944636,0.06400891370816986,0.30538682516094184,0.8850092891222028,,0.5397241088305447,0.10957199893845992
**********01,**********05,3,SS0000000020,템퍼링 1호_템퍼1존(2존),0.7116024815905158,0.15106365390229293,0.47696170930490334,0.8729136976778497,,0.8378662336085776,0.11168655013684858
**********01,**********05,6,SS0000000013,템퍼링 1호_템퍼1존(3존),0.3770428463909632,0.8222081212065298,0.14711270799084808,0.2796968463412215,,0.9986790057269314,0.18034148725115628
**********01,**********05,6,SS0000000027,템퍼링 1호_템퍼1존(4존),0.9378396071120002,0.967170462084976,0.9390075098581075,0.839999399262043,,0.6565003025191133,0.25578840188769136
**********01,**********05,3,SS0000000026,템퍼링 2호_템퍼1존(1존),0.4919091468330171,0.9669801376140333,0.7494954627708147,0.25375777248069353,,0.9247091246720395,0.5338992247995737
**********01,**********05,9,SS0000000047,템퍼링 2호_템퍼1존(2존),0.6359663490360258,0.29268449828644205,0.47540895282536455,0.7572664015025939,,0.16209095610046198,0.03827473282511884
**********01,**********05,3,SS0000000048,템퍼링 2호_템퍼1존(3존),0.3038107888372743,0.4944475922443178,0.5417885700257701,0.9066607250108747,,0.6336572705155529,0.75068346426846
**********01,**********05,6,SS0000000030,템퍼링 2호_템퍼1존(4존),0.11322915373925291,0.6554646173274542,0.614466512393171,0.007255300584938618,,0.33137773183052144,0.6766701241261446
**********01,**********05,9,SS0000000042,템퍼링 2호_템퍼1존(5존),0.4248490152469526,0.6016110462938988,0.898801423195868,0.6331913768384867,,0.03814313798937252,0.28467010668256776
**********01,**********05,3,SS0000000004,템퍼링 2호_템퍼1존(6존),0.5079998389281923,0.5153052092194985,0.5642506811052078,0.5353090718616625,,0.5798978553733614,0.6278884682784024
**********01,**********05,6,SS0000000036,템퍼링 3호_템퍼1존(1존),0.08388028529282332,0.2680806104194794,0.8069154978270212,0.9598478101851333,,0.5990355725280458,0.6939260584438279
**********01,**********05,6,SS0000000025,템퍼링 3호_템퍼1존(2존),0.31173236610536115,0.3567567864137764,0.4055626675453974,0.7110875735708441,,0.5905625042154672,0.9006392891799885
**********01,**********05,3,SS0000000021,템퍼링 3호_템퍼1존(3존),0.08258399282431228,0.7435016769111458,0.8841705369590991,0.7195804645309791,,0.8402455122626852,0.44728336032571525
**********01,**********05,3,SS0000000023,템퍼링 4호_템퍼1존(1존),0.22593862143616272,0.737886275229299,0.741892655156577,0.6411346560816216,,0.3860748462916034,0.7126626270676696
**********01,**********05,3,SS0000000016,템퍼링 4호_템퍼1존(2존),0.2110195657833478,0.2659140384765434,0.015915698579922144,0.6982284705476902,,0.824578878637499,0.5926745130353925
**********01,**********05,9,SS0000000015,템퍼링 4호_템퍼1존(3존),0.7746263357738457,0.733541031920799,0.9945672524762111,0.13795508557965142,,0.7561227693538362,0.8344495030387578
**********01,**********05,3,SS0000000012,템퍼링 4호_템퍼1존(4존),0.06065466264357666,0.00548364519265121,0.6557881106282514,0.23112500807124592,,0.19360932192540226,0.26325354255400735
**********01,**********05,6,SS0000000028,템퍼링 4호_템퍼1존(5존),0.9261398307052802,0.8863698857018685,0.8746620651168937,0.24242615221028196,,0.9340745528856461,0.5284167641323314
**********01,**********05,6,SS0000000029,템퍼링 4호_템퍼1존(6존),0.03950970274299481,0.42827367807034333,0.9896876154848526,0.42946641901521343,,0.22635326286291713,0.7188618597277756
**********01,**********05,3,SS0000000015,템퍼링 1호_템퍼1존(1존),0.33429042967931377,0.5020369056341654,0.755461118602134,0.07549909755580597,,0.3117276047229043,0.7942525012642371
**********01,**********05,3,SS0000000035,템퍼링 1호_템퍼1존(2존),0.7491429360557749,0.36580752550008444,0.7669975337784122,0.780183058452811,,0.48745664611176664,0.7396646434537076
**********01,**********05,6,SS0000000046,템퍼링 1호_템퍼1존(3존),0.7998899146078348,0.2751872575626423,0.07507623385017492,0.3371115463549834,,0.5466428964278536,0.4491648715708896
**********01,**********05,6,SS0000000046,템퍼링 1호_템퍼1존(4존),0.8767504335864339,0.9165704395965726,0.9594827945105214,0.6970564970948784,,0.629531567408959,0.4854379849259258
**********01,**********05,6,SS0000000045,템퍼링 2호_템퍼1존(1존),0.7599725834195122,0.3921066697873864,0.035367575945123964,0.9550445562531047,,0.019495504488966087,0.03161294418828364
**********01,**********05,9,SS0000000044,템퍼링 2호_템퍼1존(2존),0.08229618366139957,0.9600758026717283,0.5036583922822956,0.01389356387389229,,0.47833804890419707,0.21280327841989666
**********01,**********05,9,SS0000000026,템퍼링 2호_템퍼1존(3존),0.16670137679463737,0.36144150060130453,0.4209771718995059,0.3536899156443233,,0.8247555346874336,0.8696986867341426
**********01,**********05,9,SS0000000026,템퍼링 2호_템퍼1존(4존),0.22970732080005174,0.8984359737850617,0.8113193273066612,0.24180646157151708,,0.8645913654705547,0.17724099357054857
**********01,**********05,3,SS0000000040,템퍼링 2호_템퍼1존(5존),0.10802793090444873,0.04562374531548252,0.8585993457388306,0.35068677738987586,,0.6280491239837813,0.8703783551086849
**********01,**********05,6,SS0000000007,템퍼링 2호_템퍼1존(6존),0.7041685560225291,0.013075557991811149,0.7289429582572475,0.9360998936198033,,0.6151133754701793,0.7642997792925581
**********01,**********05,3,SS0000000001,템퍼링 3호_템퍼1존(1존),0.4956050654001005,0.8386162535292488,0.35732110065860934,0.010118962574468204,,0.14969226758099952,0.4960086975210489
**********01,**********05,9,SS0000000042,템퍼링 3호_템퍼1존(2존),0.060724545552971576,0.8775455451751167,0.3814368520407724,0.8571636485006879,,0.1448814472044132,0.4012556789951014
**********01,**********05,3,SS0000000028,템퍼링 3호_템퍼1존(3존),0.8858644943732296,0.6081727635314548,0.8907964756887041,0.2432422943499407,,0.9367142013344062,0.8523490779202829
**********01,**********05,9,SS0000000040,템퍼링 4호_템퍼1존(1존),0.8885123810914041,0.7444063072464351,0.01177285104152781,0.5754875349755171,,0.8612981964224558,0.3218913387338329
**********01,**********05,9,SS0000000037,템퍼링 4호_템퍼1존(2존),0.1187376726570264,0.8761278425923124,0.6020326807171245,0.22129572448688695,,0.911848895154163,0.3345116047530826
**********01,**********05,6,SS0000000010,템퍼링 4호_템퍼1존(3존),0.23197737177583766,0.4166882692823287,0.1112860406257874,0.018656238185889573,,0.5361975224348682,0.6567150809743288
**********01,**********05,9,SS0000000043,템퍼링 4호_템퍼1존(4존),0.7332803823824932,0.9747007092001111,0.15249641549056092,0.11227714058203453,,0.210308884513142,0.45999831655459156
**********01,**********05,3,SS0000000048,템퍼링 4호_템퍼1존(5존),0.5203119004461996,0.5245772779974938,0.03909626355504947,0.6500197320123816,,0.5553762843434159,0.8627746640654077
**********01,**********05,9,SS0000000049,템퍼링 4호_템퍼1존(6존),0.33364120041571876,0.8321584929655019,0.4440261934659182,0.42008243050912697,,0.8801308258554194,0.1984512856112135
**********01,**********05,6,SS0000000043,템퍼링 1호_템퍼1존(1존),0.017910636827715654,0.008913877580801088,0.6358844323341073,0.6541361791324389,,0.745492462253685,0.20536776466549023
**********01,**********05,9,SS0000000021,템퍼링 1호_템퍼1존(2존),0.6222657011005407,0.749788963806458,0.14858924433017462,0.27820887116897974,,0.8990981228282022,0.9098754428259341
**********01,**********05,9,SS0000000032,템퍼링 1호_템퍼1존(3존),0.3475570357735315,0.6172511223454105,0.1459913351208274,0.7461412414597844,,0.17778515267964023,0.849715549981576
**********01,**********05,6,SS0000000023,템퍼링 1호_템퍼1존(4존),0.08625969404513978,0.9590186631479031,0.9792137983508933,0.857609287718459,,0.6455605249496307,0.0010355759752405103
**********01,**********05,9,SS0000000038,템퍼링 2호_템퍼1존(1존),0.9156790311897378,0.458096610651356,0.1833334357957862,0.09369557040661647,,0.7274027306022665,0.8685607163442289
**********01,**********05,9,SS0000000048,템퍼링 2호_템퍼1존(2존),0.4903319002223745,0.7805756974440473,0.8291962745316815,0.4515368177164425,,0.4986501520144332,0.8884609457836744
**********01,**********05,6,SS0000000047,템퍼링 2호_템퍼1존(3존),0.7324880761315661,0.8234551877101314,0.9027265745367942,0.6433494709213865,,0.39908837358930405,0.565094020488997
**********01,**********05,6,SS0000000046,템퍼링 2호_템퍼1존(4존),0.5632819610944486,0.756567374431173,0.5585735878023954,0.3554742350127924,,0.017299248589678462,0.5239557086053632
**********01,**********05,3,SS0000000021,템퍼링 2호_템퍼1존(5존),0.09426670100078527,0.43195593977067204,0.14156930662352152,0.8819200034051032,,0.09839530225026949,0.5665162681806802
**********01,**********05,3,SS0000000015,템퍼링 2호_템퍼1존(6존),0.7241614650186863,0.08783957615480698,0.46197604600913766,0.7304879597838528,,0.6843408314339452,0.2261069315852181
**********01,**********05,9,SS0000000008,템퍼링 3호_템퍼1존(1존),0.8116897488806094,0.24280614130423972,0.7221805712278715,0.7561533401542622,,0.1601827743159483,0.9502810524242334
**********01,**********05,3,SS0000000013,템퍼링 3호_템퍼1존(2존),0.37543949801951004,0.33759553181567403,0.2557972418224609,0.7317905475535426,,0.6083029782361233,0.7859603235283522
**********01,**********05,6,SS0000000031,템퍼링 3호_템퍼1존(3존),0.6962107539204787,0.4013939211824069,0.8477246422465287,0.43906433803071776,,0.4205030888596264,0.9169547789638232
**********01,**********05,6,SS0000000044,템퍼링 4호_템퍼1존(1존),0.9167526165019753,0.06495236553507377,0.005852620667618935,0.5824123145689143,,0.5214451476233175,0.3740425886956119
**********01,**********05,3,SS0000000009,템퍼링 4호_템퍼1존(2존),0.02441385459937495,0.28120796218031485,0.755739709778488,0.7736503919425726,,0.09540196366593678,0.6716691990750635
**********01,**********05,6,SS0000000031,템퍼링 4호_템퍼1존(3존),0.8887828423564954,0.7351358750795772,0.6408452216046552,0.3609195658534481,,0.5699117087551901,0.06962748399902019
**********01,**********05,3,SS0000000040,템퍼링 4호_템퍼1존(4존),0.9926906487121803,0.19958864138807864,0.9551605411239364,0.8542938833952608,,0.12279366544005388,0.5582117443355666
**********01,**********05,6,SS0000000031,템퍼링 4호_템퍼1존(5존),0.9409897997570187,0.4230442298006547,0.2526177669090526,0.796633848789145,,0.5522752948901192,0.1610799705405762
**********01,**********05,9,SS0000000002,템퍼링 4호_템퍼1존(6존),0.6811148582902594,0.5235929674709459,0.6646771479374491,0.018629784531686733,,0.24893516871126187,0.5101481520185933
**********01,**********05,6,SS0000000013,템퍼링 1호_템퍼1존(1존),0.18778827776065443,0.13919079872323226,0.5249659923651832,0.1168592415435522,,0.6349037059299684,0.02490071899240376
**********01,**********05,9,SS0000000029,템퍼링 1호_템퍼1존(2존),0.345028085768892,0.1642615701069825,0.27135114617222145,0.5117175336683777,,0.25175204398043727,0.9992739017439722
**********01,**********05,3,SS0000000050,템퍼링 1호_템퍼1존(3존),0.8294156590089276,0.5703303979118031,0.8344127721799961,0.33778159073652214,,0.7507311612599387,0.7123875605549796
**********01,**********05,9,SS0000000034,템퍼링 1호_템퍼1존(4존),0.02578174774531894,0.24580193229890956,0.40104674081136127,0.5707092410007392,,0.015756827488859648,0.14242310649230827
**********01,**********05,9,SS0000000020,템퍼링 2호_템퍼1존(1존),0.025023657489767093,0.3259163557360246,0.43463026170970553,0.1558416503394462,,0.616061586613046,0.8379037870847884
**********01,**********05,3,SS0000000014,템퍼링 2호_템퍼1존(2존),0.8180188030746721,0.733389060344337,0.5786205096363263,0.9314853904569106,,0.07226894923227334,0.7845442312284306
**********01,**********05,6,SS0000000019,템퍼링 2호_템퍼1존(3존),0.576226549586994,0.8309221441170375,0.9796577020652515,0.43232536225529206,,0.1982755614707542,0.4359956565714327
**********01,**********05,6,SS0000000036,템퍼링 2호_템퍼1존(4존),0.19128702852048152,0.5351331486524843,0.260397006396467,0.46581845025369906,,0.5533644219420407,0.33299024582988757
**********01,**********05,6,SS0000000019,템퍼링 2호_템퍼1존(5존),0.9478289057209526,0.5280293612242656,0.7615900371987434,0.09007212417098076,,0.09334953901036447,0.5639391615626794
**********01,**********05,9,SS0000000003,템퍼링 2호_템퍼1존(6존),0.7285397046575733,0.03878361681269549,0.49174755615625,0.9613071780075045,,0.7320691512361833,0.10830968446280986
**********01,**********05,6,SS0000000022,템퍼링 3호_템퍼1존(1존),0.8773257578384184,0.23644547851397102,0.6272583484284173,0.2750643083122164,,0.47011707421780313,0.6227388899881086
**********01,**********05,3,SS0000000019,템퍼링 3호_템퍼1존(2존),0.9878488082890743,0.038194783471399596,0.443414794413304,0.7449609940332642,,0.8794110933173713,0.2389587881507368
**********01,**********05,9,SS0000000038,템퍼링 3호_템퍼1존(3존),0.6805376501186423,0.4773104947430369,0.11178200673384964,0.7527058116863394,,0.9646205142458661,0.819184735333023
**********01,**********05,9,SS0000000049,템퍼링 4호_템퍼1존(1존),0.5970172535574454,0.30620952126126355,0.9581498408349528,0.811370622522082,,0.1882036629535404,0.40916295744760545
**********01,**********05,6,SS0000000026,템퍼링 4호_템퍼1존(2존),0.9407533136783264,0.07179178198544078,0.5498977606600562,0.5163495883557311,,0.13268622658942486,0.785377612375621
**********01,**********05,3,SS0000000007,템퍼링 4호_템퍼1존(3존),0.009009653154128605,0.017091394263299642,0.016761064904575407,0.11756424855306447,,0.05901052056275646,0.9276303560708827
**********01,**********05,9,SS0000000003,템퍼링 4호_템퍼1존(4존),0.7830417865554814,0.29139503670505096,0.09068044698092326,0.4796399184566741,,0.9231340657474917,0.6181078611873805
**********01,**********05,3,SS0000000025,템퍼링 4호_템퍼1존(5존),0.05770821789911884,0.8464527020115687,0.1862516601003078,0.7621790536312505,,0.4832579695945478,0.8873864587547761
**********01,**********05,6,SS0000000018,템퍼링 4호_템퍼1존(6존),0.3819480829600751,0.39274138940162795,0.03299389961976129,0.6910300732543541,,0.5065874623516045,0.9531034420004006
**********01,**********05,9,SS0000000015,템퍼링 1호_템퍼1존(1존),0.5032181800583947,0.2007385280292412,0.9189625483548491,0.4742358264778652,,0.9070282986692162,0.8571993529031708
**********01,**********05,6,SS0000000018,템퍼링 1호_템퍼1존(2존),0.5365375820855015,0.694750888972581,0.3000836565785755,0.2546971221385006,,0.45831702409283703,0.6022733276953006
**********01,**********05,3,SS0000000048,템퍼링 1호_템퍼1존(3존),0.040787210864149825,0.5010406914815339,0.9111736795695655,0.2868989659640371,,0.6667429463728468,0.6138381446101322
**********01,**********05,3,SS0000000026,템퍼링 1호_템퍼1존(4존),0.6128272940417855,0.06189525828031628,0.16735481082384285,0.9711829073914579,,0.8091520370324102,0.636151205456499
**********01,**********05,9,SS0000000048,템퍼링 2호_템퍼1존(1존),0.6255085165360236,0.8375946640315114,0.14559056908936785,0.09915249953078131,,0.7670772159845267,0.978130144009502
**********01,**********05,3,SS0000000007,템퍼링 2호_템퍼1존(2존),0.0056716459089636295,0.30571684677422395,0.8025041510489138,0.08068590537650333,,0.7667120670504738,0.7607790808626357
**********01,**********05,3,SS0000000015,템퍼링 2호_템퍼1존(3존),0.7764765655287312,0.6361778422472892,0.17634463660608302,0.32086354218704183,,0.3079863674451009,0.26097154981772286
**********01,**********05,6,SS0000000008,템퍼링 2호_템퍼1존(4존),0.031080728372220756,0.6107978851473702,0.8551360412677111,0.4670676689165819,,0.3522172206774795,0.17089349414863864
**********01,**********05,9,SS0000000030,템퍼링 2호_템퍼1존(5존),0.42891816294764396,0.28725565184273716,0.17035490882725857,0.9062454272761584,,0.10225632836979215,0.253788562648506
**********01,**********05,6,SS0000000026,템퍼링 2호_템퍼1존(6존),0.6199068618641614,0.6466040297677234,0.3433799978765657,0.9274323408035128,,0.3086304979729423,0.12912708284850172
**********01,**********05,6,SS0000000006,템퍼링 3호_템퍼1존(1존),0.047032442385157136,0.661480645423668,0.8995890035190616,0.2727865263298924,,0.49790370743871726,0.1899916178857941
**********01,**********05,6,SS0000000041,템퍼링 3호_템퍼1존(2존),0.6239923535288517,0.42877426574800603,0.7793367996776664,0.2643631937391493,,0.15859905776923267,0.10522639662785482
**********01,**********05,9,SS0000000039,템퍼링 3호_템퍼1존(3존),0.3887156197144759,0.6200355544143479,0.6148265657908364,0.9997267235887176,,0.35026776539790283,0.4073643505917768
**********01,**********05,3,SS0000000014,템퍼링 4호_템퍼1존(1존),0.6220073916196861,0.5818363186240745,0.7150874995268593,0.881914259937597,,0.935352032634147,0.45713743371093396
**********01,**********05,9,SS0000000011,템퍼링 4호_템퍼1존(2존),0.7063779946055361,0.12282797389508981,0.597766818768946,0.24896738725397805,,0.9810179606235148,0.4204715830177801
**********01,**********05,9,SS0000000008,템퍼링 4호_템퍼1존(3존),0.5752305093501529,0.885828023031344,0.46000713989664965,0.5658966928718113,,0.9540822236928194,0.7888368823354691
**********01,**********05,9,SS0000000013,템퍼링 4호_템퍼1존(4존),0.38766137623745345,0.9706501297043605,0.1762533436399516,0.12120664538586434,,0.028518561621701743,0.8395246141723214
**********01,**********05,6,SS0000000001,템퍼링 4호_템퍼1존(5존),0.5242952401936681,0.5132849366762752,0.09446446780765738,6.723314603784836e-05,,0.42241112058430685,0.6274176881329523
**********01,**********05,6,SS0000000024,템퍼링 4호_템퍼1존(6존),0.40229988746796075,0.8784372238225953,0.5174867771899588,0.22634125869887722,,0.8831423603739386,0.5020623023415414
**********01,**********05,6,SS0000000024,템퍼링 1호_템퍼1존(1존),0.5922911644525828,0.7407437449353209,0.06826701740971719,0.07456591357536402,,0.8981790262997382,0.30238372460341545
**********01,**********05,3,SS0000000049,템퍼링 1호_템퍼1존(2존),0.03361572680951308,0.9845187448933048,0.9676556735039215,0.6762824588793108,,0.9208781269068157,0.4646022857528008
**********01,**********05,6,SS0000000027,템퍼링 1호_템퍼1존(3존),0.9247532328148592,0.7302166972893083,0.19633080774182732,0.25188027536080515,,0.31657722117406417,0.05476208063869059
**********01,**********05,9,SS0000000022,템퍼링 1호_템퍼1존(4존),0.19250901221632377,0.32450843062352286,0.5662970973685997,0.01734859394919841,,0.307207721682212,0.5283368577146564
**********01,**********05,9,SS0000000036,템퍼링 2호_템퍼1존(1존),0.11497653037656008,0.9954825384783768,0.6824561790468843,0.4411265154259151,,0.6071528546036182,0.9133345306375821
**********01,**********05,9,SS0000000014,템퍼링 2호_템퍼1존(2존),0.6874095911465455,0.052757256867776436,0.09321691177070135,0.39161603180189364,,0.8598786246247705,0.47822950386064633
**********01,**********05,6,SS0000000005,템퍼링 2호_템퍼1존(3존),0.3695445971446041,0.0001742072913516468,0.2542463592174097,0.567146194356868,,0.9319066099418548,0.0017884201366418218
**********01,**********05,3,SS0000000018,템퍼링 2호_템퍼1존(4존),0.28803599134849434,0.5278676086470844,0.9959992899043408,0.0774227447737158,,0.2545368187235526,0.26064980456960907
**********01,**********05,3,SS0000000002,템퍼링 2호_템퍼1존(5존),0.2142644397505169,0.0666054290837319,0.6761783369193838,0.0025187461853648507,,0.25684109209667805,0.9287894389439036
**********01,**********05,3,SS0000000037,템퍼링 2호_템퍼1존(6존),0.37529176743670467,0.9266945079852261,0.14897815081249988,0.535832802926425,,0.4221616097073685,0.2944172454231869
**********01,**********05,9,SS0000000020,템퍼링 3호_템퍼1존(1존),0.5059001773928625,0.979457709667916,0.8595913584862491,0.9175567302718477,,0.2723292114706277,0.9210173567474695
**********01,**********05,9,SS0000000018,템퍼링 3호_템퍼1존(2존),0.5963523767644142,0.015593255592868949,0.7105756638096167,0.4306308315812012,,0.6263954807998499,0.9786811409123665
**********01,**********05,6,SS0000000019,템퍼링 3호_템퍼1존(3존),0.0016599324608461696,0.7227672372688053,0.8937541196657259,0.6763772422347452,,0.5504875905930421,0.5553388126491049
**********01,**********05,3,SS0000000036,템퍼링 4호_템퍼1존(1존),0.3740084279388438,0.87682028393493,0.3147920610091277,0.9942715359902308,,0.33305396644362895,0.02381922333139208
**********01,**********05,3,SS0000000011,템퍼링 4호_템퍼1존(2존),0.9795757441430781,0.38242919374937656,0.06287090325645472,0.3099234799922529,,0.2353423090601765,0.866433004488594
**********01,**********05,3,SS0000000050,템퍼링 4호_템퍼1존(3존),0.26156992472305074,0.2983754685224693,0.1938904595802654,0.16781930822019453,,0.8504488807925739,0.762861661273791
**********01,**********05,3,SS0000000026,템퍼링 4호_템퍼1존(4존),0.9848268644749428,0.8912462281786306,0.7055433214454356,0.9049626609204937,,0.5237323287953487,0.621117566598717
**********01,**********05,3,SS0000000031,템퍼링 4호_템퍼1존(5존),0.9122540187615296,0.5088771558010559,0.4335028609448133,0.12453853606327214,,0.03736913965549693,0.6210746119739683
**********01,**********05,3,SS0000000017,템퍼링 4호_템퍼1존(6존),0.3983630333465721,0.08455256286568857,0.41474266981730756,0.6555323325461233,,0.368037815921326,0.24375341525868988
**********01,**********05,6,SS0000000042,템퍼링 1호_템퍼1존(1존),0.2001173568882222,0.8326673732323105,0.2953269503867396,0.9512548284144989,,0.6115161022697811,0.16755704440366082
**********01,**********05,6,SS0000000042,템퍼링 1호_템퍼1존(2존),0.8822649054938657,0.6177768495200423,0.7686843179150472,0.6687177647034336,,0.4993033100129365,0.7292633348307204
**********01,**********05,3,SS0000000049,템퍼링 1호_템퍼1존(3존),0.5485330459433945,0.445047149732973,0.7193149860742339,0.3354176073032603,,0.9324507289705589,0.7229247947045058
**********01,**********05,3,SS0000000013,템퍼링 1호_템퍼1존(4존),0.5861408613735135,0.5139465645431153,0.5684636315066873,0.21267381134322672,,0.10202982537013783,0.7459752940660296
**********01,**********05,6,SS0000000050,템퍼링 2호_템퍼1존(1존),0.718318271790891,0.46105285575591104,0.16496868602613524,0.4636857592582653,,0.18828855601144778,0.5422236514441336
**********01,**********05,6,SS0000000040,템퍼링 2호_템퍼1존(2존),0.8040786666861467,0.02369604473754039,0.22208755643334432,0.6707748973404659,,0.17662849849383078,0.04639552183720064
**********01,**********05,3,SS0000000021,템퍼링 2호_템퍼1존(3존),0.6120267897310216,0.0011298532520291893,0.6586747972752117,0.05862589654818229,,0.930822075728179,0.9845268705344307
**********01,**********05,3,SS0000000027,템퍼링 2호_템퍼1존(4존),0.5369406573401212,0.14893026183379376,0.7710361076417638,0.43693974670786495,,0.7665844643530476,0.0423788332490066
**********01,**********05,6,SS0000000015,템퍼링 2호_템퍼1존(5존),0.6881380197025899,0.9408184586524752,0.5670078591352089,0.5217136036231624,,0.621677344662703,0.16265428074684696
**********01,**********05,9,SS0000000028,템퍼링 2호_템퍼1존(6존),0.106815249003396,0.5093446584357831,0.583147538263865,0.5913298251792981,,0.5593898228758374,0.1894088141117961
**********01,**********05,3,SS0000000030,템퍼링 3호_템퍼1존(1존),0.31708208710076147,0.07518303089072809,0.4835697640782509,0.39782511292368605,,0.2123570055721854,0.7886172445549886
**********01,**********05,6,SS0000000020,템퍼링 3호_템퍼1존(2존),0.9788255564974416,0.3247610039265033,0.3814453503336178,0.3961699104784948,,0.8538497974941947,0.22282013964954306
**********01,**********05,3,SS0000000034,템퍼링 3호_템퍼1존(3존),0.308826577796663,0.5922609908605821,0.9248655177204981,0.8423154945385876,,0.4777509806825698,0.8418000994082415
**********01,**********05,6,SS0000000015,템퍼링 4호_템퍼1존(1존),0.40365219634330196,0.733725883992648,0.5724738982721558,0.4356285335509791,,0.6033488215986478,0.8957083611115125
**********01,**********05,9,SS0000000028,템퍼링 4호_템퍼1존(2존),0.21917479505883242,0.4184052332093381,0.12005945718527167,0.7992571018354956,,0.42371846400189894,0.9455098769231337
**********01,**********05,9,SS0000000025,템퍼링 4호_템퍼1존(3존),0.2880146762129845,0.6332143206006434,0.1894467777816602,0.3269502317152124,,0.1958861374658768,0.9206574223294192
**********01,**********05,3,SS0000000037,템퍼링 4호_템퍼1존(4존),0.5723435577421868,0.737119211540073,0.9241309747694627,0.6255480001644552,,0.21966147731753916,0.3432507959972705
**********01,**********05,3,SS0000000042,템퍼링 4호_템퍼1존(5존),0.2864815696094951,0.3073171347449778,0.4011115232143502,0.96607783874847,,0.9287445833131899,0.5929807654070162
**********01,**********05,3,SS0000000039,템퍼링 4호_템퍼1존(6존),0.14561392225412562,0.877962240930952,0.986837613386449,0.8062343897348679,,0.3750317870000046,0.6505885085644002
**********01,**********05,6,SS0000000049,템퍼링 1호_템퍼1존(1존),0.23523591791115606,0.9687227867837656,0.9314493222392841,0.31479315459837787,,0.6593731192965029,0.829878106896134
**********01,**********05,3,SS0000000024,템퍼링 1호_템퍼1존(2존),0.6510424055169811,0.1060586260514288,0.23628350101647977,0.7840709501865065,,0.231419456782625,0.5511729469777161
**********01,**********05,3,SS0000000008,템퍼링 1호_템퍼1존(3존),0.4988891434286524,0.3881849165735263,0.24091459458068476,0.39036040540449035,,0.5049806880216273,0.9188136051552886
**********01,**********05,9,SS0000000031,템퍼링 1호_템퍼1존(4존),0.36190257377521584,0.036295106740740435,0.6436307057151106,0.5946263948827424,,0.2097221906660004,0.8595673160941196
**********01,**********05,3,SS0000000030,템퍼링 2호_템퍼1존(1존),0.0640132710491842,0.8874764550960651,0.7216188097074439,0.14368191726224377,,0.5546990601427407,0.6943858789073448
**********01,**********05,9,SS0000000029,템퍼링 2호_템퍼1존(2존),0.9286621124695573,0.5450782275695611,0.7253971354138111,0.02064249135577767,,0.5605768329527469,0.18603148652640134
**********01,**********05,6,SS0000000047,템퍼링 2호_템퍼1존(3존),0.46407303175878234,0.9959171251453233,0.8736985094242435,0.5435296347937192,,0.7033396602520496,0.5647869404969117
**********01,**********05,9,SS0000000040,템퍼링 2호_템퍼1존(4존),0.015785129844634538,0.038142001781367174,0.030086233217905822,0.9226359653657051,,0.274779548006987,0.6720282216915141
**********01,**********05,9,SS0000000001,템퍼링 2호_템퍼1존(5존),0.7158204696840499,0.7404132313369234,0.4691005750266557,0.8525711734952853,,0.8916629813456048,0.038081726187162435
**********01,**********05,3,SS0000000033,템퍼링 2호_템퍼1존(6존),0.64487641751586,0.7690539020294253,0.24900186033988314,0.33033676395273304,,0.5954417417427338,0.4843103017092747
**********01,**********05,9,SS0000000007,템퍼링 3호_템퍼1존(1존),0.5174478375467205,0.513487804417017,0.19604122152579684,0.1295607397898192,,0.308378168842788,0.5366984994945987
**********01,**********05,3,SS0000000040,템퍼링 3호_템퍼1존(2존),0.8990050516344456,0.8278029644456912,0.07584426931230681,0.46762516209560534,,0.4217200428959934,0.6001564079973664
**********01,**********05,6,SS0000000009,템퍼링 3호_템퍼1존(3존),0.19473235600468597,0.3838009552294208,0.9634119522925778,0.272246835680376,,0.6201403876508195,0.45252699633074644
**********01,**********05,9,SS0000000018,템퍼링 4호_템퍼1존(1존),0.8565166647208737,0.5462562096017346,0.8198002122970292,0.05714231312463003,,0.44556225204363387,0.10243490825879453
**********01,**********05,3,SS0000000038,템퍼링 4호_템퍼1존(2존),0.11037996013485474,0.33312993204400354,0.28629715930688604,0.8550322036190333,,0.064213549613098,0.40378326836385503
**********01,**********05,6,SS0000000005,템퍼링 4호_템퍼1존(3존),0.10969011156892672,0.44747074287187283,0.45049330076154415,0.07796696321391994,,0.1330552842243351,0.12250737332975903
**********01,**********05,9,SS0000000046,템퍼링 4호_템퍼1존(4존),0.5511969558876405,0.2393925747351615,0.8701696748316303,0.6398469206515139,,0.9937734383836212,0.48845428485147335
**********01,**********05,6,SS0000000011,템퍼링 4호_템퍼1존(5존),0.9333975296072835,0.11861563956441001,0.2751715197621051,0.7045395696542925,,0.42276776163183194,0.4552727410862677
**********01,**********05,3,SS0000000035,템퍼링 4호_템퍼1존(6존),0.23800377045415178,0.41285027143904107,0.3060144529460356,0.656749374296335,,0.7389696357170001,0.7336918026790086
**********01,**********05,9,SS0000000036,템퍼링 1호_템퍼1존(1존),0.44500570652944416,0.11383185317163458,0.08243690086681044,0.008973898612216868,,0.2295662055421024,0.842086751929794
**********01,**********05,3,SS0000000042,템퍼링 1호_템퍼1존(2존),0.3577142819183311,0.37123508240678327,0.8977244975932672,0.4656364093124009,,0.6200324257297819,0.7258566508288377
**********01,**********05,9,SS0000000005,템퍼링 1호_템퍼1존(3존),0.42082505136613635,0.8340853733494165,0.9984992107242951,0.46790032134278847,,0.05775663286831145,0.439121719759617
**********01,**********05,6,SS0000000032,템퍼링 1호_템퍼1존(4존),0.007536773709349021,0.5353187110831448,0.719124106283736,0.23992096514286798,,0.40162938150056726,0.3980502024265188
**********01,**********05,3,SS0000000033,템퍼링 2호_템퍼1존(1존),0.8835555409292495,0.6161814074349335,0.2641429846686797,0.3356005288382071,,0.3335622842921172,0.9306863953487237
**********01,**********05,3,SS0000000046,템퍼링 2호_템퍼1존(2존),0.7745028286101047,0.6768882460704446,0.700605863918946,0.3018806791253812,,0.071602432970854,0.41764068166958945
**********01,**********05,3,SS0000000033,템퍼링 2호_템퍼1존(3존),0.7893008397349824,0.22067463153120914,0.3783252907035499,0.8081425290635965,,0.8709939356744557,0.49872656833721307
**********01,**********05,3,SS0000000013,템퍼링 2호_템퍼1존(4존),0.4511406797874018,0.9605535622767862,0.02562427288541047,0.7048770472667684,,0.9578127295112046,0.10324690930196656
**********01,**********05,9,SS0000000027,템퍼링 2호_템퍼1존(5존),0.36975374296133257,0.289798519334615,0.738521647107112,0.8966517406720639,,0.84631881058066,0.2506802559311665
**********01,**********05,6,SS0000000007,템퍼링 2호_템퍼1존(6존),0.747531373864742,0.06144093156701824,0.797421599935983,0.16352669839358536,,0.9990247970342826,0.24161215224586485
**********01,**********05,3,SS0000000016,템퍼링 3호_템퍼1존(1존),0.8719438663518403,0.009304039642986539,0.22346419487405833,0.14589837956079654,,0.41912551720202684,0.12041751873433648
**********01,**********05,3,SS0000000041,템퍼링 3호_템퍼1존(2존),0.26662544868467397,0.3057765025237251,0.20404841629360304,0.25072201010005757,,0.6915483978480171,0.9047491175018553
**********01,**********05,9,SS0000000027,템퍼링 3호_템퍼1존(3존),0.10057216915188094,0.2950754213917097,0.25192132545261847,0.38669529144753134,,0.18861264002009648,0.4730452574506234
**********01,**********05,3,SS0000000023,템퍼링 4호_템퍼1존(1존),0.43741844539009656,0.8439765851468254,0.25431336264181437,0.07350206010182647,,0.32578001576426063,0.5389170069672203
**********01,**********05,6,SS0000000031,템퍼링 4호_템퍼1존(2존),0.23852362501141955,0.6219736365329037,0.9895883843792477,0.950214635611617,,0.6082120241826536,0.26770340789933433
**********01,**********05,9,SS0000000044,템퍼링 4호_템퍼1존(3존),0.6333185482498638,0.012855617860847324,0.1791054392524909,0.017283166313742493,,0.8908775574135719,0.24475496038942235
**********01,**********05,6,SS0000000001,템퍼링 4호_템퍼1존(4존),0.9120159327639067,0.19203810512094022,0.7685276614221251,0.7284624226569326,,0.7670433696139476,0.9204875320450125
**********01,**********05,9,SS0000000050,템퍼링 4호_템퍼1존(5존),0.8252287931259431,0.12732825784471535,0.031002576147948546,0.07775387478057039,,0.663088268006344,0.1235967176955669
**********01,**********05,3,SS0000000042,템퍼링 4호_템퍼1존(6존),0.8063722315993368,0.9591410011629647,0.16948306476602826,0.04480836697432411,,0.6182499826104592,0.9323910273720613
**********01,**********05,3,SS0000000014,템퍼링 1호_템퍼1존(1존),0.3152777742557602,0.041556168878923105,0.8347109638844179,0.8616371456135854,,0.9630721214801404,0.397327979898803
**********01,**********05,6,SS0000000045,템퍼링 1호_템퍼1존(2존),0.09705867578381577,0.3028992862812927,0.6150567581507119,0.19558099532436923,,0.7626376367201764,0.6613796356345212
**********01,**********05,3,SS0000000044,템퍼링 1호_템퍼1존(3존),0.7865206060714276,0.7476838058378301,0.1770684814037805,0.7176046111016242,,0.1268247496017768,0.6800209519547087
**********01,**********05,9,SS0000000033,템퍼링 1호_템퍼1존(4존),0.27945178980779106,0.8586043107037868,0.35158865059638844,0.3345941463612575,,0.7790403800182877,0.3772822454172715
**********01,**********05,9,SS0000000045,템퍼링 2호_템퍼1존(1존),0.8963928926009854,0.05036787092889461,0.7137663995305581,0.1321008172765612,,0.8749391601581015,0.06380971947271885
**********01,**********05,3,SS0000000009,템퍼링 2호_템퍼1존(2존),0.8433393172454966,0.8743373455324034,0.9600535159685912,0.5680683109780836,,0.5774509217192321,0.48231282152392485
**********01,**********05,9,SS0000000042,템퍼링 2호_템퍼1존(3존),0.1341419652601411,0.0037287898733683322,0.990306130714855,0.019114068455900135,,0.514678817876391,0.8846205030423725
**********01,**********05,3,SS0000000001,템퍼링 2호_템퍼1존(4존),0.21860160927362693,0.6283262325430948,0.5080286247273581,0.7485000903103937,,0.5766018985475689,0.3848104228522282
**********01,**********05,6,SS0000000035,템퍼링 2호_템퍼1존(5존),0.3114893005515903,0.9310986240909961,0.21639528199373614,0.022965266193266554,,0.4069810433634736,0.34416632001163816
**********01,**********05,6,SS0000000036,템퍼링 2호_템퍼1존(6존),0.1001485880393771,0.8542560178932986,0.8527231825122339,0.34842060351012305,,0.41557457603016945,0.7010717099124435
**********01,**********05,9,SS0000000049,템퍼링 3호_템퍼1존(1존),0.30001240245074423,0.34018472939073763,0.03471806417604262,0.6790003953101568,,0.010596310662775221,0.9249059806174277
**********01,**********05,3,SS0000000039,템퍼링 3호_템퍼1존(2존),0.8576616796022588,0.7177167560836389,0.4114474619981293,0.465511714031031,,0.9016646851661035,0.11403272692679778
**********01,**********05,3,SS0000000009,템퍼링 3호_템퍼1존(3존),0.17195195551713438,0.6211612014125728,0.7421728258024639,0.8985486683335917,,0.29418081530641804,0.8647325066465663
**********01,**********05,9,SS0000000022,템퍼링 4호_템퍼1존(1존),0.6159328984359602,0.7137244139314342,0.6394418528801727,0.08359674805564121,,0.9311204777791968,0.6807083512356072
**********01,**********05,9,SS0000000033,템퍼링 4호_템퍼1존(2존),0.6655373010299834,0.12135451287459509,0.20687538510892944,0.22031097996086302,,0.7343182288510471,0.7856343278424318
**********01,**********05,9,SS0000000018,템퍼링 4호_템퍼1존(3존),0.368190638870852,0.3274504534873387,0.6509010447614333,0.03215226159693674,,0.8749428200601286,0.23028380967004913
**********01,**********05,6,SS0000000035,템퍼링 4호_템퍼1존(4존),0.1250261606380596,0.37097110695286706,0.3586232851080151,0.3593411263085211,,0.09011212362699961,0.060320964643261865
**********01,**********05,3,SS0000000011,템퍼링 4호_템퍼1존(5존),0.15472302803930615,0.18273091032089295,0.4379669745558167,0.6214272390785488,,0.2119178556584389,0.4585434903338158
**********01,**********05,9,SS0000000016,템퍼링 4호_템퍼1존(6존),0.050812566313899854,0.08052183225843124,0.08691666702984402,0.5028331945064489,,0.36768323470959563,0.2919901863146891
**********01,**********05,3,SS0000000032,템퍼링 1호_템퍼1존(1존),0.9475584742231516,0.2364065964483466,0.9310940305236273,0.05281417927997767,,0.6579443475391736,0.22032757661072955
**********01,**********05,9,SS0000000012,템퍼링 1호_템퍼1존(2존),0.6658455537067044,0.33092596115439266,0.9850541043772467,0.16706197024666092,,0.6703546238950285,0.904888256553473
**********01,**********05,9,SS0000000020,템퍼링 1호_템퍼1존(3존),0.6576565308349075,0.11535159684627805,0.00247670060984162,0.7990662397432738,,0.24000547802447825,0.13151068094842555
**********01,**********05,6,SS0000000010,템퍼링 1호_템퍼1존(4존),0.07192868378529649,0.22950968993416,0.3040612648928246,0.563041345429677,,0.27271508178451276,0.2902542051065048
**********01,**********05,9,SS0000000046,템퍼링 2호_템퍼1존(1존),0.4530577001550905,0.6802879117966617,0.665692294993267,0.5557230201366795,,0.8094684356397057,0.037137449761223906
**********01,**********05,6,SS0000000026,템퍼링 2호_템퍼1존(2존),0.02285233857656488,0.340535179635298,0.0825388776846252,0.05666960501683105,,0.33704774990068975,0.9206668128356498
**********01,**********05,9,SS0000000034,템퍼링 2호_템퍼1존(3존),0.7396846012710564,0.5472751424117345,0.6805842640565406,0.716573799135087,,0.39093372560534334,0.5023340526440009
**********01,**********05,6,SS0000000046,템퍼링 2호_템퍼1존(4존),0.21309101408179332,0.9941559068770635,0.460658334431595,0.33960094147784536,,0.9583830148660964,0.7508432684087519
**********01,**********05,6,SS0000000042,템퍼링 2호_템퍼1존(5존),0.27278554375178676,0.051409331214817056,0.23462747768011927,0.16322238429280744,,0.0785732048554012,0.4363805762954983
**********01,**********05,3,SS0000000050,템퍼링 2호_템퍼1존(6존),0.4232390781170593,0.44892418992966554,0.002459246976250551,0.4253442102267525,,0.06241357430571626,0.016292492487197996
**********01,**********05,9,SS0000000035,템퍼링 3호_템퍼1존(1존),0.03558011136245176,0.7406591015654707,0.9053900718517262,0.19668037642124492,,0.9435660640187088,0.07549126652863691
**********01,**********05,9,SS0000000015,템퍼링 3호_템퍼1존(2존),0.13672826347920874,0.09582287620631669,0.36127584076265384,0.2754660326134082,,0.44375627914886495,0.6320501343264221
**********01,**********05,3,SS0000000039,템퍼링 3호_템퍼1존(3존),0.5339466894119209,0.3279122391097865,0.9295441066491531,0.9614657185180375,,0.07917081159831041,0.5085052754510851
**********01,**********05,3,SS0000000017,템퍼링 4호_템퍼1존(1존),0.8022010560114653,0.49450607199299657,0.9127552856128694,0.5738317677316547,,0.9191453687260456,0.7801299210568844
**********01,**********05,3,SS0000000044,템퍼링 4호_템퍼1존(2존),0.6128687042314233,0.8240172676063743,0.910384184211432,0.26203918586428376,,0.3969777697266442,0.6789094378954259
**********01,**********05,3,SS0000000042,템퍼링 4호_템퍼1존(3존),0.15069479598070323,0.7197543795285289,0.9297227067835231,0.24832407784697408,,0.8751395196237365,0.10702811963855852
**********01,**********05,9,SS0000000003,템퍼링 4호_템퍼1존(4존),0.2728664135976744,0.24067958025115077,0.8694790647471141,0.466618853290627,,0.8866425117771135,0.1256772468293611
**********01,**********05,6,SS0000000042,템퍼링 4호_템퍼1존(5존),0.672386212683217,0.895062702838521,0.12469838559112434,0.5540097264705339,,0.5565472447521296,0.06374447893128166
**********01,**********05,9,SS0000000028,템퍼링 4호_템퍼1존(6존),0.20081950700345774,0.39877652534938857,0.4664418583006381,0.13556296301642368,,0.32794244439360787,0.5646664675864499
**********01,**********05,9,SS0000000042,템퍼링 1호_템퍼1존(1존),0.8438755622178195,0.9159798133470429,0.9860485234321391,0.5911158664106875,,3.487768272836256e-05,0.10524327967583635
**********01,**********05,6,SS0000000002,템퍼링 1호_템퍼1존(2존),0.9572615847361453,0.36375895220417875,0.09930689922212277,0.5153144191139476,,0.989762488936276,0.7478624149927277
**********01,**********05,9,SS0000000002,템퍼링 1호_템퍼1존(3존),0.5670244868986322,0.9942940171742539,0.9379740524491234,0.5354264671585794,,0.12384875923296901,0.5100270901505914
**********01,**********05,3,SS0000000045,템퍼링 1호_템퍼1존(4존),0.006778640632306043,0.9291064917286322,0.23212394641459388,0.19572838857813402,,0.391338257943769,0.07863853460643455
**********01,**********05,3,SS0000000011,템퍼링 2호_템퍼1존(1존),0.5932451767979469,0.3950052006227537,0.8830517486671867,0.5728264816449287,,0.23924658669077337,0.5607763888944225
**********01,**********05,6,SS0000000027,템퍼링 2호_템퍼1존(2존),0.3739695857137272,0.27920349807723066,0.994156263396357,0.2506066844685626,,0.44513093593924724,0.7058306949972636
**********01,**********05,3,SS0000000043,템퍼링 2호_템퍼1존(3존),0.15646903750035168,0.767193756009508,0.09461900069126816,0.8269397486988376,,0.37251577885601983,0.5046274810553366
**********01,**********05,6,SS0000000014,템퍼링 2호_템퍼1존(4존),0.31711227136278763,0.9062357030229085,0.763666503692842,0.32868820143688937,,0.33576242668236345,0.46003027551094133
**********01,**********05,9,SS0000000011,템퍼링 2호_템퍼1존(5존),0.7291724346745887,0.847931719915568,0.7839552741640073,0.041244955399884486,,0.31923871000496273,0.24693207217871638
**********01,**********05,6,SS0000000049,템퍼링 2호_템퍼1존(6존),0.646011648586069,0.023226544273347804,0.7901675048561646,0.23878064078913241,,0.8853645714282603,0.5292112488579389
**********01,**********05,6,SS0000000012,템퍼링 3호_템퍼1존(1존),0.4255970167702007,0.030106213178183405,0.09327031637881389,0.766416933040947,,0.23641336959568893,0.7723626844379526
**********01,**********05,3,SS0000000034,템퍼링 3호_템퍼1존(2존),0.4541002728217305,0.7018738332812172,0.2275973010673451,0.6678341021448999,,0.8848050526081523,0.27183739981588784
**********01,**********05,9,SS0000000038,템퍼링 3호_템퍼1존(3존),0.573111226431648,0.33577425940590255,0.1169365797589742,0.27927504754598464,,0.9902295009920626,0.7557332873348346
**********01,**********05,3,SS0000000030,템퍼링 4호_템퍼1존(1존),0.25162445519551047,0.007275534489400437,0.772193867855836,0.525275139489821,,0.813079047966116,0.04585968851253286
**********01,**********05,6,SS0000000035,템퍼링 4호_템퍼1존(2존),0.04784572663739495,0.35060304848813206,0.17871703216114698,0.36019564063963516,,0.20610812579183446,0.7422469558097804
**********01,**********05,9,SS0000000025,템퍼링 4호_템퍼1존(3존),0.6758437819271024,0.7567538551674482,0.6386302559391657,0.7364366886076846,,0.05582330279987391,0.3111279247132852
**********01,**********05,9,SS0000000006,템퍼링 4호_템퍼1존(4존),0.36551699566380635,0.8276517179602737,0.7234210939871262,0.7794050465971422,,0.057001778974857586,0.2114411037439221
**********01,**********05,3,SS0000000046,템퍼링 4호_템퍼1존(5존),0.34162117253057367,0.44788593498553464,0.21529939461744718,0.9929983207019318,,0.6351574110680589,0.1349328796448367
**********01,**********05,9,SS0000000014,템퍼링 4호_템퍼1존(6존),0.42984954136386466,0.23487583031272707,0.6803658056153837,0.7956150873602272,,0.6087913785112652,0.35703921280821427
**********01,**********05,6,SS0000000003,템퍼링 1호_템퍼1존(1존),0.4932949445033282,0.12932158375292935,0.23349339333977692,0.8838665789886014,,0.3681691124133243,0.15667417454387844
**********01,**********05,9,SS0000000007,템퍼링 1호_템퍼1존(2존),0.5131120822787844,0.23787307302419147,0.973943386774845,0.5080637068597849,,0.2951026597493136,0.5106406353058613
**********01,**********05,9,SS0000000040,템퍼링 1호_템퍼1존(3존),0.4929224624868829,0.320947243228614,0.21973346463515975,0.6301405204585798,,0.4468262785867422,0.5776840162151958
**********01,**********05,9,SS0000000025,템퍼링 1호_템퍼1존(4존),0.9296203435504499,0.9095606223675218,0.2614930076248716,0.2521415567867811,,0.8534118779722277,0.42162810274596085
**********01,**********05,3,SS0000000031,템퍼링 2호_템퍼1존(1존),0.17027696253979352,0.06889142434431705,0.9708043556517553,0.7189074959544156,,0.4621047974461968,0.5016051588954799
**********01,**********05,9,SS0000000013,템퍼링 2호_템퍼1존(2존),0.3211854193270799,0.5760294150322296,0.515813920155031,0.3067592361226793,,0.7520922861227676,0.27937179041559546
**********01,**********05,3,SS0000000050,템퍼링 2호_템퍼1존(3존),0.9798907992088395,0.41463248959134247,0.7825450504698197,0.20117500062617888,,0.0576437127263838,0.36672734857955813
**********01,**********05,9,SS0000000023,템퍼링 2호_템퍼1존(4존),0.8491145866268058,0.8224944522032511,0.6071920302263899,0.0064854625952380784,,0.8372133840104382,0.5342791935083903
**********01,**********05,9,SS0000000037,템퍼링 2호_템퍼1존(5존),0.8772264345197326,0.9704150078845947,0.7264299554962024,0.21972839498169705,,0.8359047440721399,0.9609549831016376
**********01,**********05,3,SS0000000015,템퍼링 2호_템퍼1존(6존),0.8237475013359146,0.8859370005454428,0.9352298032659384,0.2126778760943867,,0.22506765201574397,0.6506604928092502
**********01,**********05,9,SS0000000014,템퍼링 3호_템퍼1존(1존),0.05852642967461841,0.06761977970401745,0.7217813683015628,0.35187249864866477,,0.5029279858463112,0.39102985482462393
**********01,**********05,3,SS0000000044,템퍼링 3호_템퍼1존(2존),0.5250567081063261,0.7304452301043687,0.04384318268298948,0.11310984904389909,,0.7611798377795184,0.027855896854080853
**********01,**********05,3,SS0000000035,템퍼링 3호_템퍼1존(3존),0.5446068231458506,0.4140085287645925,0.28502691768459365,0.3435211338066758,,0.7009254976532926,0.785202321155008
**********01,**********05,9,SS0000000016,템퍼링 4호_템퍼1존(1존),0.30597940585700456,0.4804209819776828,0.5657216898911418,0.09266426694188745,,0.6095785848214135,0.906036413879173
**********01,**********05,9,SS0000000004,템퍼링 4호_템퍼1존(2존),0.08468256658564377,0.3518625672971374,0.29371181610429076,0.20944630371586448,,0.9639470803440785,0.48087724371215834
**********01,**********05,3,SS0000000027,템퍼링 4호_템퍼1존(3존),0.31703875504605394,0.11948699462710977,0.3826373049028975,0.2536871106458255,,0.1302901936682882,0.9760684500105448
**********01,**********05,9,SS0000000004,템퍼링 4호_템퍼1존(4존),0.6742681089142095,0.6592607627681991,0.01929662275958377,0.6678020487070535,,0.3786635233424416,0.25551323509887836
**********01,**********05,9,SS0000000021,템퍼링 4호_템퍼1존(5존),0.9050902248889792,0.9024178492872721,0.07232264324102988,0.036634761643151714,,0.09352997510667016,0.3515782321821771
**********01,**********05,3,SS0000000006,템퍼링 4호_템퍼1존(6존),0.6515203195290423,0.9295574403929023,0.245451866194206,0.13046477641992582,,0.6221943773417822,0.5390143525922683
**********01,**********05,6,SS0000000046,템퍼링 1호_템퍼1존(1존),0.675995920135117,0.8370106328206985,0.1515071693293547,0.4844183221964423,,0.6435945086716076,0.07999204907559687
**********01,**********05,3,SS0000000008,템퍼링 1호_템퍼1존(2존),0.6556887664016526,0.5741376504260323,0.3959032561836857,0.21722986899743346,,0.4710458109123664,0.15219559635968438
**********01,**********05,3,SS0000000036,템퍼링 1호_템퍼1존(3존),0.2097859316803673,0.46163270234886844,0.6400940466855638,0.45479619016460116,,0.6863414686810089,0.7559844519439024
**********01,**********05,3,SS0000000050,템퍼링 1호_템퍼1존(4존),0.5113834893571442,0.5001782907916547,0.5387474122254005,0.78225562932196,,0.838875447219546,0.7293570630930694
**********01,**********05,6,SS0000000038,템퍼링 2호_템퍼1존(1존),0.9270772043714235,0.9569019109403922,0.6923475948618724,0.014550369697718946,,0.8655482087522274,0.29292237712495706
**********01,**********05,3,SS0000000018,템퍼링 2호_템퍼1존(2존),0.9068695098749368,0.7378630533782904,0.21363877209025817,0.819813348689054,,0.6597265318590373,0.46143211390717964
**********01,**********05,3,SS0000000012,템퍼링 2호_템퍼1존(3존),0.7264415079867073,0.9201441451448786,0.17264700603935457,0.7744665250893162,,0.2937087724356563,0.6175252156488115
**********01,**********05,9,SS0000000040,템퍼링 2호_템퍼1존(4존),0.4646710378199749,0.4117603873506136,0.5111989902214041,0.45655760860397376,,0.19665319560551708,0.8247105344288027
**********01,**********05,9,SS0000000009,템퍼링 2호_템퍼1존(5존),0.12782113841634601,0.7609174310149226,0.4887191080647404,0.44459327533844106,,0.27678610048657337,0.5056347541335178
**********01,**********05,3,SS0000000041,템퍼링 2호_템퍼1존(6존),0.7104031178309927,0.732622104178053,0.8310080495629537,0.9194973417059737,,0.045662132899370045,0.07236046496453474
**********01,**********05,6,SS0000000034,템퍼링 3호_템퍼1존(1존),0.07881997888978065,0.4420632301924493,0.36439598611135426,0.44469053061437325,,0.6604628227309337,0.7557620164206855
**********01,**********05,9,SS0000000004,템퍼링 3호_템퍼1존(2존),0.9696619310641851,0.005290055886553846,0.2664899780674316,0.5598088197929361,,0.8308609633875995,0.4545678084532463
**********01,**********05,9,SS0000000035,템퍼링 3호_템퍼1존(3존),0.17007902308114475,0.22176174298378282,0.5235175972102898,0.6492661723101989,,0.01442939702222723,0.13448438150105424
**********01,**********05,6,SS0000000017,템퍼링 4호_템퍼1존(1존),0.7972117338919505,0.9686173928586849,0.11815091066659855,0.25865714688458896,,0.20575444205097004,0.9306119024684708
**********01,**********05,6,SS0000000022,템퍼링 4호_템퍼1존(2존),0.7162476206862723,0.8503997266215446,0.8077509497453219,0.476334307262663,,0.13796436177931792,0.6759085489912726
**********01,**********05,6,SS0000000023,템퍼링 4호_템퍼1존(3존),0.9511051323941402,0.06514934602294653,0.20254584560020794,0.20483507582057814,,0.10472069899621927,0.027062397137136096
**********01,**********05,6,SS0000000009,템퍼링 4호_템퍼1존(4존),0.4837948721562556,0.7111485228484496,0.7087339961611625,0.922633717995962,,0.6303937896497968,0.14172831159888277
**********01,**********05,3,SS0000000010,템퍼링 4호_템퍼1존(5존),0.7162501598509919,0.3889755358861928,0.16791717079188173,0.37970746427735524,,0.17163583000550764,0.1789544349789034
**********01,**********05,9,SS0000000021,템퍼링 4호_템퍼1존(6존),0.3818946840474131,0.4134936803999091,0.19525440144154416,0.0986877974075614,,0.7650841411168327,0.6992006661785698
**********01,**********05,3,SS0000000031,템퍼링 1호_템퍼1존(1존),0.36527618592800426,0.930040099376131,0.032327625097906765,0.6693287275687939,,0.4113765984036465,0.36150971501404006
**********01,**********05,3,SS0000000027,템퍼링 1호_템퍼1존(2존),0.14601498840131777,0.5324722067910104,0.7795241988445705,0.07999220364809023,,0.22839854782315439,0.3256488340671191
**********01,**********05,9,SS0000000005,템퍼링 1호_템퍼1존(3존),0.8054154573848886,0.33939300922949145,0.49092651785536967,0.654284908281712,,0.37509637745357094,0.7307597406700176
**********01,**********05,6,SS0000000045,템퍼링 1호_템퍼1존(4존),0.030273139394849102,0.038024544097682855,0.7797491044337472,0.37343578135872213,,0.6163598206923412,0.9695767382592096
**********01,**********05,6,SS0000000020,템퍼링 2호_템퍼1존(1존),0.8588032776176884,0.7446735800873391,0.7497179023410628,0.7727945566903719,,0.6171291380346843,0.6697660699222239
**********01,**********05,9,SS0000000031,템퍼링 2호_템퍼1존(2존),0.8198089704989432,0.4639557712054525,0.8281557468209503,0.765914271308965,,0.8353180776333518,0.5235731598411449
**********01,**********05,6,SS0000000016,템퍼링 2호_템퍼1존(3존),0.0748109625256822,0.7338125671992887,0.8383082701048372,0.4989452768845192,,0.5398914309163954,0.25003934056928
**********01,**********05,3,SS0000000022,템퍼링 2호_템퍼1존(4존),0.4591947222030923,0.4221283560713954,0.4874575787166303,0.18439993423980827,,0.2886415966822171,0.08252317074548199
**********01,**********05,6,SS0000000050,템퍼링 2호_템퍼1존(5존),0.03639406494141184,0.3373251814925293,0.646310551946994,0.894796470679573,,0.9985505777295997,0.33748958079773306
**********01,**********05,6,SS0000000024,템퍼링 2호_템퍼1존(6존),0.4750927656397077,0.4769996392121464,0.8833237390950636,0.11903756367405849,,0.5142565653263257,0.25936079220582176
**********01,**********05,9,SS0000000024,템퍼링 3호_템퍼1존(1존),0.4385043736562265,0.8494366082256107,0.7190054826739452,0.8544107129886015,,0.18219087938754885,0.21668733842912202
**********01,**********05,6,SS0000000018,템퍼링 3호_템퍼1존(2존),0.834191288191006,0.45001990612165454,0.904008563588289,0.3726800039365541,,0.6541612946947176,0.15228189058387098
**********01,**********05,6,SS0000000009,템퍼링 3호_템퍼1존(3존),0.8333319005240204,0.8864971895776125,0.19594691013135002,0.3281678076205793,,0.2986583366784179,0.02895405597052969
**********01,**********05,6,SS0000000032,템퍼링 4호_템퍼1존(1존),0.30255267515463913,0.6695785952079045,0.19850673909190608,0.3876751933883712,,0.039141093328267096,0.443275032226742
**********01,**********05,6,SS0000000009,템퍼링 4호_템퍼1존(2존),0.08235635577500855,0.5363699027814162,0.7123236620649104,0.2702011308148372,,0.10102506159010605,0.7411136906549419
**********01,**********05,6,SS0000000014,템퍼링 4호_템퍼1존(3존),0.1410290760716426,0.88311043017772,0.22831756853436624,0.11888502284396862,,0.06567600576012067,0.619923192311347
**********01,**********05,9,SS0000000032,템퍼링 4호_템퍼1존(4존),0.6859502858211597,0.8482653352446546,0.4579403899445721,0.736310230438699,,0.6751446224928536,0.7916384592665786
**********01,**********05,9,SS0000000003,템퍼링 4호_템퍼1존(5존),0.2548459912666289,0.8997569715944789,0.4344925642573976,0.5040400375712587,,0.829396108557122,0.23652555350814042
**********01,**********05,3,SS0000000013,템퍼링 4호_템퍼1존(6존),0.20608612749539768,0.5118989365795471,0.31782520794593094,0.19761397244097723,,0.12361945961938603,0.6318639808171641
**********01,**********05,9,SS0000000002,템퍼링 1호_템퍼1존(1존),0.41301841917608595,0.1624598464584851,0.2328866267604155,0.32273070775700163,,0.02836548652046167,0.3484878102849134
**********01,**********05,3,SS0000000025,템퍼링 1호_템퍼1존(2존),0.8398258582088827,0.9475361528801785,0.14000394658569126,0.7329984085415242,,0.5532171892125515,0.4524589272919304
**********01,**********05,6,SS0000000003,템퍼링 1호_템퍼1존(3존),0.08147065299536294,0.7056990485683615,0.8816415736342476,0.09301436391797069,,0.6767072838364818,0.9526128838604352
**********01,**********05,9,SS0000000045,템퍼링 1호_템퍼1존(4존),0.07297877924618379,0.28093819961774913,0.09534024520978968,0.35886878663106747,,0.3978068169251753,0.760178830890375
**********01,**********05,9,SS0000000006,템퍼링 2호_템퍼1존(1존),0.9350254418429891,0.6599107102333271,0.12671470952433572,0.8560152827570491,,0.9337778287118023,0.041061499639617804
**********01,**********05,6,SS0000000008,템퍼링 2호_템퍼1존(2존),0.37721032140934085,0.5926573310519111,0.9568719677243344,0.37654539577298896,,0.8852622602729283,0.0703391786196792
**********01,**********05,6,SS0000000023,템퍼링 2호_템퍼1존(3존),0.848688818005711,0.9248640184979703,0.2594959636044162,0.7479936712359619,,0.8407319110831026,0.0093354167360723
**********01,**********05,9,SS0000000042,템퍼링 2호_템퍼1존(4존),0.9411813219010688,0.08873591486232812,0.8940209650531094,0.9561461655989282,,0.08647068758870669,0.8297191109270056
**********01,**********05,6,SS0000000005,템퍼링 2호_템퍼1존(5존),0.5305149467554827,0.8907309472368556,0.35205026085653157,0.6592689274529648,,0.5963183202796767,0.21163028838767828
**********01,**********05,6,SS0000000015,템퍼링 2호_템퍼1존(6존),0.8734427136167217,0.911131733674667,0.6737876187574294,0.7468410364201594,,0.006269566334629384,0.33872655609523883
**********01,**********05,6,SS0000000038,템퍼링 3호_템퍼1존(1존),0.7373077122783003,0.8958122346589933,0.2356852132941385,0.5028771775089707,,0.16429377646753074,0.7622011827009354
**********01,**********05,3,SS0000000006,템퍼링 3호_템퍼1존(2존),0.23739611333119992,0.759721449257821,0.42430768411581976,0.7208219246982795,,0.8391783080242563,0.5308089792762893
**********01,**********05,3,SS0000000021,템퍼링 3호_템퍼1존(3존),0.6750033526708427,0.5330101516144442,0.9433926882766114,0.5107179877101305,,0.24344494850695875,0.49860147837716595
**********01,**********05,9,SS0000000035,템퍼링 4호_템퍼1존(1존),0.14058276262596558,0.33165521049141955,0.8746896919334296,0.6115535919122438,,0.394727980831743,0.7176767586866007
**********01,**********05,6,SS0000000027,템퍼링 4호_템퍼1존(2존),0.9994469704426229,0.3158866160373013,0.6771667206049793,0.29195463084542406,,0.2557289708587769,0.24381506961532617
**********01,**********05,6,SS0000000006,템퍼링 4호_템퍼1존(3존),0.9536836211909008,0.18499980973742192,0.692122262003684,0.6655813310127365,,0.7484004633788847,0.5692550518401477
**********01,**********05,9,SS0000000050,템퍼링 4호_템퍼1존(4존),0.12398932607959479,0.5014594018959957,0.5536197709536792,0.29420036884010725,,0.18619288069146334,0.26605461844551515
**********01,**********05,6,SS0000000023,템퍼링 4호_템퍼1존(5존),0.8105605591657571,0.6640890430867274,0.22492369893984498,0.33408401120754194,,0.47743733515341535,0.6542015615216241
**********01,**********05,9,SS0000000001,템퍼링 4호_템퍼1존(6존),0.696322519910967,0.7873790575703784,0.7966056834297338,0.68777406454781,,0.1632095903942845,0.3764571372712493
**********01,**********05,9,SS0000000016,템퍼링 1호_템퍼1존(1존),0.44794474993892497,0.9551253023152826,0.7743750693391441,0.19253347643575291,,0.9847520705382754,0.033389923865015714
**********01,**********05,6,SS0000000023,템퍼링 1호_템퍼1존(2존),0.039427247707050084,0.6433211061076677,0.8642203348744311,0.4140503071612044,,0.3054722036753793,0.6721199913992267
**********01,**********05,9,SS0000000036,템퍼링 1호_템퍼1존(3존),0.21016940337636392,0.8882067143422072,0.15708588606984175,0.28936125690285686,,0.7973768230278178,0.46246123587363286
**********01,**********05,3,SS0000000049,템퍼링 1호_템퍼1존(4존),0.599946973209636,0.040817112112375264,0.12339573648150393,0.45045237761235946,,0.20154831927206696,0.8527842169041656
**********01,**********05,6,SS0000000010,템퍼링 2호_템퍼1존(1존),0.6613069120021262,0.6581246048253716,0.797790393124077,0.014345374799446864,,0.6545576895043484,0.13531765652151706
**********01,**********05,6,SS0000000047,템퍼링 2호_템퍼1존(2존),0.4567207657042315,0.5589555774668927,0.8228827964264122,0.10205761468313601,,0.6569831228326347,0.3853146900545148
**********01,**********05,9,SS0000000010,템퍼링 2호_템퍼1존(3존),0.3298712481818198,0.46712100360508957,0.8412384028009012,0.006758203461441958,,0.42417828346386244,0.665940952304963
**********01,**********05,9,SS0000000025,템퍼링 2호_템퍼1존(4존),0.09300659258095378,0.027850149332883323,0.3177191751050724,0.24656080452768214,,0.36344295541798777,0.40892841932342694
**********01,**********05,3,SS0000000009,템퍼링 2호_템퍼1존(5존),0.3137970690028443,0.16654149419024478,0.9161919883807982,0.7473033303110374,,0.18947007383381465,0.5861647029988136
**********01,**********05,6,SS0000000022,템퍼링 2호_템퍼1존(6존),0.9648309822748586,0.6491255692727064,0.6151476651102997,0.007483616078077904,,0.8274958946827747,0.4989129210687656
**********01,**********05,3,SS0000000026,템퍼링 3호_템퍼1존(1존),0.7133277654724545,0.19896034101576454,0.012725715313414598,0.25053539277005477,,0.44281674859408615,0.4149377772684011
**********01,**********05,6,SS0000000018,템퍼링 3호_템퍼1존(2존),0.45465833086010554,0.07814059946168561,0.1789100821212587,0.8301995048278015,,0.31323175301314765,0.3061873129579952
**********01,**********05,3,SS0000000048,템퍼링 3호_템퍼1존(3존),0.8312627848165624,0.3970492587851323,0.17134093933796524,0.732191109902048,,0.7353014889670951,0.8188198067604382
**********01,**********05,3,SS0000000033,템퍼링 4호_템퍼1존(1존),0.9724634730590122,0.31205951973534796,0.37503182946184055,0.27572659895827034,,0.5114334079062989,0.49036554451734926
**********01,**********05,9,SS0000000010,템퍼링 4호_템퍼1존(2존),0.6476493281707256,0.7346119713409743,0.08587878053610176,0.07855505509306804,,0.7635509042853569,0.2631358013553823
**********01,**********05,6,SS0000000045,템퍼링 4호_템퍼1존(3존),0.5164439355742411,0.19280997834790536,0.7414242740420037,0.5157104000148883,,0.6472915323299989,0.033351245381225136
**********01,**********05,6,SS0000000001,템퍼링 4호_템퍼1존(4존),0.5295656181176027,0.035952653282464886,0.4757544849528986,0.13741502965573604,,0.39906476938142244,0.8592365993601854
**********01,**********05,9,SS0000000045,템퍼링 4호_템퍼1존(5존),0.4802843041675353,0.65455056983628,0.6195707699263372,0.770943071780899,,0.5598308115432712,0.7138527391600401
**********01,**********05,3,SS0000000026,템퍼링 4호_템퍼1존(6존),0.6317149690099021,0.8968927812277411,0.6836441781270509,0.46823754113182914,,0.373092913721631,0.8101756271583218
**********01,**********05,3,SS0000000027,템퍼링 1호_템퍼1존(1존),0.0882817243478079,0.5498095695768748,0.3441176110466264,0.19892174705055765,,0.5857752687454798,0.5604250986810968
**********01,**********05,6,SS0000000046,템퍼링 1호_템퍼1존(2존),0.32309951362604783,0.1914481461742117,0.5911689856956097,0.6327337159734501,,0.7198585375009221,0.39739662043718293
**********01,**********05,6,SS0000000008,템퍼링 1호_템퍼1존(3존),0.6007903711884995,0.09533012058260304,0.30287990212863525,0.2818679115437924,,0.33304473192295037,0.0653146249805785
**********01,**********05,3,SS0000000050,템퍼링 1호_템퍼1존(4존),0.7719125319967252,0.04361042666346571,0.12019050300415435,0.4254472355164465,,0.6400935375183722,0.6503672830616241
**********01,**********05,6,SS0000000008,템퍼링 2호_템퍼1존(1존),0.2231870042650974,0.3407046241194711,0.4911361806164386,0.05292585306347275,,0.30375892752881295,0.39057440146996214
**********01,**********05,9,SS0000000030,템퍼링 2호_템퍼1존(2존),0.6159176389190945,0.21066254773174697,0.2103607054811042,0.9829855845511306,,0.3880387738842963,0.2298399929089362
**********01,**********05,3,SS0000000011,템퍼링 2호_템퍼1존(3존),0.33579435813728975,0.30665896577338014,0.39401824037594657,0.8972553907899545,,0.9361678195173996,0.6863816357130863
**********01,**********05,9,SS0000000042,템퍼링 2호_템퍼1존(4존),0.8631082063619698,0.33512063422060967,0.7259716384881231,0.11576847291504255,,0.12797237937061356,0.07535714312294173
**********01,**********05,6,SS0000000044,템퍼링 2호_템퍼1존(5존),0.9118946374237357,0.8741968762517321,0.25944647267311904,0.4288204230982793,,0.7878622320022858,0.8488235169492009
**********01,**********05,6,SS0000000012,템퍼링 2호_템퍼1존(6존),0.42736285799505924,0.5711130421502238,0.628626789496284,0.27116127263351486,,0.9428098672927409,0.8168504698259114
**********01,**********05,6,SS0000000032,템퍼링 3호_템퍼1존(1존),0.9943100288383572,0.9716244001338092,0.019260775323390322,0.6627834374399996,,0.47886805621669437,0.5308967411193297
**********01,**********05,9,SS0000000005,템퍼링 3호_템퍼1존(2존),0.40959496132303297,0.35337581116045413,0.1588648813124891,0.624669802724819,,0.9426970011759837,0.7342742330748958
**********01,**********05,9,SS0000000015,템퍼링 3호_템퍼1존(3존),0.3473411974497367,0.5409600183717063,0.13327336196841122,0.9543823970500895,,0.9208144786410128,0.9031289157372353
**********01,**********05,9,SS0000000035,템퍼링 4호_템퍼1존(1존),0.9315450828251544,0.6241848889255364,0.7505602306405045,0.49661995848527696,,0.8721373829867957,0.7427777073486099
**********01,**********05,3,SS0000000014,템퍼링 4호_템퍼1존(2존),0.32057208448485375,0.4767000421551655,0.015596020001220956,0.5385974136111398,,0.2618272746318344,0.7146034950217982
**********01,**********05,3,SS0000000017,템퍼링 4호_템퍼1존(3존),0.4510124529992342,0.5227924271616086,0.1230699566247746,0.2621858321751078,,0.03140844884376115,0.5472477829383863
**********01,**********05,6,SS0000000049,템퍼링 4호_템퍼1존(4존),0.2157747363295336,0.036902812889647585,0.7745265429596411,0.43449496772101837,,0.7405082117240605,0.7227232277459273
**********01,**********05,6,SS0000000042,템퍼링 4호_템퍼1존(5존),0.2899514249435957,0.34740236286771076,0.5203956125829089,0.43887981669059195,,0.7794569482218351,0.1073250081593673
**********01,**********05,3,SS0000000047,템퍼링 4호_템퍼1존(6존),0.44257844064555185,0.5523329219420993,0.3276714392526334,0.4846867842834165,,0.520848028639511,0.9253758619064855
**********01,**********05,6,SS0000000040,템퍼링 1호_템퍼1존(1존),0.9018060057585291,0.007210919810787031,0.42846499064809507,0.6694877045161909,,0.32562961792533307,0.7866505935380865
**********01,**********05,6,SS0000000041,템퍼링 1호_템퍼1존(2존),0.35948587803166154,0.20343316828338764,0.8507697005844462,0.9426542836348603,,0.03184672190182336,0.4835409221572168
**********01,**********05,9,SS0000000050,템퍼링 1호_템퍼1존(3존),0.3795352624880107,0.30231189983251183,0.5359664939954668,0.5502635937340057,,0.09488876499492249,0.7078567839873818
**********01,**********05,9,SS0000000012,템퍼링 1호_템퍼1존(4존),0.6940920600005902,0.2907456025751842,0.9615862321709626,0.4364893972947935,,0.4784546931854937,0.06034351866254295
**********01,**********05,6,SS0000000008,템퍼링 2호_템퍼1존(1존),0.20923715281005728,0.8488689443129687,0.365901681839475,0.24340825328951843,,0.044018897829973924,0.3976948794337676
**********01,**********05,3,SS0000000029,템퍼링 2호_템퍼1존(2존),0.8759980833435055,0.68443439104847,0.6187265115962594,0.7594401236174694,,0.6445753337777589,0.4954283810610415
**********01,**********05,6,SS0000000007,템퍼링 2호_템퍼1존(3존),0.9341478522009852,0.4435083903919155,0.23315183510790127,0.9538672545324528,,0.5206527721489297,0.20589929227111847
**********01,**********05,9,SS0000000019,템퍼링 2호_템퍼1존(4존),0.9134856957615679,0.021023439709023206,0.7881524447516616,0.7968192760307793,,0.915990739879627,0.1169225289395518
**********01,**********05,3,SS0000000007,템퍼링 2호_템퍼1존(5존),0.6787541382055458,0.1928546531522114,0.2823959689247376,0.9903613360507659,,0.977499284526052,0.9079601687630491
**********01,**********05,9,SS0000000005,템퍼링 2호_템퍼1존(6존),0.28511883387136416,0.3182562688988203,0.892902725706941,0.03786106526749067,,0.042657156593887136,0.1641526832055089
**********01,**********05,3,SS0000000010,템퍼링 3호_템퍼1존(1존),0.6610721533220282,0.5747890496247781,0.8306788559199448,0.18909483596202137,,0.2334250003575843,0.3213021921058694
**********01,**********05,6,SS0000000012,템퍼링 3호_템퍼1존(2존),0.8763905308433964,0.26783637083363654,0.9743032749079888,0.7098044743558666,,0.5651696527401162,0.7644361229291609
**********01,**********05,6,SS0000000031,템퍼링 3호_템퍼1존(3존),0.7601992871815682,0.7915035575442959,0.6102708932795556,0.26587077021278094,,0.2049917750805409,0.5497319656289285
**********01,**********05,9,SS0000000016,템퍼링 4호_템퍼1존(1존),0.46230555905654314,0.5914907253155576,0.5828979311590021,0.7145620584540188,,0.2942621104803693,0.17615865975625333
**********01,**********05,6,SS0000000003,템퍼링 4호_템퍼1존(2존),0.15865169834800963,0.9620260239622125,0.6443097413860682,0.2186262785631402,,0.8925228083762359,0.6399985808938713
**********01,**********05,3,SS0000000028,템퍼링 4호_템퍼1존(3존),0.8378428949403895,0.2823693555902034,0.6967536347252536,0.5929066610126311,,0.05125825058597788,0.9454788475172058
**********01,**********05,3,SS0000000034,템퍼링 4호_템퍼1존(4존),0.6340284702917748,0.591201652079531,0.35531620542456555,0.07906924577400198,,0.9667795568263884,0.8873929773079244
**********01,**********05,9,SS0000000044,템퍼링 4호_템퍼1존(5존),0.550462280519938,0.6747256258022569,0.4189112247527793,0.651669302364911,,0.798877939012672,0.6252529991651737
**********01,**********05,6,SS0000000020,템퍼링 4호_템퍼1존(6존),0.27376043324037536,0.7037031417141307,0.49787886185108965,0.7528756483851506,,0.07688356715148459,0.24514138054663515
**********01,**********05,6,SS0000000004,템퍼링 1호_템퍼1존(1존),0.8633892352168158,0.7709002498164699,0.6086749163446391,0.6108251898839858,,0.07763495605815363,0.9971304893808854
**********01,**********05,6,SS0000000009,템퍼링 1호_템퍼1존(2존),0.15896423125477044,0.1429501898329193,0.8524690010887827,0.27049214370082075,,0.2560254188213127,0.22292208171078287
**********01,**********05,3,SS0000000036,템퍼링 1호_템퍼1존(3존),0.38782576851945527,0.2937580767456853,0.16847377060927538,0.35212412237283963,,0.3925993818574336,0.0816444775567744
**********01,**********05,6,SS0000000049,템퍼링 1호_템퍼1존(4존),0.5356704583399772,0.6310819613005366,0.6090549138973518,0.1951139879201469,,0.2266020932774827,0.06712739453674688
**********01,**********05,9,SS0000000048,템퍼링 2호_템퍼1존(1존),0.7239153690017975,0.948004110810608,0.11976741202810792,0.8437450817398486,,0.4713869082599479,0.6922846491792074
**********01,**********05,3,SS0000000045,템퍼링 2호_템퍼1존(2존),0.9197127120186311,0.5820217281104016,0.2764457393596892,0.5905176388196216,,0.7104053812874773,0.30409506918075135
**********01,**********05,3,SS0000000027,템퍼링 2호_템퍼1존(3존),0.6806694940920544,0.846201780652367,0.5339755496617642,0.03618584672093106,,0.2578850844285294,0.781176626941008
**********01,**********05,6,SS0000000023,템퍼링 2호_템퍼1존(4존),0.3765951351235233,0.4386210839026352,0.20594836545262718,0.7131964701028363,,0.023921270379907655,0.751257164341598
**********01,**********05,6,SS0000000002,템퍼링 2호_템퍼1존(5존),0.3271156562257306,0.5972869653004043,0.46878412935648817,0.9442764951346814,,0.5090340350909024,0.7284629686613405
**********01,**********05,6,SS0000000001,템퍼링 2호_템퍼1존(6존),0.8407541891275179,0.19442822496637124,0.28117755195446625,0.259099624728106,,0.4486975284123358,0.530237456340804
**********01,**********05,3,SS0000000005,템퍼링 3호_템퍼1존(1존),0.46450642320424185,0.6524777644825558,0.7947744756003514,0.5573780035029519,,0.4704347224650911,0.9075954735568842
**********01,**********05,9,SS0000000005,템퍼링 3호_템퍼1존(2존),0.14755965436193275,0.6126584226063411,0.17516689045425515,0.8243220557153786,,0.5620450054458389,0.12146992289333836
**********01,**********05,6,SS0000000003,템퍼링 3호_템퍼1존(3존),0.1739622628460027,0.1727146934020718,0.6514593605352111,0.6990141192884942,,0.03129797987061722,0.4510603058414965
**********01,**********05,6,SS0000000048,템퍼링 4호_템퍼1존(1존),0.5492277888737263,0.23484022234773605,0.07497299894893439,0.3959752722082507,,0.11147930326367572,0.5883113912541036
**********01,**********05,3,SS0000000050,템퍼링 4호_템퍼1존(2존),0.6735296889191456,0.6634422999564071,0.8637284014409561,0.4621499907190688,,0.35704972605542096,0.23610571472587383
**********01,**********05,9,SS0000000042,템퍼링 4호_템퍼1존(3존),0.819197669789726,0.322978681242192,0.452052463996907,0.04628790470558353,,0.017223202361318912,0.34670499318338543
**********01,**********05,6,SS0000000037,템퍼링 4호_템퍼1존(4존),0.36102100994654807,0.031106560918904957,0.716215642496535,0.5798567824158659,,0.6224228105947033,0.22598474128329205
**********01,**********05,9,SS0000000044,템퍼링 4호_템퍼1존(5존),0.5231939467643378,0.26849445102045455,0.7832841317242305,0.6866730868233234,,0.7480302934361188,0.9834301337698096
**********01,**********05,3,SS0000000002,템퍼링 4호_템퍼1존(6존),0.516297958735351,0.42023111543748237,0.5560162506140661,0.0208018760171792,,0.6297410476295836,0.6017214886192179
**********01,**********05,6,SS0000000012,템퍼링 1호_템퍼1존(1존),0.17220978598938774,0.8205937461085177,0.768212809911939,0.6987369177223928,,0.5344881157988065,0.5654145180083879
**********01,**********05,6,SS0000000005,템퍼링 1호_템퍼1존(2존),0.030544171847727952,0.09685596692106857,0.4717422229568069,0.2277332767278133,,0.61324415943605,0.8372614361381105
**********01,**********05,6,SS0000000031,템퍼링 1호_템퍼1존(3존),0.13481588458798988,0.29094028725281196,0.4364626385593924,0.3686302967727578,,0.715698819378664,0.572471245100486
**********01,**********05,6,SS0000000009,템퍼링 1호_템퍼1존(4존),0.9896064089105663,0.15131383510752627,0.688700413541161,0.4868616966725978,,0.4533958825541715,0.5952969900054641
**********01,**********05,6,SS0000000004,템퍼링 2호_템퍼1존(1존),0.13135300607096467,0.7815280468940933,0.7490755942341205,0.3723264925198875,,0.5822930379427721,0.7799788834896879
**********01,**********05,3,SS0000000043,템퍼링 2호_템퍼1존(2존),0.19043754101327282,0.5473552679389762,0.12361225479798132,0.9983790979992663,,0.6928373545559559,0.8158600507207273
**********01,**********05,3,SS0000000036,템퍼링 2호_템퍼1존(3존),0.3477974084054384,0.8107762871276991,0.7919238221373202,0.2522444944781501,,0.5362509861886938,0.7407529054920345
**********01,**********05,9,SS0000000020,템퍼링 2호_템퍼1존(4존),0.10826179518875645,0.645705867544273,0.30025231190131574,0.09206946511851988,,0.7592013833181861,0.47734592558946354
**********01,**********05,6,SS0000000025,템퍼링 2호_템퍼1존(5존),0.24681059770498892,0.07823582404272944,0.51969965152913,0.782560518200707,,0.9105541269076824,0.4556031411138918
**********01,**********05,6,SS0000000048,템퍼링 2호_템퍼1존(6존),0.6383044657798408,0.09507008512749904,0.07357064629377774,0.29481934153694966,,0.8258538785471279,0.2767509293890351
**********01,**********05,9,SS0000000038,템퍼링 3호_템퍼1존(1존),0.4271722214638476,0.10680688294463503,0.23826096446402478,0.1988142635568032,,0.817060583803061,0.7706023482402203
**********01,**********05,6,SS0000000043,템퍼링 3호_템퍼1존(2존),0.002789309616991864,0.14331398095845405,0.9129614078315008,0.0558936544471893,,0.4265127824269338,0.21136316927007437
**********01,**********05,9,SS0000000039,템퍼링 3호_템퍼1존(3존),0.16598755475132332,0.6380828435880579,0.30164611236901895,0.36666127617410016,,0.6701070866322986,0.7471809870280072
**********01,**********05,9,SS0000000015,템퍼링 4호_템퍼1존(1존),0.3560877682435324,0.8529952423193988,0.40995281101051984,0.04393573841218934,,0.36411276007389504,0.06196022987686989
**********01,**********05,3,SS0000000033,템퍼링 4호_템퍼1존(2존),0.27036303497359093,0.3317563715279557,0.8742824961538548,0.38661887578856735,,0.2374668900668785,0.15029555974165376
**********01,**********05,3,SS0000000030,템퍼링 4호_템퍼1존(3존),0.9943802051744467,0.2881522799497611,0.7042193382405358,0.06501624696180086,,0.9236969630847952,0.30249252232512036
**********01,**********05,6,SS0000000026,템퍼링 4호_템퍼1존(4존),0.7986197548394319,0.2265439828481226,0.17585497853534515,0.29093456356049463,,0.773428567002727,0.11970470813389766
**********01,**********05,9,SS0000000028,템퍼링 4호_템퍼1존(5존),0.3169565318314116,0.7158166911012755,0.3103289149446894,0.4348590726481153,,0.4645173769971024,0.03605325608687826
**********01,**********05,6,SS0000000019,템퍼링 4호_템퍼1존(6존),0.4543209713970485,0.6012380388889093,0.27248465604917926,0.6585825047142511,,0.7484047969868768,0.1941885776012603
**********01,**********05,9,SS0000000020,템퍼링 1호_템퍼1존(1존),0.944698273754895,0.6561854474330618,0.47274358190034604,0.7905611049420511,,0.2400081158611891,0.4549625181137902
**********01,**********05,3,SS0000000021,템퍼링 1호_템퍼1존(2존),0.2668194550816677,0.22184849842234622,0.1312285263007682,0.24141516508601368,,0.6854961241121071,0.7057891457531748
**********01,**********05,9,SS0000000028,템퍼링 1호_템퍼1존(3존),0.07701842621724275,0.019626814572573315,0.9606098565522668,0.7420483722020929,,0.10230622189729044,0.16077051290062316
**********01,**********05,6,SS0000000029,템퍼링 1호_템퍼1존(4존),0.7270213139826854,0.5313659272112634,0.11413670983422175,0.16602006037185335,,0.4527430798699771,0.8810087439462176
**********01,**********05,3,SS0000000046,템퍼링 2호_템퍼1존(1존),0.8937160516667187,0.20121518519392578,0.5833330990615145,0.5255027422551144,,0.294162526312024,0.30147048830987433
**********01,**********05,9,SS0000000045,템퍼링 2호_템퍼1존(2존),0.34041496241744573,0.6073096856850417,0.15679383841711625,0.7539202878937791,,0.830761233869113,0.52848206446375
**********01,**********05,3,SS0000000050,템퍼링 2호_템퍼1존(3존),0.4520258198696485,0.9612137276017387,0.2337597875158225,0.4605859215361304,,0.9737785482125012,0.6756676922100544
**********01,**********05,9,SS0000000023,템퍼링 2호_템퍼1존(4존),0.083522395145613,0.15180423743151583,0.17630774356137469,0.7690454075282251,,0.9983330119108552,0.9449494065112579
**********01,**********05,3,SS0000000013,템퍼링 2호_템퍼1존(5존),0.20511222930611017,0.3750742714197365,0.9689098142893501,0.3112451060639312,,0.37104353058768913,0.10915124996945824
**********01,**********05,9,SS0000000042,템퍼링 2호_템퍼1존(6존),0.6773658124873295,0.36242850848718466,0.7253380326714027,0.7393054877144668,,0.8349027726560581,0.36728311975977723
**********01,**********05,6,SS0000000025,템퍼링 3호_템퍼1존(1존),0.4266703646716419,0.5935174102204648,0.8355779575541323,0.059424791131837296,,0.47828479655206546,0.38609601489374357
**********01,**********05,6,SS0000000027,템퍼링 3호_템퍼1존(2존),0.6242560112906453,0.44313603645693833,0.8279847248144594,0.7476949868979318,,0.5430030471769369,0.5364114738690743
**********01,**********05,9,SS0000000038,템퍼링 3호_템퍼1존(3존),0.6420500060663127,0.09294664320073587,0.6857631392147024,0.35845050582606564,,0.06363342903255198,0.8007488324459088
**********01,**********05,6,SS0000000001,템퍼링 4호_템퍼1존(1존),0.39038361089926443,0.9107081361062134,0.28928279952911196,0.1883782393031238,,0.5272475624281047,0.7209786082933891
**********01,**********05,9,SS0000000010,템퍼링 4호_템퍼1존(2존),0.5492911066332509,0.6465108039600105,0.11948215329751133,0.7550836100252452,,0.041781558825185305,0.7342661426169456
**********01,**********05,3,SS0000000006,템퍼링 4호_템퍼1존(3존),0.9964539198951481,0.6792905383122322,0.09894153457006616,0.987741921261436,,0.30022053145955285,0.506080504090229
**********01,**********05,6,SS0000000046,템퍼링 4호_템퍼1존(4존),0.9160959809487058,0.6427602208790288,0.7030338405454409,0.05733476139744553,,0.1077971492702694,0.06117344581097728
**********01,**********05,3,SS0000000015,템퍼링 4호_템퍼1존(5존),0.23576685612310222,0.8992787025776178,0.43785467667551536,0.04714189784688261,,0.8484838423906411,0.9391259429990899
**********01,**********05,9,SS0000000049,템퍼링 4호_템퍼1존(6존),0.16279843358657142,0.5952194448981423,0.8968656896345797,0.07405664852871463,,0.9869240929936608,0.010367889602553304
**********01,**********05,9,SS0000000028,템퍼링 1호_템퍼1존(1존),0.14685209417784095,0.9476275332531638,0.8347049426163049,0.61177172791883,,0.16777839202605094,0.3013243282357808
**********01,**********05,9,SS0000000003,템퍼링 1호_템퍼1존(2존),0.7975360111901083,0.1942650713250169,0.7158700783398319,0.18753824548896691,,0.9835978003840103,0.423595075928866
**********01,**********05,9,SS0000000008,템퍼링 1호_템퍼1존(3존),0.9124897616270797,0.2047899752057737,0.2882236288266078,0.3917180070938048,,0.22259960573296012,0.3130984360033805
**********01,**********05,9,SS0000000007,템퍼링 1호_템퍼1존(4존),0.2872163934587091,0.445941771762003,0.3962554580486646,0.568456256059065,,0.2876806442092996,0.5318438469481722
**********01,**********05,9,SS0000000032,템퍼링 2호_템퍼1존(1존),0.75574493241138,0.2085682190563929,0.004224272107665739,0.9835484202915765,,0.45258960636204515,0.8859361049210436
**********01,**********05,3,SS0000000019,템퍼링 2호_템퍼1존(2존),0.8546904938988598,0.7307172401974273,0.407978589369122,0.7384291227942664,,0.8214635777852914,0.8978542339401312
**********01,**********05,9,SS0000000011,템퍼링 2호_템퍼1존(3존),0.4694548304883075,0.01246580521554741,0.5954718227123776,0.8310358024216882,,0.1794640310909147,0.972699944929039
**********01,**********05,9,SS0000000050,템퍼링 2호_템퍼1존(4존),0.5117237039685611,0.11928654262536165,0.8732878635967487,0.14994969633744515,,0.16288501023494262,0.20730266860660662
**********01,**********05,3,SS0000000002,템퍼링 2호_템퍼1존(5존),0.29811391114563157,0.0014633384782178904,0.37595775832446465,0.6273119905823621,,0.7459188336479752,0.14494730158300695
**********01,**********05,6,SS0000000049,템퍼링 2호_템퍼1존(6존),0.13726193151508148,0.9230505421384846,0.8104790338175482,0.7931792418759434,,0.16960533809268075,0.1436745165762453
**********01,**********05,3,SS0000000012,템퍼링 3호_템퍼1존(1존),0.4162487612142054,0.5070467428973284,0.01321705481940838,0.07952357822560085,,0.23403842148460452,0.5075260365262211
**********01,**********05,9,SS0000000006,템퍼링 3호_템퍼1존(2존),0.8977732642511976,0.5634083511328448,0.2566780390642792,0.42533955842253,,0.2843091319427127,0.5545293216655762
**********01,**********05,3,SS0000000046,템퍼링 3호_템퍼1존(3존),0.07361501655036773,0.6910413842244622,0.03377530902681358,0.17161178153782908,,0.7468211840109366,0.5072997877287047
**********01,**********05,9,SS0000000005,템퍼링 4호_템퍼1존(1존),0.832966523497245,0.16705979704847218,0.7638541644053147,0.9222302244303624,,0.3133032104967156,0.8731307547080867
**********01,**********05,9,SS0000000032,템퍼링 4호_템퍼1존(2존),0.8771211644976464,0.9401443083199899,0.5910808728938802,0.8139354299855751,,0.1714978972454667,0.31559230437161767
**********01,**********05,3,SS0000000028,템퍼링 4호_템퍼1존(3존),0.3487637548197039,0.8932430493988959,0.7308430147302023,0.5446401878006581,,0.205229300195503,0.1877507558593714
**********01,**********05,3,SS0000000015,템퍼링 4호_템퍼1존(4존),0.8574304911133851,0.23543192496505205,0.7940948199219101,0.4500706883036488,,0.04731219387487762,0.025469384893968994
**********01,**********05,9,SS0000000019,템퍼링 4호_템퍼1존(5존),0.8914334713513756,0.882848370176247,0.8341092248325966,0.32839054592773886,,0.7028550038011999,0.4275168295963353
**********01,**********05,3,SS0000000009,템퍼링 4호_템퍼1존(6존),0.9339066367527953,0.893304288931284,0.5335112713820189,0.38057428944904037,,0.30477881339749713,0.38441461874673866
**********01,**********05,6,SS0000000032,템퍼링 1호_템퍼1존(1존),0.9219440367428764,0.2512478828567821,0.46881314428008736,0.9943871275879828,,0.5212843119928874,0.9675595944937755
**********01,**********05,3,SS0000000030,템퍼링 1호_템퍼1존(2존),0.20519487087938948,0.7986206551797377,0.2732792367407736,0.0002248311321223495,,0.7317481167785252,0.01741352060831003
**********01,**********05,6,SS0000000036,템퍼링 1호_템퍼1존(3존),0.023339870575568855,0.4879985703059021,0.8910486220024633,0.9593660388097363,,0.8601059108319666,0.05847713364830287
**********01,**********05,3,SS0000000049,템퍼링 1호_템퍼1존(4존),0.8873519031391217,0.7436124486355008,0.8300545357122125,0.15727874957762966,,0.6302271944856496,0.11762297972704028
**********01,**********05,3,SS0000000019,템퍼링 2호_템퍼1존(1존),0.7420979172522613,0.4650958565445015,0.41039441443225255,0.20750671648000618,,0.6047969555858369,0.05848291299684072
**********01,**********05,3,SS0000000010,템퍼링 2호_템퍼1존(2존),0.8600950575296468,0.9623716587058139,0.5886227745897495,0.3418066943200043,,0.5076153522329624,0.01893859079629101
**********01,**********05,6,SS0000000024,템퍼링 2호_템퍼1존(3존),0.6144359772504083,0.8184303720586041,0.855305245023412,0.4263057034124115,,0.5700715293062695,0.08824182718752727
**********01,**********05,3,SS0000000011,템퍼링 2호_템퍼1존(4존),0.2098759599439357,0.3336818892701009,0.6365409376028964,0.6038966518589037,,0.3934935487555027,0.22781765461599468
**********01,**********05,6,SS0000000036,템퍼링 2호_템퍼1존(5존),0.6103346297551224,0.07957066384569778,0.6853937751253272,0.6582819421931844,,0.8551695851559729,0.33286330558962396
**********01,**********05,3,SS0000000033,템퍼링 2호_템퍼1존(6존),0.5762006298690456,0.6363124804158959,0.5375816166004824,0.7292506883021409,,0.04058557579828426,0.310776486067438
**********01,**********05,9,SS0000000022,템퍼링 3호_템퍼1존(1존),0.7751703421316641,0.4817728563250774,0.419586452338956,0.7891194554700348,,0.7088641380178001,0.1441063931007397
**********01,**********05,3,SS0000000012,템퍼링 3호_템퍼1존(2존),0.029470344833388618,0.062449776935910806,0.34409985301165746,0.560664847192649,,0.1597107430303557,0.5244892132331416
**********01,**********05,6,SS0000000012,템퍼링 3호_템퍼1존(3존),0.1875856870970688,0.4992263220642714,0.8346898144431225,0.1423519318756551,,0.8202770127176254,0.4052768025125304
**********01,**********05,3,SS0000000007,템퍼링 4호_템퍼1존(1존),0.5987517558515361,0.6344893840772972,0.8231221901822146,0.40607148692263306,,0.6812489481271531,0.4651584713128819
**********01,**********05,3,SS0000000009,템퍼링 4호_템퍼1존(2존),0.5518685644112815,0.5147002192902396,0.05924830835125994,0.290089699528536,,0.09385251403524475,0.11400965798212681
**********01,**********05,3,SS0000000041,템퍼링 4호_템퍼1존(3존),0.01628909026591041,0.7875020057561931,0.021903367904345883,0.6388821830457155,,0.2673953245330969,0.2704762526355119
**********01,**********05,9,SS0000000008,템퍼링 4호_템퍼1존(4존),0.7395188551173945,0.6532500936003491,0.366007008012901,0.6570745663324725,,0.6445301381398313,0.30187063667689273
**********01,**********05,9,SS0000000006,템퍼링 4호_템퍼1존(5존),0.0817003008994136,0.09203346404010804,0.471261891355893,0.3366926395279106,,0.6725729876405321,0.20376551951944588
**********01,**********05,3,SS0000000016,템퍼링 4호_템퍼1존(6존),0.22487559271226065,0.676551275686407,0.4945838637125495,0.8570617204899714,,0.5430340899080548,0.40108931615551324
**********01,**********05,9,SS0000000031,템퍼링 1호_템퍼1존(1존),0.015099760679325058,0.913245133064381,0.19785328281734116,0.6694846776796962,,0.6961168811491448,0.857376493205181
**********01,**********05,3,SS0000000049,템퍼링 1호_템퍼1존(2존),0.8161789256565507,0.8754959335296081,0.8315462778457736,0.3086647399020711,,0.430300650411795,0.7246646713046117
**********01,**********05,9,SS0000000041,템퍼링 1호_템퍼1존(3존),0.34197044564557677,0.8683364382811988,0.9926521309047804,0.5813142213597005,,0.26598646726253916,0.20965167103285787
**********01,**********05,9,SS0000000046,템퍼링 1호_템퍼1존(4존),0.6775385396763146,0.667815251134349,0.06982274624112195,0.7967818928684679,,0.7628541918415626,0.056542416197970624
**********01,**********05,3,SS0000000047,템퍼링 2호_템퍼1존(1존),0.7031715918030779,0.3735376388509969,0.20281476049889213,0.8034462914979724,,0.9953127428158595,0.2620032139090458
**********01,**********05,9,SS0000000034,템퍼링 2호_템퍼1존(2존),0.5175790205411002,1.3041472323727099e-05,0.5041347207075244,0.09786113023228638,,0.4083665241094533,0.15600968357680578
**********01,**********05,6,SS0000000043,템퍼링 2호_템퍼1존(3존),0.9223550278924082,0.4486891371257552,0.7228599685090722,0.32979299040199483,,0.2675851793773627,0.013402245339798946
**********01,**********05,6,SS0000000033,템퍼링 2호_템퍼1존(4존),0.2935456042519494,0.9110561897549164,0.05481995020547192,0.4390526597344858,,0.8501230168477302,0.3228487390298599
**********01,**********05,3,SS0000000012,템퍼링 2호_템퍼1존(5존),0.336951219454391,0.5079302225210005,0.8678312305131788,0.4123303130839895,,0.8413923097262753,0.7922381112615992
**********01,**********05,9,SS0000000032,템퍼링 2호_템퍼1존(6존),0.2606914956199047,0.7735091659057018,0.8082518940039354,0.34438606420437334,,0.9753529920357367,0.0895508217188341
**********01,**********05,3,SS0000000040,템퍼링 3호_템퍼1존(1존),0.8696095413639521,0.9521327088282125,0.2809831028738562,0.601780142546951,,0.04249669206746942,0.7982907929310138
**********01,**********05,6,SS0000000050,템퍼링 3호_템퍼1존(2존),0.7724620127690098,0.2731017279121052,0.35343251541512244,0.450251004400229,,0.4519322976722744,0.3483435693881598
**********01,**********05,9,SS0000000030,템퍼링 3호_템퍼1존(3존),0.7215013220616263,0.424342286567605,0.11668825899254387,0.6982886536969946,,0.22369481673886316,0.837428397859774
**********01,**********05,3,SS0000000021,템퍼링 4호_템퍼1존(1존),0.6692388213600927,0.68246166805736,0.34199321220559653,0.044765027350108344,,0.6921722577670341,0.5179534874898841
**********01,**********05,6,SS0000000006,템퍼링 4호_템퍼1존(2존),0.8427660375644763,0.3391514123131525,0.5362692566582736,0.5785593963337253,,0.3268504231628291,0.4351590787688231
**********01,**********05,9,SS0000000004,템퍼링 4호_템퍼1존(3존),0.39581608303709326,0.08344182796503352,0.2665344625754038,0.04008745896991639,,0.7825481209836828,0.6414569191648908
**********01,**********05,3,SS0000000005,템퍼링 4호_템퍼1존(4존),0.32050958873972035,0.5673617163807715,0.21557625876498332,0.8333861375003189,,0.6783071702609912,0.35898376891303374
**********01,**********05,3,SS0000000011,템퍼링 4호_템퍼1존(5존),0.25307458351059586,0.028012575120207606,0.6648337875588628,0.08303686942203004,,0.7432728298690497,0.26994630451192825
**********01,**********05,6,SS0000000007,템퍼링 4호_템퍼1존(6존),0.22074354502850124,0.34760193959687813,0.36700245448383917,0.8814659886411542,,0.5269749687725165,0.719237444344266
**********01,**********05,9,SS0000000022,템퍼링 1호_템퍼1존(1존),0.3038810885592631,0.6789246190695445,0.9190232647002297,0.6317737409781945,,0.7627847358944714,0.834949374921992
**********01,**********05,3,SS0000000010,템퍼링 1호_템퍼1존(2존),0.540687510745743,0.516843493312678,0.6353496704692957,0.37451183676496624,,0.6250202382043201,0.6663027033454996
**********01,**********05,6,SS0000000010,템퍼링 1호_템퍼1존(3존),0.16790451336784196,0.6270520480555211,0.6006316871351376,0.7244113260382335,,0.2216338164959596,0.5937294421338203
**********01,**********05,6,SS0000000047,템퍼링 1호_템퍼1존(4존),0.6072658495901534,0.4874295923926274,0.6943084133927846,0.4794630731826327,,0.5030711393868982,0.0176287181150786
**********01,**********05,3,SS0000000039,템퍼링 2호_템퍼1존(1존),0.7803377953488342,0.14293607024789268,0.5145868860417666,0.029453175448931113,,0.8451445899551759,0.22423359346612892
**********01,**********05,3,SS0000000026,템퍼링 2호_템퍼1존(2존),0.10759778874169035,0.320800463938809,0.5468974497830636,0.8002160977104791,,0.3802046454411848,0.7344417651998957
**********01,**********05,9,SS0000000047,템퍼링 2호_템퍼1존(3존),0.06251593954089218,0.5426016565699623,0.7381082153801471,0.7012909097425947,,0.8642154187179619,0.5988614679130487
**********01,**********05,9,SS0000000003,템퍼링 2호_템퍼1존(4존),0.6921897528431776,0.4265940021311936,0.8893436561763628,0.0023494131877561664,,0.5098374021246898,0.525829668869994
**********01,**********05,3,SS0000000044,템퍼링 2호_템퍼1존(5존),0.21120988292025544,0.10599919811387215,0.41163860389701823,0.8484993326966483,,0.3811175864385765,0.3080989468022344
**********01,**********05,6,SS0000000029,템퍼링 2호_템퍼1존(6존),0.94339722013089,0.21939000321771196,0.6796615040421122,0.7410860176273864,,0.8896093700077617,0.588151080213663
**********01,**********05,6,SS0000000007,템퍼링 3호_템퍼1존(1존),0.963844175752809,0.5564610952135309,0.4387588113582266,0.14022213269297779,,0.4757084622269695,0.12759479503365712
**********01,**********05,6,SS0000000042,템퍼링 3호_템퍼1존(2존),0.16817100017211228,0.006096118821539265,0.7226467239156571,0.6274316566183389,,0.10410658840480191,0.4887728566387334
**********01,**********05,9,SS0000000035,템퍼링 3호_템퍼1존(3존),0.150456277051072,0.756495433017672,0.4581882003147494,0.38952334178549863,,0.13211066316321185,0.026700074944144614
**********01,**********05,3,SS0000000040,템퍼링 4호_템퍼1존(1존),0.6869347623176042,0.0431670180807725,0.3437450934345063,0.08438243019786995,,0.610277388860389,0.9303154125116873
**********01,**********05,9,SS0000000018,템퍼링 4호_템퍼1존(2존),0.40282907484943986,0.17843232466449166,0.7545468959691702,0.20020631089446816,,0.7310292634954513,0.8811310736097264
**********01,**********05,6,SS0000000026,템퍼링 4호_템퍼1존(3존),0.5296633648762964,0.8462838309816273,0.653451350033853,0.7577762803094792,,0.6211499900772252,0.8437040390693241
**********01,**********05,9,SS0000000035,템퍼링 4호_템퍼1존(4존),0.26280121993153716,0.8160345083811159,0.9344725921068134,0.00033607655241418843,,0.701592252491739,0.9348893265332763
**********01,**********05,6,SS0000000042,템퍼링 4호_템퍼1존(5존),0.44800844488943026,0.36203383175640735,0.49611854254922294,0.29730502332092923,,0.17891540499256164,0.9274945471342615
**********01,**********05,6,SS0000000017,템퍼링 4호_템퍼1존(6존),0.7616120852038445,0.6908029950328796,0.7078834916158823,0.6145041756107864,,0.19539239075920678,0.6131864574994264
**********01,**********05,6,SS0000000009,템퍼링 1호_템퍼1존(1존),0.9670283223880451,0.25755373402780257,0.4045906463404181,0.029712315962981406,,0.6411139411743048,0.6091341123128162
**********01,**********05,6,SS0000000027,템퍼링 1호_템퍼1존(2존),0.36269024082515067,0.5310750246166948,0.3777416590904562,0.7694396367114487,,0.47951393960506483,0.7918145659630488
**********01,**********05,3,SS0000000045,템퍼링 1호_템퍼1존(3존),0.8355887066886601,0.27133680784810243,0.37484330685660905,0.1107570782582411,,0.21438888117430777,0.8158708837552592
**********01,**********05,9,SS0000000041,템퍼링 1호_템퍼1존(4존),0.9873591842364032,0.2560713527307693,0.8331880180381976,0.6610567281136521,,0.5618965734566298,0.5168855765558484
**********01,**********05,9,SS0000000031,템퍼링 2호_템퍼1존(1존),0.898906624605159,0.8853650011947818,0.7332373800464208,0.5585776178237257,,0.9299438624618527,0.840223404268411
**********01,**********05,3,SS0000000043,템퍼링 2호_템퍼1존(2존),0.06444656912470192,0.31493252953683404,0.18918187080787552,0.06376821975953328,,0.7715347160128792,0.1392756357085112
**********01,**********05,3,SS0000000038,템퍼링 2호_템퍼1존(3존),0.8479451499482948,0.628181212414584,0.8126079528221832,0.6135415668802815,,0.9918993308964299,0.05996650453604846
**********01,**********05,9,SS0000000032,템퍼링 2호_템퍼1존(4존),0.7021926958853754,0.8634139041348375,0.44000762412674543,0.7044868916675522,,0.635940459223415,0.4505479957019962
**********01,**********05,9,SS0000000033,템퍼링 2호_템퍼1존(5존),0.8042437753478351,0.19554948433632968,0.11135202676659017,0.2363878082848574,,0.8138161130172016,0.3450237873623171
**********01,**********05,6,SS0000000045,템퍼링 2호_템퍼1존(6존),0.04172552751130221,0.9724443606315553,0.5657786384604973,0.6499167321282887,,0.006712153822808542,0.2175716479496853
**********01,**********05,9,SS0000000022,템퍼링 3호_템퍼1존(1존),0.2936510737076956,0.462567692854841,0.08560305138391322,0.38251305315690554,,0.9889599363992927,0.22123143349248076
**********01,**********05,9,SS0000000014,템퍼링 3호_템퍼1존(2존),0.6785409536075917,0.6606238277669702,0.19768861923665115,0.2839451584586594,,0.005117155685651742,0.6109729690370754
**********01,**********05,3,SS0000000011,템퍼링 3호_템퍼1존(3존),0.7700565680819071,0.35909551499507397,0.46270876290430585,0.6686020040765434,,0.04300936507399289,0.7661917949062972
**********01,**********05,6,SS0000000033,템퍼링 4호_템퍼1존(1존),0.2388405103182265,0.30177120916970746,0.8288356779144025,0.7116890121442818,,0.749434600466492,0.6633100897027364
**********01,**********05,3,SS0000000016,템퍼링 4호_템퍼1존(2존),0.3647456531977473,0.2293059686862654,0.6384797695682057,0.18504661877858541,,0.4912715759091496,0.5868106611724232
**********01,**********05,6,SS0000000006,템퍼링 4호_템퍼1존(3존),0.26707645107669686,0.9893615948768253,0.15224665716576724,0.5273373498675912,,0.9249568768458627,0.46869059898293564
**********01,**********05,6,SS0000000018,템퍼링 4호_템퍼1존(4존),0.5549635060750097,0.40947521389607244,0.20777644276347174,0.7512169134282819,,0.9771470069705752,0.03336670114388829
**********01,**********05,9,SS0000000010,템퍼링 4호_템퍼1존(5존),0.6387675941275731,0.7287042814505025,0.6762977840542949,0.6104713552491868,,0.4705630863417686,0.296333244815024
**********01,**********05,3,SS0000000034,템퍼링 4호_템퍼1존(6존),0.9936275248276281,0.3089384985330422,0.3981162142622263,0.8878370387997004,,0.24779021380493482,0.06409777197039479
**********01,**********05,3,SS0000000047,템퍼링 1호_템퍼1존(1존),0.9218482517848698,0.14343923570906414,0.20143384562116573,0.012332090900221027,,0.7401869423583046,0.34428629420109536
**********01,**********05,6,SS0000000041,템퍼링 1호_템퍼1존(2존),0.2720315407249131,0.2634875998345507,0.7967404963366971,0.7120409786016786,,0.7813205316541346,0.8186755830272685
**********01,**********05,9,SS0000000039,템퍼링 1호_템퍼1존(3존),0.5068503518125321,0.4209256542215968,0.7928784205341863,0.31401745829306293,,0.5315606218964453,0.9110222442657212
**********01,**********05,9,SS0000000030,템퍼링 1호_템퍼1존(4존),0.1210837994055981,0.5518788767059791,0.5595895379438566,0.7037407450378931,,0.8480504429025614,0.13567074904212006
**********01,**********05,9,SS0000000006,템퍼링 2호_템퍼1존(1존),0.8311563276951328,0.32307084635262906,0.08977169133467588,0.8594974743088057,,0.19315631118213472,0.04255980132691739
**********01,**********05,6,SS0000000030,템퍼링 2호_템퍼1존(2존),0.8026341495189935,0.08308639295574594,0.47263534895738535,0.9948843361268134,,0.5880545639331316,0.8593190370182029
**********01,**********05,3,SS0000000002,템퍼링 2호_템퍼1존(3존),0.2193589657935866,0.12039893657154577,0.6565060591100581,0.8063902692960189,,0.48941702472592896,0.41731827735203286
**********01,**********05,3,SS0000000030,템퍼링 2호_템퍼1존(4존),0.7122137346660844,0.3440899678880105,0.7629619311289871,0.5184472417569501,,0.9297660230547693,0.5277292825484996
**********01,**********05,6,SS0000000028,템퍼링 2호_템퍼1존(5존),0.9780307708102874,0.9758483113899623,0.6559499517737697,0.5615830832941491,,0.6513946411297529,0.2617859557278053
**********01,**********05,9,SS0000000042,템퍼링 2호_템퍼1존(6존),0.8614096849162951,0.4362798293808289,0.9102420797644182,0.04659420166795836,,0.980860370435772,0.631211177607089
**********01,**********05,9,SS0000000017,템퍼링 3호_템퍼1존(1존),0.07696446125504275,0.8819995199555153,0.18486599140382232,0.44119772382229927,,0.009326001330097644,0.4128897981384353
**********01,**********05,6,SS0000000039,템퍼링 3호_템퍼1존(2존),0.4557583484378388,0.11485825398041105,0.9653765883000455,0.37021921476832576,,0.11766264103788882,0.9596344668439158
**********01,**********05,3,SS0000000030,템퍼링 3호_템퍼1존(3존),0.0505767089359731,0.08137925408136226,0.9008974472260203,0.4730673059068069,,0.593251952444597,0.288533984616011
**********01,**********05,9,SS0000000029,템퍼링 4호_템퍼1존(1존),0.15789554665333205,0.21839611015600557,0.6683799164641887,0.7316688178786372,,0.3537810465264233,0.869603286000626
**********01,**********05,6,SS0000000006,템퍼링 4호_템퍼1존(2존),0.6650459880985131,0.613665374243272,0.4374463983104574,0.048590145403660134,,0.021713261988678623,0.6222386143758598
**********01,**********05,6,SS0000000007,템퍼링 4호_템퍼1존(3존),0.4958246641244244,0.5473684675032725,0.15310064045457827,0.12227654375783625,,0.8672160732230573,0.7410256392963758
**********01,**********05,3,SS0000000029,템퍼링 4호_템퍼1존(4존),0.07027282184915495,0.018235598355239024,0.921037018676419,0.2775330399265491,,0.5444751746712126,0.7415417330142128
**********01,**********05,3,SS0000000044,템퍼링 4호_템퍼1존(5존),0.6423707069415241,0.5665957236628515,0.5983648404843305,0.8428072572892007,,0.5729592331934855,0.6950232951691271
**********01,**********05,6,SS0000000020,템퍼링 4호_템퍼1존(6존),0.7489025672553598,0.39958104208565104,0.5621276090850353,0.05831430545415617,,0.6676789218339599,0.7865844549537794
**********01,**********05,3,SS0000000007,템퍼링 1호_템퍼1존(1존),0.4965149453778649,0.26527295412924934,0.3620218933255369,0.255158791125524,,0.19086169269245346,0.2510906431125488
**********01,**********05,9,SS0000000040,템퍼링 1호_템퍼1존(2존),0.2998045442153926,0.21341981182256464,0.21447883311059956,0.9668593966899568,,0.07129492508417845,0.7796730248463415
**********01,**********05,9,SS0000000010,템퍼링 1호_템퍼1존(3존),0.6242904779499758,0.7737323686677073,0.6693298875119904,0.42770903642519653,,0.11551686907823755,0.16115460611484533
**********01,**********05,3,SS0000000039,템퍼링 1호_템퍼1존(4존),0.7615389881815956,0.11146447778128232,0.8128372081925941,0.8558798300164493,,0.09602766621946368,0.7940382151200516
**********01,**********05,6,SS0000000050,템퍼링 2호_템퍼1존(1존),0.41281547473919045,0.2493861969265604,0.3647501598182674,0.38551766485806616,,0.9117758797323235,0.07849908745710898
**********01,**********05,9,SS0000000012,템퍼링 2호_템퍼1존(2존),0.5696595131622703,0.029074688633098145,0.028753448001127446,0.9009271765870663,,0.961311374216108,0.12922683699817605
**********01,**********05,6,SS0000000039,템퍼링 2호_템퍼1존(3존),0.7685482660248178,0.7701444239263173,0.3479553905065239,0.6546211127102728,,0.9223771030298211,0.08257777284117562
**********01,**********05,3,SS0000000036,템퍼링 2호_템퍼1존(4존),0.04897027255527786,0.2146529293563827,0.43642638494501307,0.6958013142457834,,0.2308573917560458,0.4694191118853015
**********01,**********05,6,SS0000000012,템퍼링 2호_템퍼1존(5존),0.1062973721837086,0.7959544835208026,0.6051519344224715,0.911083816405258,,0.670868656276164,0.32164705873401456
**********01,**********05,9,SS0000000016,템퍼링 2호_템퍼1존(6존),0.1321957429230347,0.7862641074212939,0.9171234957204561,0.5195820362177556,,0.8628891052917351,0.24140953990055747
**********01,**********05,3,SS0000000039,템퍼링 3호_템퍼1존(1존),0.10638980667477815,0.6106864620817545,0.5242740341026845,0.0190191527856034,,0.8329627977686045,0.051354640834427645
**********01,**********05,6,SS0000000032,템퍼링 3호_템퍼1존(2존),0.6665660148740621,0.25573461989494894,0.05194391020871325,0.5981337226027582,,0.9173771245763617,0.5163563236314614
**********01,**********05,3,SS0000000019,템퍼링 3호_템퍼1존(3존),0.244172131181276,0.005739943339116871,0.08086995761435045,0.5807200555488233,,0.5207213652258866,0.37463792510263727
**********01,**********05,6,SS0000000043,템퍼링 4호_템퍼1존(1존),0.9792284939381799,0.6459784508614367,0.24275342024701108,0.06021586987837335,,0.3843155860162031,0.4166823829326227
**********01,**********05,6,SS0000000026,템퍼링 4호_템퍼1존(2존),0.5749075487748451,0.5623651151516103,0.3677815064745692,0.18307048010366356,,0.8204774961121362,0.8443353798585925
**********01,**********05,6,SS0000000016,템퍼링 4호_템퍼1존(3존),0.2902705743193561,0.18568058729257264,0.10483957047379155,0.956606934922327,,0.8662843271612426,0.7605357777052073
**********01,**********05,3,SS0000000034,템퍼링 4호_템퍼1존(4존),0.14047225450067857,0.8039306766776612,0.30041203437710373,0.03297644096763774,,0.5183215833659697,0.9337576299618644
**********01,**********05,6,SS0000000015,템퍼링 4호_템퍼1존(5존),0.8642773429818181,0.8537172981783779,0.9995867787240943,0.07963438831221892,,0.19293823828381618,0.8283884187815534
**********01,**********05,9,SS0000000015,템퍼링 4호_템퍼1존(6존),0.8823059625132755,0.8038173966424619,0.20558143188194533,0.48423148019527107,,0.3708079785505808,0.45200639146424926
**********01,**********05,6,SS0000000002,템퍼링 1호_템퍼1존(1존),0.7198739616165049,0.6526042230944392,0.7014511940860877,0.33346910245358874,,0.18598767945410555,0.9231034983723673
**********01,**********05,3,SS0000000005,템퍼링 1호_템퍼1존(2존),0.9117303096414523,0.8482139410999645,0.34724862417684166,0.9734120760061908,,0.5196090059129208,0.3910417146676245
**********01,**********05,9,SS0000000048,템퍼링 1호_템퍼1존(3존),0.39344160275629037,0.6947665228645172,0.0068854916324641025,0.9025831502933909,,0.8094159112271728,0.7463609067247524
**********01,**********05,9,SS0000000023,템퍼링 1호_템퍼1존(4존),0.7317992951533178,0.8690319695955784,0.9830449933432203,0.19031528543108245,,0.9412055113991246,0.7866272274863776
**********01,**********05,9,SS0000000033,템퍼링 2호_템퍼1존(1존),0.9909838772019883,0.17749835134439684,0.8834916833902806,0.9612774307081724,,0.28659454926199734,0.6363280779176054
**********01,**********05,9,SS0000000027,템퍼링 2호_템퍼1존(2존),0.5177130427411731,0.1984078906248865,0.6633892164092099,0.030130893676868276,,0.9523439701761661,0.44309315054380727
**********01,**********05,6,SS0000000001,템퍼링 2호_템퍼1존(3존),0.7561928919121598,0.1323215677939399,0.08651599661755438,0.45296102170048846,,0.5870802089351027,0.34795645398236996
**********01,**********05,3,SS0000000005,템퍼링 2호_템퍼1존(4존),0.6048355141335585,0.5678143652854146,0.04375404251249626,0.9313738450402037,,0.797526206667568,0.8723992412016022
**********01,**********05,3,SS0000000024,템퍼링 2호_템퍼1존(5존),0.1978662022201778,0.19143704763926495,0.6252558820337122,0.380356933955213,,0.1687631300263227,0.17340944961190186
**********01,**********05,6,SS0000000040,템퍼링 2호_템퍼1존(6존),0.51805869065312,0.7587356755486133,0.1074559698773031,0.8807899265437361,,0.3842039692899494,0.47011564584319476
**********01,**********05,6,SS0000000022,템퍼링 3호_템퍼1존(1존),0.996134493573502,0.8175107373200935,0.8869832039323832,0.26795203225351505,,0.7792825628181939,0.176783555906595
**********01,**********05,6,SS0000000008,템퍼링 3호_템퍼1존(2존),0.06283255288286305,0.372828854212508,0.5308361860859605,0.7349556356353156,,0.9912131104116026,0.9408869456774623
**********01,**********05,3,SS0000000050,템퍼링 3호_템퍼1존(3존),0.7802202809368525,0.8293347464749105,0.704859191783201,0.7813892940924894,,0.7494757016840441,0.8124694631418272
**********01,**********05,3,SS0000000050,템퍼링 4호_템퍼1존(1존),0.4055659209831689,0.8468705798474754,0.26168912549906376,0.09487442477061525,,0.6539338977253537,0.1903897459538444
**********01,**********05,3,SS0000000024,템퍼링 4호_템퍼1존(2존),0.9733159919635919,0.6033591164222522,0.1296407483934453,0.901093029020941,,0.1104578110502833,0.5323153133258259
**********01,**********05,6,SS0000000022,템퍼링 4호_템퍼1존(3존),0.2733883874712614,0.616972529882966,0.2584190488399174,0.4184827232802344,,0.06043429985309423,0.08999187621204807
**********01,**********05,9,SS0000000047,템퍼링 4호_템퍼1존(4존),0.7869233150359508,0.10969741725488535,0.585030475467683,0.3752154918282614,,0.33278891587614,0.6400354716936604
**********01,**********05,6,SS0000000046,템퍼링 4호_템퍼1존(5존),0.5609042658286585,0.08020016327291168,0.43817318094910485,0.9826071005882405,,0.16395729642667412,0.5448859809958286
**********01,**********05,9,SS0000000003,템퍼링 4호_템퍼1존(6존),0.17683607179638117,0.2158196163984899,0.3354357926882985,0.2767279353528159,,0.7686287007278636,0.903480930859784
**********01,**********05,9,SS0000000025,템퍼링 1호_템퍼1존(1존),0.11000373661188978,0.20212476482270214,0.37146877152487945,0.31227113388084515,,0.6757082806988572,0.9921575517137952
**********01,**********05,3,SS0000000038,템퍼링 1호_템퍼1존(2존),0.9415423839455226,0.8934652599580615,0.5518760579746805,0.3880914494421073,,0.0046402161144236675,0.9275532879155292
**********01,**********05,6,SS0000000012,템퍼링 1호_템퍼1존(3존),0.7546415779544379,0.426948224077645,0.3753448658188365,0.6116966458518895,,0.7927784499683531,0.6577548966521679
**********01,**********05,9,SS0000000022,템퍼링 1호_템퍼1존(4존),0.6871684240845457,0.3857965844432567,0.2699609813955465,0.11460104840391261,,0.10099652971412831,0.11281875708767874
**********01,**********05,9,SS0000000004,템퍼링 2호_템퍼1존(1존),0.42231980363278676,0.6832684073214855,0.29224300816393456,0.46936696377215037,,0.21936514307302457,0.05948947272345351
**********01,**********05,6,SS0000000003,템퍼링 2호_템퍼1존(2존),0.22650059192219396,0.5853245332454443,0.545152788370089,0.3080365382177872,,0.8846864587811242,0.6412906536212049
**********01,**********05,9,SS0000000037,템퍼링 2호_템퍼1존(3존),0.3786906576642596,0.8591510664223521,0.42673269848458417,0.3454778468382551,,0.23967245679428995,0.4365434108036228
**********01,**********05,9,SS0000000039,템퍼링 2호_템퍼1존(4존),0.4564240817774785,0.8773355087785532,0.410123469408743,0.09526876024171604,,0.17445722170812727,0.5660205088073479
**********01,**********05,3,SS0000000035,템퍼링 2호_템퍼1존(5존),0.1656637789680424,0.6726292029265142,0.44826469487784404,0.3501768088636139,,0.022795668529357882,0.8733481587931546
**********01,**********05,6,SS0000000020,템퍼링 2호_템퍼1존(6존),0.6944085109294318,0.0925823479251906,0.7993176836853483,0.6860656632098463,,0.27725496302499497,0.7072275686743956
**********01,**********05,6,SS0000000005,템퍼링 3호_템퍼1존(1존),0.442226741011045,0.8347410397514246,0.4643478524299671,0.6071324133415473,,0.009849447654242338,0.9172901892770522
**********01,**********05,9,SS0000000010,템퍼링 3호_템퍼1존(2존),0.5885549746506077,0.35845309367905787,0.18741018857912306,0.19370896628657164,,0.09700056996313344,0.015767814857470475
**********01,**********05,3,SS0000000004,템퍼링 3호_템퍼1존(3존),0.03363294203727463,0.04767884283678858,0.3289182802007816,0.7001204007776183,,0.5471685935663624,0.4567426163456971
**********01,**********05,6,SS0000000004,템퍼링 4호_템퍼1존(1존),0.9934189261334619,0.4472344618151415,0.4817499570361157,0.8063832262485632,,0.6872979669636791,0.562958563753259
**********01,**********05,3,SS0000000014,템퍼링 4호_템퍼1존(2존),0.256876201707259,0.8539833511127887,0.9933940734191204,0.0819649952677145,,0.4994831260096114,0.04024997213143233
**********01,**********05,3,SS0000000046,템퍼링 4호_템퍼1존(3존),0.13772552554061013,0.30821368771347313,0.5075517255363388,0.7748349809390926,,0.30990020234311066,0.10787723511936831
**********01,**********05,3,SS0000000028,템퍼링 4호_템퍼1존(4존),0.6602907992398207,0.31317969801302503,0.1945939418623147,0.6670532151258908,,0.48026083808795916,0.6502515445130145
**********01,**********05,6,SS0000000023,템퍼링 4호_템퍼1존(5존),0.8300919365966367,0.7033675488889863,0.8596458105647907,0.48914062052456486,,0.6617102442580753,0.10491981948891205
**********01,**********05,3,SS0000000045,템퍼링 4호_템퍼1존(6존),0.04929309732306353,0.05934712472324433,0.5778023214423926,0.8823475287292433,,0.5570330417083398,0.8840577131262743
**********01,**********05,3,SS0000000003,템퍼링 1호_템퍼1존(1존),0.2661746274807154,0.7660023780044095,0.15872620295155293,0.8585524720028784,,0.8495433093798632,0.6028583750484265
**********01,**********05,9,SS0000000027,템퍼링 1호_템퍼1존(2존),0.7001778927002827,0.462488120824206,0.16017403491396875,0.48118112716203476,,0.2597850892404904,0.6437992640303715
**********01,**********05,9,SS0000000035,템퍼링 1호_템퍼1존(3존),0.1302063702272649,0.41325506699327264,0.5231999115290374,0.010218028810107138,,0.4045150978227199,0.7907076571457733
**********01,**********05,6,SS0000000037,템퍼링 1호_템퍼1존(4존),0.7479252796225156,0.9700152865557018,0.46603191741662486,0.2351110819229414,,0.45688712417032784,0.9843249614997417
**********01,**********05,9,SS0000000033,템퍼링 2호_템퍼1존(1존),0.8507182914117666,0.24484697101008945,0.644078299937002,0.6058381355684641,,0.1277252609770969,0.6919172890140557
**********01,**********05,9,SS0000000043,템퍼링 2호_템퍼1존(2존),0.744525230929647,0.6338764324096332,0.18075392619152975,0.940258467843766,,0.03951540088577088,0.8887300685516991
**********01,**********05,3,SS0000000011,템퍼링 2호_템퍼1존(3존),0.03516086311465094,0.9233633671512426,0.44309643379049957,0.31989787805130065,,0.27313714507491027,0.9781570427004268
**********01,**********05,6,SS0000000004,템퍼링 2호_템퍼1존(4존),0.3603540620675736,0.9749992369647529,0.19290308302513348,0.31182367968631486,,0.3760238744187897,0.3208256267948041
**********01,**********05,9,SS0000000025,템퍼링 2호_템퍼1존(5존),0.7021762403325055,0.6726559569053673,0.30899803145106985,0.3130875334310539,,0.5872733031116933,0.6893928732591607
**********01,**********05,6,SS0000000048,템퍼링 2호_템퍼1존(6존),0.6144729159447607,0.17025409194350272,0.20826217840979944,0.253298846294541,,0.6922114915366449,0.9685383732949491
**********01,**********05,6,SS0000000006,템퍼링 3호_템퍼1존(1존),0.6299924126928805,0.6719262913118731,0.49795409562016846,0.12001854958837455,,0.6822514655553991,0.19833100495012423
**********01,**********05,3,SS0000000040,템퍼링 3호_템퍼1존(2존),0.22296900663813757,0.8745086103046019,0.4558229083175901,0.24107725012761427,,0.5307578379096088,0.3651631242175838
**********01,**********05,6,SS0000000049,템퍼링 3호_템퍼1존(3존),0.8604454031250228,0.9338611966683343,0.811024064148674,0.33846938503238944,,0.06241209873779496,0.9248560842949356
**********01,**********05,6,SS0000000031,템퍼링 4호_템퍼1존(1존),0.735523635284143,0.1376796036013498,0.7570379432137826,0.9441147765806444,,0.41391903405667696,0.6682771602664072
**********01,**********05,3,SS0000000049,템퍼링 4호_템퍼1존(2존),0.04282347204322112,0.2521790634431883,0.8529972333152356,0.025865394708267764,,0.4680317695969467,0.18326082842864666
**********01,**********05,3,SS0000000006,템퍼링 4호_템퍼1존(3존),0.2931892014284453,0.648408119209782,0.39527574573070057,0.5808891507841516,,0.46985211277796746,0.8559245981783191
**********01,**********05,6,SS0000000013,템퍼링 4호_템퍼1존(4존),0.35628060465567757,0.5872860809797811,0.5668810750657669,0.5893601969454729,,0.5904664918610965,0.47636632276269786
**********01,**********05,9,SS0000000046,템퍼링 4호_템퍼1존(5존),0.4780137471153245,0.9501722524818451,0.39421047504910045,0.7231379774862771,,0.9130483211128062,0.7958728628215045
**********01,**********05,3,SS0000000003,템퍼링 4호_템퍼1존(6존),0.1657079455658026,0.9241456525321967,0.5807633305652945,0.08929916423728101,,0.3024386836518287,0.3759469720305486
**********01,**********05,6,SS0000000019,템퍼링 1호_템퍼1존(1존),0.20864631302727366,0.3374161950116409,0.39598417833930455,0.4351910313296854,,0.9255334705820173,0.4259388013970745
**********01,**********05,6,SS0000000024,템퍼링 1호_템퍼1존(2존),0.6797172457577996,0.2359290708399847,0.5208338584017917,0.7112680710012067,,0.46390865678212057,0.46693207942227977
**********01,**********05,3,SS0000000042,템퍼링 1호_템퍼1존(3존),0.9745331639944214,0.9254034316541228,0.1661995247552488,0.43893946988256993,,0.5310260897591649,0.9099287756784462
**********01,**********05,6,SS0000000026,템퍼링 1호_템퍼1존(4존),0.7016183397143061,0.26001144879572535,0.8397975850536558,0.6481274691870157,,0.41103060081896536,0.17710745947346207
**********01,**********05,9,SS0000000040,템퍼링 2호_템퍼1존(1존),0.13900548987168748,0.142465338352179,0.813991730340818,0.45949195029424006,,0.5567986431845243,0.669696549931805
**********01,**********05,6,SS0000000023,템퍼링 2호_템퍼1존(2존),0.31166931439816126,0.21201572190338036,0.10043045038030518,0.9252659346185953,,0.14821369282367391,0.7932028179373539
**********01,**********05,9,SS0000000026,템퍼링 2호_템퍼1존(3존),0.7526023717732491,0.6289816636713161,0.3157471705219508,0.8742668061398201,,0.1669636983213857,0.5803264648080287
**********01,**********05,9,SS0000000014,템퍼링 2호_템퍼1존(4존),0.9709436009561238,0.37214863403822207,0.21637302407399006,0.09526692217776478,,0.5667232516015789,0.21917222862330632
**********01,**********05,9,SS0000000049,템퍼링 2호_템퍼1존(5존),0.12033409834665765,0.2016326286403024,0.6831574840822371,0.9252711460654651,,0.11842039965089246,0.44512899178872567
**********01,**********05,6,SS0000000034,템퍼링 2호_템퍼1존(6존),0.5562720786899972,0.19561524248708295,0.7703173515626688,0.63772519264861,,0.37546754216397493,0.9637162963425916
**********01,**********05,3,SS0000000007,템퍼링 3호_템퍼1존(1존),0.8322239238502895,0.3424913575048426,0.37601826140058237,0.3880677841659568,,0.1251929343908208,0.27509458480851623
**********01,**********05,6,SS0000000032,템퍼링 3호_템퍼1존(2존),0.6788059746099125,0.6680742301918111,0.3255394300426855,0.7924412502421249,,0.5191672271417606,0.8334493109999054
**********01,**********05,3,SS0000000001,템퍼링 3호_템퍼1존(3존),0.8404742229727317,0.07304219876327656,0.20977387947637727,0.22115765177388058,,0.26832750407390904,0.6906237517725482
**********01,**********05,6,SS0000000043,템퍼링 4호_템퍼1존(1존),0.35609783250333826,0.6903417908971045,0.47123854202834603,0.48281202470239015,,0.16597425735147298,0.910880022696254
**********01,**********05,6,SS0000000026,템퍼링 4호_템퍼1존(2존),0.9773834126722607,0.6907668741708106,0.2384146155166279,0.6862959752839954,,0.42909716468020986,0.5663440432421879
**********01,**********05,9,SS0000000008,템퍼링 4호_템퍼1존(3존),0.44882777323254897,0.7486815515112164,0.5400125197354696,0.8232740963605666,,0.09159066721263187,0.7312542634520361
**********01,**********05,6,SS0000000044,템퍼링 4호_템퍼1존(4존),0.021066159852543676,0.7329976516770861,0.32513678307211746,0.5211971790272064,,0.1027998716372428,0.33908898716008695
**********01,**********05,9,SS0000000046,템퍼링 4호_템퍼1존(5존),0.380608632854771,0.5267842105171777,0.4098481438429059,0.9172620042582361,,0.8739225320403793,0.6338111279780226
**********01,**********05,3,SS0000000011,템퍼링 4호_템퍼1존(6존),0.32756957113297935,0.2400945365651581,0.09038698290745839,0.15779653956593198,,0.844349573416095,0.15961411549637983
**********01,**********05,9,SS0000000020,템퍼링 1호_템퍼1존(1존),0.21555115142133374,0.6998458576057586,0.29801130531055386,0.4478425834819718,,0.08213509710296685,0.4984610964821976
**********01,**********05,9,SS0000000030,템퍼링 1호_템퍼1존(2존),0.833556089210807,0.6494428687148763,0.23422703018400204,0.7096024337104407,,0.13950649399833714,0.34683213208774344
**********01,**********05,9,SS0000000047,템퍼링 1호_템퍼1존(3존),0.6848215138489111,0.37379183683313855,0.6785973561195325,0.10942148413458053,,0.8875042527714935,0.9887134044059843
**********01,**********05,9,SS0000000014,템퍼링 1호_템퍼1존(4존),0.38725464743686777,0.3206676484351253,0.7592399777964838,0.28487635759562013,,0.9866322715441528,0.562623358509242
**********01,**********05,6,SS0000000021,템퍼링 2호_템퍼1존(1존),0.6807419233713963,0.17292680807529326,0.276175850275749,0.4363076547654857,,0.11289503133623358,0.5230585985812258
**********01,**********05,3,SS0000000037,템퍼링 2호_템퍼1존(2존),0.47398292516070795,0.44113839684235634,0.06879503568811551,0.958191797435806,,0.5387889720150396,0.6587000244104934
**********01,**********05,6,SS0000000013,템퍼링 2호_템퍼1존(3존),0.051091769891455474,0.28807925872688267,0.15888209224136174,0.22964264738785534,,0.9581508658082764,0.33644315525977675
**********01,**********05,9,SS0000000001,템퍼링 2호_템퍼1존(4존),0.14109504818414564,0.044243038333011686,0.7390434510816662,0.3891370051623384,,0.1992280010008799,0.4680974277880805
**********01,**********05,6,SS0000000049,템퍼링 2호_템퍼1존(5존),0.2682576481432841,0.1466408496977697,0.5682626762783741,0.1022459594158931,,0.17215995372893234,0.34549311676174177
**********01,**********05,9,SS0000000031,템퍼링 2호_템퍼1존(6존),0.3782347752945172,0.30024380466306133,0.965567938402341,0.43051867330457805,,0.14489522196490623,0.6317366102407155
**********01,**********05,3,SS0000000004,템퍼링 3호_템퍼1존(1존),0.48865943014049373,0.9134753375487121,0.5559068260803013,0.39459078679676274,,0.8328184826271776,0.8027137651436155
**********01,**********05,3,SS0000000022,템퍼링 3호_템퍼1존(2존),0.6437624706950112,0.31456720623461554,0.2644940710956841,0.8838503638854208,,0.6610434801459064,0.9250805151975293
**********01,**********05,9,SS0000000025,템퍼링 3호_템퍼1존(3존),0.11139722586833256,0.6230146200078466,0.10361843689301042,0.2820034249445007,,0.7372170151182494,0.5666901986145647
**********01,**********05,6,SS0000000015,템퍼링 4호_템퍼1존(1존),0.048769082914049244,0.6620925920391462,0.6971204736106136,0.9566492402506023,,0.6777377677538233,0.9764892090552312
**********01,**********05,6,SS0000000017,템퍼링 4호_템퍼1존(2존),0.6475907769686865,0.11392858095761305,0.7158785484329321,0.19355344448183354,,0.39344046590209203,0.020715966571722366
**********01,**********05,6,SS0000000004,템퍼링 4호_템퍼1존(3존),0.5805234188583531,0.3698695584678502,0.6400593235779349,0.7999224509239857,,0.17689476712326924,0.18853323355404628
**********01,**********05,6,SS0000000038,템퍼링 4호_템퍼1존(4존),0.39024291288829427,0.8041412610673828,0.1936442877689557,0.18253423353119058,,0.042761048057395,0.3948914106289457
**********01,**********05,6,SS0000000003,템퍼링 4호_템퍼1존(5존),0.612951328064074,0.09064210866539957,0.05303963761424735,0.8093790528693047,,0.5849132879152983,0.06296113328049013
**********01,**********05,6,SS0000000016,템퍼링 4호_템퍼1존(6존),0.9716866325822048,0.13909421471334682,0.8456368783651572,0.8996865284434624,,0.8300742728407458,0.5915682343585236
**********01,**********05,9,SS0000000003,템퍼링 1호_템퍼1존(1존),0.3594459831502488,0.43201102088822796,0.35299992886261733,0.27712983143336345,,0.04234303485657198,0.8463060138809728
**********01,**********05,9,SS0000000031,템퍼링 1호_템퍼1존(2존),0.9596053927338458,0.7495734964897101,0.22911665656919789,0.6166186664155123,,0.8857025071914107,0.3059663857008643
**********01,**********05,6,SS0000000020,템퍼링 1호_템퍼1존(3존),0.6029782220950722,0.3614684206605071,0.8906131066922004,0.4498859391979405,,0.9914939686121833,0.7106065371745877
**********01,**********05,6,SS0000000004,템퍼링 1호_템퍼1존(4존),0.31557953517010684,0.3707560292525641,0.640118265310552,0.06748101665199946,,0.018170387819938738,0.4669263810158153
**********01,**********05,6,SS0000000035,템퍼링 2호_템퍼1존(1존),0.8127132847305021,0.17045191000309923,0.5469505154559497,0.3857909290171734,,0.29977911314165784,0.48211791664931614
**********01,**********05,6,SS0000000049,템퍼링 2호_템퍼1존(2존),0.014760785203947635,0.9118928758524104,0.1033798902184716,0.221176379680195,,0.030400457226427813,0.25982603307274055
**********01,**********05,9,SS0000000027,템퍼링 2호_템퍼1존(3존),0.4359805517566697,0.8630320401475156,0.35557634086600576,0.4075580143016986,,0.6959599030471384,0.9656663154800001
**********01,**********05,3,SS0000000037,템퍼링 2호_템퍼1존(4존),0.17017864396175109,0.09746388620473645,0.8636789970520675,0.30030112453265145,,0.1722659897492742,0.8689725906006663
**********01,**********05,6,SS0000000002,템퍼링 2호_템퍼1존(5존),0.7772597530645963,0.5253656899039332,0.6969866668085856,0.20437609957366465,,0.9234107171110302,0.9152707552731559
**********01,**********05,3,SS0000000013,템퍼링 2호_템퍼1존(6존),0.7793169652734663,0.7620434592859632,0.415969228688127,0.24522892982839994,,0.41517375056861305,0.9683289567654161
**********01,**********05,6,SS0000000021,템퍼링 3호_템퍼1존(1존),0.11818713918209356,0.2575532813999386,0.7402293999085616,0.5338163317404758,,0.3168401005040863,0.9882206483048921
**********01,**********05,3,SS0000000049,템퍼링 3호_템퍼1존(2존),0.7145031385657443,0.05114675908059929,0.12640874732807783,0.12034716592129369,,0.14475917288975404,0.999107624230419
**********01,**********05,9,SS0000000002,템퍼링 3호_템퍼1존(3존),0.39288132137263754,0.021316365096359258,0.6053292465704471,0.5566682673848736,,0.8393760631195846,0.6379942990993861
**********01,**********05,9,SS0000000034,템퍼링 4호_템퍼1존(1존),0.5547948894224541,0.421889986120775,0.3663144878830983,0.5104816184356721,,0.5668731359081188,0.5001695999484316
**********01,**********05,3,SS0000000008,템퍼링 4호_템퍼1존(2존),0.6065991820488937,0.7762581013707772,0.8658057408927398,0.6448228530147342,,0.11614661287745953,0.8659193655559214
**********01,**********05,9,SS0000000007,템퍼링 4호_템퍼1존(3존),0.6345714111904536,0.3257316395205542,0.726461121125122,0.8664816487637179,,0.4939334829062225,0.7797389924934357
**********01,**********05,6,SS0000000049,템퍼링 4호_템퍼1존(4존),0.11610063258708325,0.09116169945594288,0.976478781839488,0.1789629742156712,,0.8027813805431494,0.809108253041829
**********01,**********05,9,SS0000000005,템퍼링 4호_템퍼1존(5존),0.2345058312921463,0.08779660689661428,0.02379526585160896,0.7416382849874181,,0.9690184894832684,0.46560416308243757
**********01,**********05,3,SS0000000025,템퍼링 4호_템퍼1존(6존),0.8263117092403238,0.6049623898813395,0.7155124033267506,0.5422517869869328,,0.6551189913958552,0.9827321614659782
**********01,**********05,9,SS0000000028,템퍼링 1호_템퍼1존(1존),0.8434174565444308,0.09925450479589393,0.3637632124426907,0.06128733365705541,,0.9577967609168577,0.15099969794533252
**********01,**********05,9,SS0000000020,템퍼링 1호_템퍼1존(2존),0.17384439158673648,0.3043319348331217,0.20070612223753181,0.32213497293266413,,0.23307539519687281,0.9406474230633833
**********01,**********05,9,SS0000000012,템퍼링 1호_템퍼1존(3존),0.7389645264832778,0.7501875946191496,0.3121318287545519,0.9808527291526116,,0.34459169530661937,0.5829439192822894
**********01,**********05,3,SS0000000001,템퍼링 1호_템퍼1존(4존),0.33237145654688893,0.21142781105536945,0.22542577035636713,0.6694255756344011,,0.37003079930330396,0.5154318768774743
**********01,**********05,3,SS0000000043,템퍼링 2호_템퍼1존(1존),0.6594901192678256,0.4327606261200102,0.4758554922063245,0.14847310750397502,,0.41888377613003014,0.19095207953527327
**********01,**********05,3,SS0000000035,템퍼링 2호_템퍼1존(2존),0.313797308663172,0.967808840931624,0.38812878636689274,0.9766532144360563,,0.18302033085600222,0.04698432342541514
**********01,**********05,6,SS0000000028,템퍼링 2호_템퍼1존(3존),0.6727626621166578,0.30298670501094727,0.39544492356251637,0.7947640168017936,,0.799188902126878,0.05347387038621554
**********01,**********05,9,SS0000000047,템퍼링 2호_템퍼1존(4존),0.24128500012543108,0.6880402138905153,0.5077687122637917,0.2850033925747083,,0.8333145323877065,0.6282226478232528
**********01,**********05,3,SS0000000028,템퍼링 2호_템퍼1존(5존),0.44618877655247235,0.04093530881279939,0.36827276161552613,0.481884268907139,,0.7682584437222901,0.10625621225984927
**********01,**********05,9,SS0000000035,템퍼링 2호_템퍼1존(6존),0.06042733136050227,0.4537652608660717,0.06433300829818545,0.8910458298174413,,0.7619796146535065,0.17241552002143323
**********01,**********05,3,SS0000000004,템퍼링 3호_템퍼1존(1존),0.4853099181575732,0.39524880049922373,0.9684714045342855,0.6700730069818408,,0.6129330002488508,0.6979941737253155
**********01,**********05,6,SS0000000005,템퍼링 3호_템퍼1존(2존),0.050729383408719464,0.4921635018685816,0.3433584826966998,0.8423455926338907,,0.7583626737676954,0.15001093610147287
**********01,**********05,9,SS0000000042,템퍼링 3호_템퍼1존(3존),0.9762901908481847,0.45696190134732106,0.8760873411489843,0.14994011596187418,,0.030578773099910084,0.7388390539781482
**********01,**********05,6,SS0000000030,템퍼링 4호_템퍼1존(1존),0.4997142479019261,0.3072703842566994,0.7443770693199071,0.6306804113195681,,0.2676925491805443,0.6300958718668352
**********01,**********05,6,SS0000000037,템퍼링 4호_템퍼1존(2존),0.24333973601334524,0.6688262826644688,0.33142398884372326,0.5547639350280195,,0.9781805626646577,0.6615875874015325
**********01,**********05,3,SS0000000030,템퍼링 4호_템퍼1존(3존),0.4789902568856472,0.7925667505726116,0.5477552558254759,0.2967732911930536,,0.11414651324801839,0.046397197705531634
**********01,**********05,9,SS0000000033,템퍼링 4호_템퍼1존(4존),0.34865458594503684,0.2853968149220253,0.07335201732820762,0.21878478876337115,,0.25543063480221395,0.3774459521637642
**********01,**********05,9,SS0000000001,템퍼링 4호_템퍼1존(5존),0.59245354638273,0.0987541764268538,0.07957856805019992,0.9124629002902599,,0.8676062944384149,0.48612615361708056
**********01,**********05,9,SS0000000017,템퍼링 4호_템퍼1존(6존),0.8779014211439844,0.480368761327575,0.844860107909954,0.46480851396407674,,0.04225600627255632,0.08291554579780902
**********01,**********05,9,SS0000000050,템퍼링 1호_템퍼1존(1존),0.040925309787631314,0.9006866373978903,0.859300593858102,0.41780474918365085,,0.822047138691444,0.6533269282893553
**********01,**********05,3,SS0000000014,템퍼링 1호_템퍼1존(2존),0.8965215177013862,0.26195431133690084,0.7555329185107099,0.5231643474357562,,0.8339283907220998,0.9030098829983639
**********01,**********05,6,SS0000000032,템퍼링 1호_템퍼1존(3존),0.9986397815850362,0.13413389671103126,0.318791477387524,0.6608628580980389,,0.30528704371066273,0.01648020687044982
**********01,**********05,6,SS0000000043,템퍼링 1호_템퍼1존(4존),0.894996453382981,0.03444540166289123,0.17585864811126417,0.1403378176529685,,0.5001520411862482,0.9924049887267665
**********01,**********05,6,SS0000000046,템퍼링 2호_템퍼1존(1존),0.6384183382600084,0.47768558132955563,0.7830007322760439,0.21707790391288406,,0.8668935068802337,0.43278696634152314
**********01,**********05,9,SS0000000037,템퍼링 2호_템퍼1존(2존),0.42460244505430544,0.004425476465294564,0.9349569317929819,0.9564933146056047,,0.17567919717743086,0.6322614761190457
**********01,**********05,9,SS0000000035,템퍼링 2호_템퍼1존(3존),0.9319268272833808,0.7283665064306747,0.1624462878567544,0.45991495090027856,,0.3072727735779147,0.4465512939279864
**********01,**********05,6,SS0000000034,템퍼링 2호_템퍼1존(4존),0.04887285846739442,0.41893545543082333,0.5777550102992187,0.9119337219576276,,0.09044711562497343,0.1328739991793354
**********01,**********05,9,SS0000000008,템퍼링 2호_템퍼1존(5존),0.4623670747442976,0.6145585988511066,0.06122027946218955,0.022318769213749312,,0.4104627980213139,0.8538876545321318
**********01,**********05,9,SS0000000047,템퍼링 2호_템퍼1존(6존),0.43482719359169486,0.9430455578143484,0.15931794182450032,0.7990053802789718,,0.4782707226227907,0.4669283838000401
**********01,**********05,3,SS0000000031,템퍼링 3호_템퍼1존(1존),0.19399978552310349,0.25431508396285396,0.5820639118356156,0.03658060872583946,,0.899854211471724,0.05720749363793032
**********01,**********05,6,SS0000000010,템퍼링 3호_템퍼1존(2존),0.9513215545323364,0.1954316904694242,0.4909019492919867,0.2568965213761639,,0.8843388105799947,0.10108923261847669
**********01,**********05,3,SS0000000047,템퍼링 3호_템퍼1존(3존),0.1281860565480476,0.9354909250546894,0.9753464977168208,0.24594631897749086,,0.9577284190034118,0.31342637139592133
**********01,**********05,3,SS0000000039,템퍼링 4호_템퍼1존(1존),0.11181586606986782,0.8122962044662732,0.1291785231182685,0.3116027076357757,,0.9133517420732422,0.8662901309270409
**********01,**********05,9,SS0000000005,템퍼링 4호_템퍼1존(2존),0.9725201085734717,0.5319514186965258,0.0919033007022515,0.419202853969056,,0.02592124495162762,0.5921513660367627
**********01,**********05,9,SS0000000040,템퍼링 4호_템퍼1존(3존),0.10288675377001377,0.5523466295904697,0.9453088944604733,0.794346913571348,,0.5345241755466466,0.177658104784712
**********01,**********05,6,SS0000000001,템퍼링 4호_템퍼1존(4존),0.4322814530918516,0.3688580528811881,0.7855791620116213,0.8414132954435407,,0.24583750927906478,0.7634473209861798
**********01,**********05,6,SS0000000038,템퍼링 4호_템퍼1존(5존),0.4107621768886699,0.38920766143557084,0.8320123799771252,0.2112235681707606,,0.06687537164003854,0.8432436444106056
**********01,**********05,3,SS0000000010,템퍼링 4호_템퍼1존(6존),0.5999789207476919,0.39592133963780496,0.37906406855732755,0.14817815687284175,,0.631150332393556,0.0930400105249497
**********01,**********05,3,SS0000000043,템퍼링 1호_템퍼1존(1존),0.9255962627880634,0.0026072520248270337,0.8126059367857731,0.623405958689175,,0.401817746346129,0.7228851722345194
**********01,**********05,9,SS0000000042,템퍼링 1호_템퍼1존(2존),0.620198219481463,0.08512421305059248,0.6122198453181784,0.32846906549182164,,0.720684617812954,0.5161253471453862
**********01,**********05,9,SS0000000039,템퍼링 1호_템퍼1존(3존),0.6511464819745872,0.40761202590720247,0.12130834443540395,0.9531812754121813,,0.00836697496791139,0.024497822603797847
**********01,**********05,9,SS0000000023,템퍼링 1호_템퍼1존(4존),0.05899812046826902,0.28120320973373636,0.025713915830751333,0.11377793141473436,,0.26944754116290204,0.11552658445563391
**********01,**********05,6,SS0000000009,템퍼링 2호_템퍼1존(1존),0.3984033567120989,0.44037799792531296,0.8487798398995322,0.6601635891774031,,0.19529685009569053,0.341334690822954
**********01,**********05,3,SS0000000018,템퍼링 2호_템퍼1존(2존),0.6305152825578568,0.01539880165870633,0.5768278446900019,0.7849730736159655,,0.9730811062529527,0.5133516496364967
**********01,**********05,9,SS0000000013,템퍼링 2호_템퍼1존(3존),0.8273059745383514,0.8803719850426039,0.3936740178826883,0.8224645949138177,,0.9880157962204639,0.9893665967442835
**********01,**********05,6,SS0000000020,템퍼링 2호_템퍼1존(4존),0.11544941519441776,0.4266993095229147,0.6690423036647039,0.7982538191778025,,0.12480939586934214,0.4261439952510985
**********01,**********05,6,SS0000000014,템퍼링 2호_템퍼1존(5존),0.4244885548585262,0.27912686318702684,0.7414602096128015,0.7420139925120037,,0.8871603005682592,0.10354342210586653
**********01,**********05,6,SS0000000007,템퍼링 2호_템퍼1존(6존),0.92846870178922,0.9982556393800491,0.225790613092557,0.9376204638422855,,0.485936147091369,0.126229237834957
**********01,**********05,6,SS0000000039,템퍼링 3호_템퍼1존(1존),0.5876030667440328,0.705760929971005,0.1630847049257701,0.7262395282814237,,0.5392823205901204,0.8903565962627067
**********01,**********05,9,SS0000000020,템퍼링 3호_템퍼1존(2존),0.3117148589127292,0.03035795098162486,0.573076175038228,0.8648287576065545,,0.809639214425713,0.6373814803489336
**********01,**********05,6,SS0000000030,템퍼링 3호_템퍼1존(3존),0.5084125499414331,0.8708463977908492,0.5152067683597802,0.5821339988506762,,0.775498360872916,0.4105098092121483
**********01,**********05,9,SS0000000024,템퍼링 4호_템퍼1존(1존),0.14287730759105655,0.894533013628386,0.40501751773393546,0.34528684681520005,,0.9907420981541153,0.3720843732816279
**********01,**********05,9,SS0000000004,템퍼링 4호_템퍼1존(2존),0.5939677736499358,0.6420717329969617,0.5669300978670316,0.9496163853070589,,0.1613481597015547,0.2753946060690652
**********01,**********05,3,SS0000000021,템퍼링 4호_템퍼1존(3존),0.17568804531756355,0.8286828464354761,0.8349830739151838,0.7892456237491365,,0.24152123825308325,0.2775727056598659
**********01,**********05,3,SS0000000045,템퍼링 4호_템퍼1존(4존),0.7986549826756376,0.48160574925553445,0.23041930238893016,0.12638028364342024,,0.9657053353902608,0.18432295358416806
**********01,**********05,9,SS0000000013,템퍼링 4호_템퍼1존(5존),0.25283843859370403,0.3611385334838766,0.27586964275916637,0.6312502318179212,,0.5066081219095472,0.31046745171388224
**********01,**********05,9,SS0000000030,템퍼링 4호_템퍼1존(6존),0.7573565559199243,0.6658942594610562,0.9025871619550495,0.3813353399666043,,0.21799133008636606,0.16268590024967766
**********01,**********05,9,SS0000000008,템퍼링 1호_템퍼1존(1존),0.022111128615080022,0.46324911150811443,0.5591044685877913,0.3560843413491044,,0.7689550084587778,0.5791425304394963
**********01,**********05,9,SS0000000021,템퍼링 1호_템퍼1존(2존),0.14230132143677032,0.5469191776728901,0.1378172675858197,0.03854562686691099,,0.9308489094948944,0.5436111306674902
**********01,**********05,3,SS0000000040,템퍼링 1호_템퍼1존(3존),0.868545964251703,0.6089245412455447,0.4626756145816665,0.12407394394632876,,0.8871736237702436,0.5219347689243671
**********01,**********05,9,SS0000000016,템퍼링 1호_템퍼1존(4존),0.9511538691317792,0.8632394943870537,0.023678712995205742,0.7355721677942291,,0.3542356572126202,0.04327445898739035
**********01,**********05,6,SS0000000039,템퍼링 2호_템퍼1존(1존),0.8136555058989328,0.6583219639739752,0.814230849332559,0.8807020489738486,,0.45977365415021065,0.7997523476654633
**********01,**********05,9,SS0000000032,템퍼링 2호_템퍼1존(2존),0.6589804535188907,0.5887033242884159,0.3231888979494819,0.7963918992244233,,0.6841760328735462,0.9187794471507982
**********01,**********05,6,SS0000000040,템퍼링 2호_템퍼1존(3존),0.6239693633415008,0.8334523687464765,0.3906691164789581,0.9316510939661021,,0.8391762735391004,0.034104523368650774
**********01,**********05,9,SS0000000031,템퍼링 2호_템퍼1존(4존),0.8445579677750996,0.9780026644370545,0.8345887791038975,0.08543434350215073,,0.15645605772641324,0.8907494368677583
**********01,**********05,9,SS0000000009,템퍼링 2호_템퍼1존(5존),0.7228254448393796,0.061744993404245774,0.5238985921662039,0.9627139500863334,,0.749471522048039,0.3980562674951085
**********01,**********05,6,SS0000000004,템퍼링 2호_템퍼1존(6존),0.42814436359105257,0.7973938535433661,0.22639637200986262,0.5531928906958818,,0.4135378385059818,0.6737041889265442
**********01,**********05,6,SS0000000043,템퍼링 3호_템퍼1존(1존),0.047524463959930485,0.4479920410702678,0.3172999890973529,0.767753462472072,,0.22709627524758336,0.5499737059070863
**********01,**********05,6,SS0000000027,템퍼링 3호_템퍼1존(2존),0.515099038083089,0.8900148369653743,0.4037510654821017,0.9150744236233622,,0.3632528551031152,0.14731826150296623
**********01,**********05,3,SS0000000035,템퍼링 3호_템퍼1존(3존),0.27256332201130606,0.8390764791511883,0.4186615937573306,0.9623802545955945,,0.19428212622076524,0.048184496061211335
**********01,**********05,6,SS0000000035,템퍼링 4호_템퍼1존(1존),0.7577850517066994,0.34753325055640927,0.5633236190605944,0.8529441697600039,,0.6054656166774268,0.4309570713492953
**********01,**********05,3,SS0000000005,템퍼링 4호_템퍼1존(2존),0.11548128217028242,0.29818155042248773,0.7465387376446806,0.9559172176145645,,0.6793674500519553,0.41286064353767404
**********01,**********05,3,SS0000000030,템퍼링 4호_템퍼1존(3존),0.8126551439315807,0.29383755586578786,0.7763712378132864,0.7535465201241903,,0.046897225472208426,0.5399616754106876
**********01,**********05,6,SS0000000016,템퍼링 4호_템퍼1존(4존),0.8708735137725121,0.10104800226418431,0.36292329534814927,0.48024777173902833,,0.24858514774740736,0.14423666422795378
**********01,**********05,6,SS0000000035,템퍼링 4호_템퍼1존(5존),0.8531357691148476,0.1967370404265938,0.5478811102672098,0.0835044718649296,,0.07557063655730478,0.8844978946637474
**********01,**********05,6,SS0000000044,템퍼링 4호_템퍼1존(6존),0.9672748689960992,0.8077156576326919,0.9599999712789714,0.10373365118666966,,0.909367926733188,0.9980205868913703
**********01,**********05,6,SS0000000015,템퍼링 1호_템퍼1존(1존),0.044603361971206734,0.7661693548415179,0.7488981390717412,0.8958279198590815,,0.5092707357472935,0.08825259606665026
**********01,**********05,3,SS0000000021,템퍼링 1호_템퍼1존(2존),0.14807660879170625,0.28327320642296505,0.04366669227715192,0.6469655852163569,,0.00818639778218877,0.8426659616625504
**********01,**********05,6,SS0000000034,템퍼링 1호_템퍼1존(3존),0.10784711739425146,0.6161676324702872,0.2128178460435376,0.17319032443713134,,0.5201462923811948,0.7822814165050129
**********01,**********05,3,SS0000000048,템퍼링 1호_템퍼1존(4존),0.7949294902703716,0.23733180773086082,0.07621560612312683,0.8318068056340964,,0.3379703115357686,0.3725044387172257
**********01,**********05,6,SS0000000015,템퍼링 2호_템퍼1존(1존),0.5833703023466011,0.6562345921665088,0.033302324351356494,0.526514786140416,,0.42167406826560994,0.6750032918157817
**********01,**********05,9,SS0000000033,템퍼링 2호_템퍼1존(2존),0.7604111528309215,0.4890578838393168,0.012310972029845768,0.0912031736871336,,0.3383276591100842,0.5254231854050011
**********01,**********05,3,SS0000000050,템퍼링 2호_템퍼1존(3존),0.16402868078157717,0.3640697214665355,0.5332343547656717,0.5180995308103972,,0.2871699512955509,0.7620620355487826
**********01,**********05,6,SS0000000005,템퍼링 2호_템퍼1존(4존),0.23235213817824318,0.8510809557289759,0.09902971095695956,0.5742006658813426,,0.6013751359448444,0.05120296096806387
**********01,**********05,9,SS0000000023,템퍼링 2호_템퍼1존(5존),0.38904836027745715,0.6588924010116379,0.11456285446835479,0.24206430141363788,,0.34523575217365354,0.3271528510116012
**********01,**********05,9,SS0000000007,템퍼링 2호_템퍼1존(6존),0.3951773774563214,0.9235983236466359,0.4751482595060935,0.8495976118322941,,0.19410630139058105,0.6534389354103733
**********01,**********05,9,SS0000000001,템퍼링 3호_템퍼1존(1존),0.5122660144173165,0.7184698647969202,0.041965717920509626,0.13307863344242665,,0.7684614995830773,0.8622703681469592
**********01,**********05,9,SS0000000004,템퍼링 3호_템퍼1존(2존),0.7937594050896858,0.48022460141065537,0.1396068683697944,0.3451430612462738,,0.8850174131703047,0.03746972973009399
**********01,**********05,6,SS0000000013,템퍼링 3호_템퍼1존(3존),0.9490336080295034,0.013225383129311208,0.9156675907269153,0.24262233562500124,,0.5628273635267438,0.4953239735793642
**********01,**********05,6,SS0000000031,템퍼링 4호_템퍼1존(1존),0.5565595855981851,0.5901079812132265,0.29112589498892105,0.9551176411568658,,0.8424853190422074,0.4629248874316352
**********01,**********05,3,SS0000000028,템퍼링 4호_템퍼1존(2존),0.7770266613497829,0.21585749952327304,0.7002964274475216,0.5379124772676992,,0.05932905347869899,0.6837631961575225
**********01,**********05,9,SS0000000038,템퍼링 4호_템퍼1존(3존),0.6643810461950552,0.30628855012088174,0.16560188086855843,0.55671786260626,,0.3752635134959773,0.04114177051195067
**********01,**********05,3,SS0000000014,템퍼링 4호_템퍼1존(4존),0.011633684152545398,0.8315598363541554,0.012815859837611465,0.7919851214499641,,0.8404086561944946,0.3243527871522963
**********01,**********05,6,SS0000000038,템퍼링 4호_템퍼1존(5존),0.6916123126177981,0.7792732666020243,0.5100734908254001,0.4593203361994077,,0.9410054947321328,0.8676636948384941
**********01,**********05,9,SS0000000017,템퍼링 4호_템퍼1존(6존),0.5033959951754735,0.2151470343253008,0.5146208900342368,0.9101618185616399,,0.2780375071007902,0.8826660708669568
**********01,**********05,3,SS0000000047,템퍼링 1호_템퍼1존(1존),0.6988482161484271,0.3739309594000966,0.12948506701124007,0.4911535044062596,,0.23696498787098874,0.0486255074638412
**********01,**********05,3,SS0000000036,템퍼링 1호_템퍼1존(2존),0.8269038316095645,0.456888141547829,0.2986830528583799,0.2905079063558492,,0.2154972700256519,0.03185099806037628
**********01,**********05,9,SS0000000024,템퍼링 1호_템퍼1존(3존),0.8200633942650029,0.6543854781696193,0.4033040499091881,0.9410272673311117,,0.575451965952819,0.45436057086714077
**********01,**********05,6,SS0000000013,템퍼링 1호_템퍼1존(4존),0.9445349428143919,0.6172992221216106,0.3499788665202894,0.5901914015711042,,0.7722629980672877,0.3468905013687992
**********01,**********05,3,SS0000000038,템퍼링 2호_템퍼1존(1존),0.3117225789821332,0.3522537069213928,0.8065094319047503,0.9265531030986629,,0.2826088560684402,0.8945442828315407
**********01,**********05,9,SS0000000040,템퍼링 2호_템퍼1존(2존),0.7665432553746299,0.8261807772795343,0.35985851575249406,0.1612174044137047,,0.24278069960033644,0.014823736515212405
**********01,**********05,3,SS0000000038,템퍼링 2호_템퍼1존(3존),0.5657975282439998,0.8748946941998766,0.45955327248709843,0.2497478497460771,,0.7362436521010627,0.641822600264476
**********01,**********05,9,SS0000000031,템퍼링 2호_템퍼1존(4존),0.8379792359397223,0.08110167146977332,0.010139972459226487,0.28691521488999217,,0.8104912903840791,0.7129336259778193
**********01,**********05,3,SS0000000040,템퍼링 2호_템퍼1존(5존),0.22921079123028076,0.12415612262938136,0.15125740784861852,0.21972482646142377,,0.8798299272730629,0.30434611102952824
**********01,**********05,6,SS0000000040,템퍼링 2호_템퍼1존(6존),0.2745806873528269,0.13591817308265386,0.8606807098581877,0.8239278772781657,,0.7415689235258449,0.25789820095032
**********01,**********05,3,SS0000000021,템퍼링 3호_템퍼1존(1존),0.7394800313572896,0.8394777481051647,0.35601774566387534,0.5746426158450523,,0.9000719319400154,0.9148558818237313
**********01,**********05,3,SS0000000045,템퍼링 3호_템퍼1존(2존),0.9027843769549686,0.1262031455390017,0.7488365219404295,0.2805172886641486,,0.4776360750975853,0.30256564317242374
**********01,**********05,6,SS0000000042,템퍼링 3호_템퍼1존(3존),0.23236609206977332,0.6808531869746696,0.8072418801754765,0.3340498502193737,,0.7674814003174787,0.17905920049778734
**********01,**********05,6,SS0000000028,템퍼링 4호_템퍼1존(1존),0.3826777354617491,0.837655532393468,0.576641516883544,0.9370016039363483,,0.5974856011604291,0.7088788181648025
**********01,**********05,6,SS0000000016,템퍼링 4호_템퍼1존(2존),0.44050541765645457,0.9442986460702221,0.2506568888982552,0.8469681811225667,,0.9387845451971414,0.7405530081721926
**********01,**********05,3,SS0000000011,템퍼링 4호_템퍼1존(3존),0.07831422389737563,0.848927680811466,0.4570189656883801,0.7797339057367657,,0.11993591680081561,0.9032035034448702
**********01,**********05,3,SS0000000037,템퍼링 4호_템퍼1존(4존),0.3994101879788995,0.5473987764055682,0.4235803285901042,0.06559079691421876,,0.7513516784577716,0.6130237889694884
**********01,**********05,9,SS0000000035,템퍼링 4호_템퍼1존(5존),0.7448511954060747,0.7083349295059771,0.04318399358870928,0.14714789171307296,,0.6902238364003918,0.5478397590725795
**********01,**********05,3,SS0000000018,템퍼링 4호_템퍼1존(6존),0.3063310252021628,0.10079499094883315,0.598378038009036,0.825598133816201,,0.8571555098635493,0.5571718748919774
**********01,**********05,6,SS0000000038,템퍼링 1호_템퍼1존(1존),0.07884767021973804,0.3047383622434998,0.13583228013398685,0.6128660324385079,,0.13042805697480275,0.43011847963543903
**********01,**********05,9,SS0000000021,템퍼링 1호_템퍼1존(2존),0.197641250943007,0.4944131249686141,0.05211382520415131,0.2533449114094113,,0.2252069676145355,0.9958294974667693
**********01,**********05,3,SS0000000045,템퍼링 1호_템퍼1존(3존),0.09538507226842896,0.13012017466514547,0.6884748686559541,0.725779725891167,,0.5195755451657157,0.5924038411261303
**********01,**********05,9,SS0000000047,템퍼링 1호_템퍼1존(4존),0.5279207128374461,0.9657201216510769,0.13136329270043634,0.12842129112850564,,0.4127958362315244,0.1549406632197582
**********01,**********05,3,SS0000000038,템퍼링 2호_템퍼1존(1존),0.5299181663591529,0.19450841245979622,0.7260253396552111,0.238616034419051,,0.6574189402333979,0.8705163533973624
**********01,**********05,9,SS0000000005,템퍼링 2호_템퍼1존(2존),0.14663905077170947,0.19521001833792562,0.46111631074849324,0.5364451402660534,,0.7008339005185901,0.9569748655860055
**********01,**********05,3,SS0000000040,템퍼링 2호_템퍼1존(3존),0.5574059334819833,0.5562654925205004,0.1199549690912568,0.5905048204835902,,0.9268290086819595,0.8110560980625683
**********01,**********05,3,SS0000000032,템퍼링 2호_템퍼1존(4존),0.5746272336653312,0.6755191511252591,0.5975568780546907,0.0006194323235437782,,0.36421415987183503,0.8643688446114076
**********01,**********05,9,SS0000000007,템퍼링 2호_템퍼1존(5존),0.9431505394527065,0.25940002500985837,0.0662223559080144,0.09482172164914726,,0.3115060220306328,0.40667438570092695
**********01,**********05,6,SS0000000005,템퍼링 2호_템퍼1존(6존),0.4197617969994315,0.5509169683709418,0.6749747670024493,0.5303139716250992,,0.5042417667744561,0.8800029174412355
**********01,**********05,6,SS0000000029,템퍼링 3호_템퍼1존(1존),0.4502102039193717,0.029083752450769218,0.8727713792863593,0.6444006892987543,,0.4248760634983587,0.9920697088050181
**********01,**********05,6,SS0000000002,템퍼링 3호_템퍼1존(2존),0.24385848136212107,0.028801218764759606,0.4057784916228896,0.03105329033450588,,0.11448586037334563,0.9501193538641335
**********01,**********05,6,SS0000000025,템퍼링 3호_템퍼1존(3존),0.9005613472955473,0.7670197685270147,0.5932502216024222,0.6604289821118432,,0.972965504746953,0.37929654914484523
**********01,**********05,9,SS0000000012,템퍼링 4호_템퍼1존(1존),0.4737258171710077,0.7577973127440877,0.4301655761956358,0.04527209977740587,,0.27185891129070616,0.7388276958244379
**********01,**********05,9,SS0000000021,템퍼링 4호_템퍼1존(2존),0.584809889461023,0.4812930376007797,0.5438793595028276,0.0005332519728581397,,0.8830350689747622,0.701758834693611
**********01,**********05,3,SS0000000034,템퍼링 4호_템퍼1존(3존),0.6662000878436357,0.32141770602784203,0.05049049080254253,0.21130339733438863,,0.8441516565503222,0.13417627755084138
**********01,**********05,6,SS0000000011,템퍼링 4호_템퍼1존(4존),0.3783950985376754,0.37774729756677305,0.12724070740698357,0.7568690566474294,,0.07361003074294237,0.7380985067845695
**********01,**********05,6,SS0000000050,템퍼링 4호_템퍼1존(5존),0.4231657581711782,0.8312739347876357,0.7147692802597343,0.8287694842277523,,0.5744063957766071,0.8635997358423569
**********01,**********05,6,SS0000000048,템퍼링 4호_템퍼1존(6존),0.02372532231884905,0.7229124539804191,0.5156977646183659,0.6866804801650771,,0.6518507291246627,0.873379604401672
**********01,**********05,6,SS0000000003,템퍼링 1호_템퍼1존(1존),0.938740185536847,0.3979071010501144,0.35223134096539366,0.7605484088065667,,0.011059460677385169,0.6355535392960237
**********01,**********05,9,SS0000000024,템퍼링 1호_템퍼1존(2존),0.8898451468896297,0.15684993265744973,0.5481855946312839,0.9497965013227081,,0.37806242272119683,0.3613166713454149
**********01,**********05,6,SS0000000042,템퍼링 1호_템퍼1존(3존),0.5658126630399877,0.5268727213414005,0.5053031061424413,0.017248885037467798,,0.6427719503691243,0.04785396471306824
**********01,**********05,3,SS0000000043,템퍼링 1호_템퍼1존(4존),0.3523389640629413,0.9373697304342982,0.25796021035204186,0.016999793183721912,,0.5081770281457579,0.8745870717728393
**********01,**********05,6,SS0000000019,템퍼링 2호_템퍼1존(1존),0.20707412284783588,0.7397586597206195,0.03146610086732393,0.16790877552728878,,0.49734013997234994,0.998325801861986
**********01,**********05,6,SS0000000022,템퍼링 2호_템퍼1존(2존),0.9023884624692239,0.5097826306112041,0.947709540599718,0.7718732720677226,,0.6887019885844703,0.28285431184206977
**********01,**********05,9,SS0000000020,템퍼링 2호_템퍼1존(3존),0.3836456286422316,0.7918466480866818,0.8842523314240684,0.4755206283647926,,0.41866319068540025,0.818050118914835
**********01,**********05,6,SS0000000029,템퍼링 2호_템퍼1존(4존),0.5636496074945124,0.990855469221942,0.18483295033761948,0.08005587221020471,,0.95082935663913,0.6118528405242839
**********01,**********05,3,SS0000000004,템퍼링 2호_템퍼1존(5존),0.7746104317881883,0.967841679117729,0.45541069926815403,0.1778471207461736,,0.9798709686803841,0.18445721698745676
**********01,**********05,6,SS0000000002,템퍼링 2호_템퍼1존(6존),0.3684950391187912,0.7618908632440032,0.9191425119638894,0.06308982995739332,,0.6246339956453294,0.17498593999560108
**********01,**********05,3,SS0000000009,템퍼링 3호_템퍼1존(1존),0.4086557614918267,0.4551674074357157,0.7092253452894388,0.8120096045628473,,0.35639893417185886,0.917454273989359
**********01,**********05,3,SS0000000012,템퍼링 3호_템퍼1존(2존),0.6975563506516189,0.0828968936876675,0.7189200672739979,0.6325168725980352,,0.49226887830229993,0.8294458172802939
**********01,**********05,3,SS0000000013,템퍼링 3호_템퍼1존(3존),0.21044413290826147,0.5087088692625923,0.6872113246256573,0.6930100766333605,,0.9459428428471702,0.8429445273346233
**********01,**********05,3,SS0000000021,템퍼링 4호_템퍼1존(1존),0.6913681065438059,0.47157188982215426,0.4155538325773688,0.09249633961651627,,0.4362422807885393,0.1290255035033533
**********01,**********05,9,SS0000000001,템퍼링 4호_템퍼1존(2존),0.6428751647440434,0.22342319068004513,0.40172532484336576,0.2900516811574557,,0.10709801506411498,0.17956962525974418
**********01,**********05,6,SS0000000046,템퍼링 4호_템퍼1존(3존),0.19628779533887286,0.39401424006409635,0.9604939138998687,0.8059021619504366,,0.5077031957433262,0.8845332567297889
**********01,**********05,9,SS0000000005,템퍼링 4호_템퍼1존(4존),0.3239848371787232,0.5074850190915389,0.02617675723929902,0.12536104442245755,,0.5273158994640934,0.5034246257539605
**********01,**********05,9,SS0000000040,템퍼링 4호_템퍼1존(5존),0.5214269499336892,0.563449805541371,0.2935386039327337,0.09323345589892584,,0.02488185682692623,0.1314892404150383
**********01,**********05,6,SS0000000023,템퍼링 4호_템퍼1존(6존),0.8189111845002748,0.8625857499298079,0.12330666450015682,0.29374513565647165,,0.7845951879450878,0.6744657888605263
**********01,**********05,6,SS0000000025,템퍼링 1호_템퍼1존(1존),0.4474318548964803,0.8925528880369155,0.2806869087430989,0.29159148033438254,,0.12539100263886527,0.7346648175517685
**********01,**********05,9,SS0000000040,템퍼링 1호_템퍼1존(2존),0.7228255216819595,0.5555574392268077,0.6243809332292781,0.8506897471375666,,0.008317644811103309,0.9128250590944021
**********01,**********05,9,SS0000000019,템퍼링 1호_템퍼1존(3존),0.12684233907559184,0.35707890448980784,0.08275699939109737,0.597069866377933,,0.3212290757290177,0.9005893651142878
**********01,**********05,9,SS0000000044,템퍼링 1호_템퍼1존(4존),0.2811686162201017,0.7629308588689053,0.576758067393101,0.012383561914045993,,0.6189436686207332,0.2676954088982402
**********01,**********05,6,SS0000000005,템퍼링 2호_템퍼1존(1존),0.8448106098696271,0.7340467108604511,0.017959612202475106,0.6077282289221965,,0.24349475945284782,0.4113700107153847
**********01,**********05,6,SS0000000049,템퍼링 2호_템퍼1존(2존),0.4253321784045683,0.2805900191852315,0.2891640226060923,0.4440012293884813,,0.9850294581514245,0.9879124357216885
**********01,**********05,9,SS0000000007,템퍼링 2호_템퍼1존(3존),0.9282934718072864,0.39933784367832437,0.12559441475485178,0.9240625827833283,,0.0598834661170522,0.23931405391275584
**********01,**********05,9,SS0000000014,템퍼링 2호_템퍼1존(4존),0.6499791489708974,0.11151039441258281,0.6447274079521673,0.1706151925880992,,0.7946732859026249,0.22768885573783637
**********01,**********05,9,SS0000000040,템퍼링 2호_템퍼1존(5존),0.8537551363100108,0.39099959286567765,0.33020349501175317,0.024945612502056957,,0.23458670161887762,0.7398908825519132
**********01,**********05,3,SS0000000001,템퍼링 2호_템퍼1존(6존),0.49307152015321465,0.49459305967542533,0.24857610944582564,0.6699730377901955,,0.03883729326544416,0.7848613253707843
**********01,**********05,6,SS0000000015,템퍼링 3호_템퍼1존(1존),0.03689334257440735,0.5032973162005621,0.6443352368039584,0.29376052209661296,,0.9416378907462669,0.338907529106079
**********01,**********05,9,SS0000000045,템퍼링 3호_템퍼1존(2존),0.04610831906372381,0.05489578995002742,0.7076096522937999,0.0351323600710457,,0.1885883917379636,0.710186229228059
**********01,**********05,6,SS0000000027,템퍼링 3호_템퍼1존(3존),0.08472716747540054,0.7047820361627375,0.27208685105680974,0.6311781904731768,,0.12365685548312688,0.5214784059285109
**********01,**********05,9,SS0000000016,템퍼링 4호_템퍼1존(1존),0.8911086121028382,0.7375625168438965,0.6118175978526094,0.1673523350235262,,0.012188475949952537,0.5907024101533513
**********01,**********05,6,SS0000000017,템퍼링 4호_템퍼1존(2존),0.9469166990037449,0.1607611006966302,0.28613287415153754,0.16026291422968453,,0.7433898725357758,0.31552058920059345
**********01,**********05,6,SS0000000017,템퍼링 4호_템퍼1존(3존),0.4615333658928693,0.21345433807587622,0.6961207190216054,0.8069051864416716,,0.005898421015781863,0.6922756191402967
**********01,**********05,3,SS0000000015,템퍼링 4호_템퍼1존(4존),0.0709088368709122,0.959971516161968,0.1362299250152288,0.4768240122096181,,0.23425786322228648,0.4489575006383024
**********01,**********05,3,SS0000000028,템퍼링 4호_템퍼1존(5존),0.06963579723506641,0.45521061214095215,0.8514881985683663,0.3916340195901503,,0.6748008131017291,0.8311059422028806
**********01,**********05,3,SS0000000038,템퍼링 4호_템퍼1존(6존),0.6732947269407715,0.2428103406779989,0.601757253024319,0.3779689452745103,,0.05071308155850418,0.7461397678984529
**********01,**********05,3,SS0000000029,템퍼링 1호_템퍼1존(1존),0.8615558456760759,0.27468878035275457,0.6685340845610585,0.8959607259046847,,0.9900208716950925,0.15737759820936326
**********01,**********05,9,SS0000000025,템퍼링 1호_템퍼1존(2존),0.1372995521315883,0.31356082155392395,0.8275666243688616,0.729743566851208,,0.9046569305566449,0.7550264787598944
**********01,**********05,9,SS0000000006,템퍼링 1호_템퍼1존(3존),0.8767127054557043,0.14905246387159654,0.5836634339718881,0.652162837717983,,0.004036877055544563,0.9451865232277553
**********01,**********05,3,SS0000000045,템퍼링 1호_템퍼1존(4존),0.7813873592561322,0.6971642295828873,0.889076438622341,0.8098609649570627,,0.6497645070440212,0.36212490553008947
**********01,**********05,6,SS0000000039,템퍼링 2호_템퍼1존(1존),0.2305801452861821,0.6895293874278291,0.44121580547350026,0.7412345461433996,,0.6063016813228632,0.2070549664139747
**********01,**********05,6,SS0000000039,템퍼링 2호_템퍼1존(2존),0.5178020497369338,0.8421355033765321,0.17910090404815682,0.6578264782334445,,0.11269385359177941,0.7543301105724628
**********01,**********05,9,SS0000000001,템퍼링 2호_템퍼1존(3존),0.6558120886872678,0.6803919783474722,0.5224357964457029,0.07926552427638534,,0.25423957965428046,0.06369437312793458
**********01,**********05,3,SS0000000005,템퍼링 2호_템퍼1존(4존),0.8006465264941439,0.030766019014032087,0.7154204962610617,0.17166664968018175,,0.3549076529494595,0.8365531391030206
**********01,**********05,9,SS0000000017,템퍼링 2호_템퍼1존(5존),0.2659958620837528,0.6449915198558789,0.6873282067997608,0.025264000878249426,,0.4944769346748251,0.6136976576315026
**********01,**********05,9,SS0000000025,템퍼링 2호_템퍼1존(6존),0.916935584565846,0.8311240180586262,0.8851381794976035,0.25034950689746116,,0.9566021553423613,0.809855633559096
**********01,**********05,6,SS0000000018,템퍼링 3호_템퍼1존(1존),0.3969517643356387,0.3222614300286333,0.3727503715770625,0.728098308036642,,0.921276572742302,0.48535353135598147
**********01,**********05,6,SS0000000025,템퍼링 3호_템퍼1존(2존),0.08015339599573645,0.3699691023847482,0.6004273613932242,0.0004968631275328317,,0.7685977695726904,0.3426249579372379
**********01,**********05,3,SS0000000040,템퍼링 3호_템퍼1존(3존),0.22191698591474396,0.9898775483570869,0.16792570447507738,0.37018309631217095,,0.4980362868358724,0.3014620084594861
**********01,**********05,6,SS0000000021,템퍼링 4호_템퍼1존(1존),0.30826812246863855,0.49436665373110766,0.15640998256383853,0.05631887341471964,,0.6762458265869881,0.36381768253246694
**********01,**********05,9,SS0000000027,템퍼링 4호_템퍼1존(2존),0.5124937601126851,0.6897632683282225,0.3120163403154137,0.3537527533156961,,0.5425443463436388,0.5718989645577757
**********01,**********05,9,SS0000000019,템퍼링 4호_템퍼1존(3존),0.7120556947648333,0.565441235323967,0.28936139328914146,0.38381176823377083,,0.5440460365092972,0.8392334592446985
**********01,**********05,3,SS0000000044,템퍼링 4호_템퍼1존(4존),0.1294416602477585,0.5983942225861432,0.9578922744768944,0.35467171365342876,,0.606227623911247,0.7710351736657772
**********01,**********05,3,SS0000000023,템퍼링 4호_템퍼1존(5존),0.3848514991862533,0.8413906049251076,0.4802885214555759,0.23968988184258055,,0.12680877782859112,0.5403264550698949
**********01,**********05,6,SS0000000023,템퍼링 4호_템퍼1존(6존),0.4930107962119906,0.870754340681433,0.7906435625031997,0.18682066844000456,,0.7284612366513081,0.06381428681783419
**********01,**********05,6,SS0000000043,템퍼링 1호_템퍼1존(1존),0.46181575383043005,0.9006857797169342,0.7377495078350232,0.3796356234831404,,0.607222648328947,0.4559773213544768
**********01,**********05,3,SS0000000049,템퍼링 1호_템퍼1존(2존),0.5812387682940658,0.8334623659629442,0.7245692918108174,0.2154752148416903,,0.28132991955076836,0.11724898949883578
**********01,**********05,3,SS0000000016,템퍼링 1호_템퍼1존(3존),0.3795356021477754,0.2187148633800139,0.9644755051835077,0.04028544446745652,,0.0946341851481467,0.7574907984500189
**********01,**********05,9,SS0000000006,템퍼링 1호_템퍼1존(4존),0.9593021380378617,0.028910091028301332,0.18278874543508117,0.5496130778883868,,0.39691135860532556,0.9583847125553419
**********01,**********05,9,SS0000000043,템퍼링 2호_템퍼1존(1존),0.06342462432615481,0.8565706553628681,0.2564043913479914,0.7414827282040368,,0.8621184194697795,0.1737278465167812
**********01,**********05,6,SS0000000037,템퍼링 2호_템퍼1존(2존),0.7232073221239746,0.910719395806105,0.7694855328271168,0.993397167318473,,0.46553414397322945,0.13779003988245309
**********01,**********05,6,SS0000000005,템퍼링 2호_템퍼1존(3존),0.3837524407319922,0.6331489199607057,0.37787796265339957,0.25035808397580384,,0.12485577321085184,0.8889987182202599
**********01,**********05,3,SS0000000040,템퍼링 2호_템퍼1존(4존),0.6785583752496305,0.6686437111393035,0.07497402146858523,0.7646664733860421,,0.8617416499860211,0.9783648599015421
**********01,**********05,6,SS0000000045,템퍼링 2호_템퍼1존(5존),0.5059679783466824,0.05011113246858789,0.5826211603657862,0.9381463193419971,,0.5462807947088973,0.4241811641030102
**********01,**********05,9,SS0000000024,템퍼링 2호_템퍼1존(6존),0.475771538237726,0.4921796882477666,0.9741064531358872,0.26373918925377227,,0.2158879239427094,0.1684244269980003
**********01,**********05,6,SS0000000044,템퍼링 3호_템퍼1존(1존),0.5222516810470608,0.23408914887686572,0.9384155917171995,0.6580556194116366,,0.3141692974449911,0.89482296633908
**********01,**********05,3,SS0000000030,템퍼링 3호_템퍼1존(2존),0.21979508519842328,0.6483193924073465,0.17128195212961683,0.7692770235836269,,0.10814838071098565,0.5792306467094387
**********01,**********05,9,SS0000000022,템퍼링 3호_템퍼1존(3존),0.7779782113705774,0.8303028983144827,0.05568449649526752,0.6456610399690714,,0.1584241076470697,0.29835992920150545
**********01,**********05,9,SS0000000024,템퍼링 4호_템퍼1존(1존),0.3830077054673866,0.39779621340389504,0.476001728318141,0.9777682076708851,,0.1885435717152928,0.7808612036650989
**********01,**********05,3,SS0000000039,템퍼링 4호_템퍼1존(2존),0.21946717848767694,0.9424230869256238,0.07222180843435255,0.341435478729185,,0.8211811130408635,0.04474960601423905
**********01,**********05,9,SS0000000024,템퍼링 4호_템퍼1존(3존),0.18119694140360443,0.31484158641403515,0.2636711363244839,0.33994192781929955,,0.19926264502679192,0.47309773089089646
**********01,**********05,9,SS0000000018,템퍼링 4호_템퍼1존(4존),0.6815687859233123,0.9005535973572377,0.526358137975676,0.017195079414190073,,0.2725504485712792,0.6713387991040154
**********01,**********05,3,SS0000000007,템퍼링 4호_템퍼1존(5존),0.9056412733412041,0.6870511132759688,0.7123783844680235,0.8725476284116617,,0.9976503782172564,0.7818669757568729
**********01,**********05,6,SS0000000012,템퍼링 4호_템퍼1존(6존),0.00877591543747791,0.4402238846186668,0.6513904268371102,0.6875331560778022,,0.8040714012843366,0.004269480960329308
**********01,**********05,3,SS0000000008,템퍼링 1호_템퍼1존(1존),0.44873123157060724,0.1719395779408499,0.11914474438219758,0.4473341309008012,,0.2798534410176464,0.31174333786898845
**********01,**********05,6,SS0000000026,템퍼링 1호_템퍼1존(2존),0.80926910253489,0.3047016600531288,0.22440424732347186,0.1344282255978959,,0.6320683330074456,0.31751549786819777
**********01,**********05,9,SS0000000026,템퍼링 1호_템퍼1존(3존),0.9230278700922573,0.40092766659387247,0.4978480320935551,0.4743347340313381,,0.8107002414247073,0.010642998715881147
**********01,**********05,6,SS0000000037,템퍼링 1호_템퍼1존(4존),0.6594212810117479,0.4120455186340094,0.08268885028946915,0.14377719817027024,,0.40804480819711175,0.46843606816938976
**********01,**********05,9,SS0000000025,템퍼링 2호_템퍼1존(1존),0.14383200493649584,0.25944177372703847,0.31927506916899406,0.1208830146075155,,0.02211529600767348,0.9523377045534354
**********01,**********05,6,SS0000000043,템퍼링 2호_템퍼1존(2존),0.875918411061934,0.10562281144283892,0.23491927507272747,0.20654575633168015,,0.7898310033659655,0.28523136757587
**********01,**********05,6,SS0000000019,템퍼링 2호_템퍼1존(3존),0.3153413934256589,0.5105240126426703,0.1590019544746175,0.8873639110930499,,0.11891062822084197,0.6227596446730385
**********01,**********05,9,SS0000000021,템퍼링 2호_템퍼1존(4존),0.8244768074619717,0.0537464718816103,0.4571865652338548,0.3776861653853967,,0.9957161406721093,0.6450263923024991
**********01,**********05,6,SS0000000042,템퍼링 2호_템퍼1존(5존),0.8258076295722255,0.09619059155977638,0.41617487523351604,0.34325193795654185,,0.5595546130656908,0.7788196358764883
**********01,**********05,3,SS0000000016,템퍼링 2호_템퍼1존(6존),0.41732489161623887,0.7405835712525715,0.22855324764964025,0.9006380741465418,,0.19646294796171837,0.1481946363802914
**********01,**********05,3,SS0000000011,템퍼링 3호_템퍼1존(1존),0.11561981696790447,0.029924751214691625,0.25465812927782583,0.9149811823595618,,0.14469489000327163,0.4344877658872447
**********01,**********05,3,SS0000000012,템퍼링 3호_템퍼1존(2존),0.9775558315839319,0.9040267314888977,0.29966789625348256,0.18156736400657303,,0.5207232097175583,0.7506401247231425
**********01,**********05,3,SS0000000042,템퍼링 3호_템퍼1존(3존),0.9859049744862185,0.7994299887087096,0.6779864853649787,0.3471931964208377,,0.3975949386642018,0.3603945655158399
**********01,**********05,9,SS0000000008,템퍼링 4호_템퍼1존(1존),0.355581228721662,0.304598859085639,0.9505718608411856,0.6676132073522484,,0.5333617999168232,0.30521729958883204
**********01,**********05,3,SS0000000050,템퍼링 4호_템퍼1존(2존),0.22528670267509077,0.7963264512956748,0.26138621244092997,0.10646615838381779,,0.7995818734071026,0.3374922164487707
**********01,**********05,3,SS0000000020,템퍼링 4호_템퍼1존(3존),0.779244562137585,0.20394538143566188,0.12666475218774453,0.2627942145669975,,0.6625961026735134,0.9114314203306492
**********01,**********05,6,SS0000000046,템퍼링 4호_템퍼1존(4존),0.8985326367495338,0.11150835356181621,0.6271379164375362,0.4922289112358611,,0.8970822514919679,0.7990334115325991
**********01,**********05,9,SS0000000024,템퍼링 4호_템퍼1존(5존),0.23612246836380568,0.7510040304058826,0.912257175166981,0.42179625921558894,,0.5443657385251537,0.09306593123057072
**********01,**********05,9,SS0000000007,템퍼링 4호_템퍼1존(6존),0.6778279840397043,0.003546721913254114,0.15896886020685597,0.23497216534891563,,0.7783901997575391,0.9843758480967697
**********01,**********05,3,SS0000000046,템퍼링 1호_템퍼1존(1존),0.9633279183951111,0.5448045322016972,0.7161118074532207,0.6205534933965114,,0.4472667983225733,0.9165311556551342
**********01,**********05,3,SS0000000015,템퍼링 1호_템퍼1존(2존),0.23573820881576057,0.8040772068752117,0.9374956546318403,0.31749032603757743,,0.6765939758619749,0.35619663395599843
**********01,**********05,9,SS0000000034,템퍼링 1호_템퍼1존(3존),0.8542588239166913,0.6827011757082827,0.30524740388043636,0.4530546319273764,,0.27970040011266606,0.9741334761086581
**********01,**********05,6,SS0000000023,템퍼링 1호_템퍼1존(4존),0.8021374324525038,0.46495714452268844,0.7027726613165147,0.953502219871119,,0.5645539675883839,0.11137422865771285
**********01,**********05,6,SS0000000006,템퍼링 2호_템퍼1존(1존),0.4288154036365207,0.019782076055033904,0.8546593240249993,0.4681373402401269,,0.044940108421466674,0.20814418590290018
**********01,**********05,6,SS0000000041,템퍼링 2호_템퍼1존(2존),0.9802110821451919,0.3377993423609825,0.7378208564273672,0.38778726824842413,,0.21734515159954937,0.7150304755103223
**********01,**********05,9,SS0000000024,템퍼링 2호_템퍼1존(3존),0.6196098493310714,0.5965440699478459,0.9380173002317295,0.6085638095169367,,0.6704897025586697,0.7514407115245023
**********01,**********05,3,SS0000000024,템퍼링 2호_템퍼1존(4존),0.5585117443698758,0.7519659575042836,0.3629004571967678,0.4149841870543155,,0.29669678882528017,0.28579740745267734
**********01,**********05,6,SS0000000044,템퍼링 2호_템퍼1존(5존),0.8318865431440017,0.3741026182550792,0.1749271471283549,0.21928004289776537,,0.5600135978796226,0.6586239041091669
**********01,**********05,6,SS0000000049,템퍼링 2호_템퍼1존(6존),0.5368972704863134,0.511140513954377,0.18630885381557694,0.4441233595558728,,0.13265627345921094,0.5655971900884004
**********01,**********05,9,SS0000000012,템퍼링 3호_템퍼1존(1존),0.3615964831706897,0.9517046644259359,0.7283724590253611,0.005250149824513994,,0.03553524660954821,0.23900999447098392
**********01,**********05,3,SS0000000040,템퍼링 3호_템퍼1존(2존),0.5703234564093999,0.6372650579426075,0.5224393708205156,0.49045081092477094,,0.2812504342402634,0.39226324524356626
**********01,**********05,3,SS0000000017,템퍼링 3호_템퍼1존(3존),0.5967915037228,0.5175428913788719,0.6570606232094583,0.5732060853136488,,0.044563801584733276,0.09541041328728528
**********01,**********05,3,SS0000000029,템퍼링 4호_템퍼1존(1존),0.6670755716380449,0.9376549504047497,0.43174632830081117,0.6378901610164278,,0.1949362360280934,0.8258020395611444
**********01,**********05,6,SS0000000014,템퍼링 4호_템퍼1존(2존),0.059210815808603656,0.6148493093966935,0.2576243520133711,0.8416241432237074,,0.31591230961224515,0.1794115078437336
**********01,**********05,6,SS0000000006,템퍼링 4호_템퍼1존(3존),0.008188583680722283,0.43859159807772674,0.32761162964573853,0.14149922485117938,,0.9793639649282243,0.06728631363490378
**********01,**********05,3,SS0000000025,템퍼링 4호_템퍼1존(4존),0.622645884670525,0.7035412829987568,0.26008197537585676,0.07515432823221624,,0.6294319805474596,0.9226880864888072
**********01,**********05,3,SS0000000047,템퍼링 4호_템퍼1존(5존),0.2740841210581315,0.5775197732031458,0.6813817272690811,0.374671073265992,,0.7961057418329271,0.7968292332208292
**********01,**********05,3,SS0000000006,템퍼링 4호_템퍼1존(6존),0.8522198645250528,0.11889863012746693,0.2977057218876219,0.48315591490868137,,0.9058855876070282,0.7506924376574093
**********01,**********05,9,SS0000000006,템퍼링 1호_템퍼1존(1존),0.6188808668473179,0.7525499065171531,0.6992002447770495,0.9265835948453779,,0.5018313489923408,0.9083302226743453
**********01,**********05,9,SS0000000044,템퍼링 1호_템퍼1존(2존),0.19124560383918932,0.8201637395595167,0.48184783716227764,0.4862762089339552,,0.3753963065448932,0.10863886091506103
**********01,**********05,6,SS0000000010,템퍼링 1호_템퍼1존(3존),0.3527339343526107,0.9626900740878721,0.5868651331891735,0.5835201176107659,,0.9347402696025794,0.035070531426591556
**********01,**********05,9,SS0000000017,템퍼링 1호_템퍼1존(4존),0.8186076558996461,0.5586704114252231,0.5055692353299398,0.3884523030674413,,0.7206258262668858,0.3845984801540845
**********01,**********05,3,SS0000000029,템퍼링 2호_템퍼1존(1존),0.1629729450625622,0.2199068942447977,0.5365395334674384,0.5879561592007468,,0.5184944720352177,0.7170653426649052
**********01,**********05,6,SS0000000010,템퍼링 2호_템퍼1존(2존),0.7830871054066463,0.4071807025358998,0.8559257359735007,0.3392701271204829,,0.3447668671440518,0.6069419380384176
**********01,**********05,6,SS0000000036,템퍼링 2호_템퍼1존(3존),0.4587267468685087,0.7441877170080928,0.041515856884634106,0.8913114140776898,,0.9548925373951297,0.3723686498852796
**********01,**********05,9,SS0000000017,템퍼링 2호_템퍼1존(4존),0.6488229174696923,0.934411727686242,0.6456473894866334,0.5885021419072425,,0.7695453913757702,0.7892369301759491
**********01,**********05,9,SS0000000024,템퍼링 2호_템퍼1존(5존),0.9125706014901799,0.9140582097126062,0.7812638024907728,0.002186203033755385,,0.5213492900709015,0.4449129029906458
**********01,**********05,3,SS0000000044,템퍼링 2호_템퍼1존(6존),0.6414562263245449,0.017911796853873896,0.5024303172372975,0.8034442748302488,,0.6254022476234384,0.21977609008983856
**********01,**********05,9,SS0000000001,템퍼링 3호_템퍼1존(1존),0.7822110360866825,0.5307602881537253,0.28359221649600286,0.5267283613452804,,0.9663116951585072,0.4191302169304786
**********01,**********05,6,SS0000000043,템퍼링 3호_템퍼1존(2존),0.9694875625582335,0.5725074503347882,0.5628644993211186,0.05871316431015894,,0.9337568176318355,0.6579206290232935
**********01,**********05,9,SS0000000037,템퍼링 3호_템퍼1존(3존),0.32847213424167443,0.4256455061615987,0.416866867604443,0.9395950094083512,,0.013406675455136186,0.5164695626138401
**********01,**********05,3,SS0000000024,템퍼링 4호_템퍼1존(1존),0.03588927830549471,0.8201301628065535,0.0855897627115837,0.20283804505374536,,0.3158590642875866,0.7788801303106175
**********01,**********05,3,SS0000000029,템퍼링 4호_템퍼1존(2존),0.21861446519758998,0.1483846171902975,0.14314666309619473,0.3058592653339778,,0.7384297288253285,0.4468553199937956
**********01,**********05,6,SS0000000013,템퍼링 4호_템퍼1존(3존),0.493311759663417,0.6200496926925991,0.4098825549133692,0.23438774912916005,,0.528166504975735,0.7191384589835362
**********01,**********05,9,SS0000000024,템퍼링 4호_템퍼1존(4존),0.4748254287954131,0.35344887452437157,0.496445938423139,0.16198807342299337,,0.9258497012708005,0.8685757371188695
**********01,**********05,3,SS0000000024,템퍼링 4호_템퍼1존(5존),0.7311861342888996,0.7554910246383549,0.5099369927327209,0.39328231013661996,,0.3615384285664546,0.706613175514865
**********01,**********05,3,SS0000000004,템퍼링 4호_템퍼1존(6존),0.6772492945678975,0.00255535799174067,0.9637667563056677,0.2952190370619354,,0.7267535854567663,0.6918051126291829
**********01,**********05,9,SS0000000015,템퍼링 1호_템퍼1존(1존),0.16967693687580077,0.4543541301562598,0.12044662353506541,0.1235288995238718,,0.35436676755328833,0.6328801782960679
**********01,**********05,3,SS0000000013,템퍼링 1호_템퍼1존(2존),0.16618782731785153,0.3772785227365223,0.4502596701644287,0.4106447030035504,,0.23432421919091706,0.6099965463171031
**********01,**********05,3,SS0000000006,템퍼링 1호_템퍼1존(3존),0.3398450343308531,0.6955258128475039,0.7503164763819039,0.7069777280618278,,0.4532229606934024,0.14869356813295365
**********01,**********05,9,SS0000000017,템퍼링 1호_템퍼1존(4존),0.6709328839678,0.4551325315123267,0.2345713475801039,0.41385746164547577,,0.944453999994261,0.32195717931598644
**********01,**********05,9,SS0000000005,템퍼링 2호_템퍼1존(1존),0.3583360629898207,0.8170861373667655,0.08334672201832583,0.08054274861881727,,0.1691379630751918,0.2175736208382949
**********01,**********05,3,SS0000000008,템퍼링 2호_템퍼1존(2존),0.4212591402320838,0.4722155192393348,0.46342769681351914,0.8593142813003474,,0.6098551268803979,0.1724851301345407
**********01,**********05,3,SS0000000031,템퍼링 2호_템퍼1존(3존),0.5020271003075021,0.3659199851383581,0.6041939888905474,0.465652090321925,,0.8233794361415001,0.6805343726304701
**********01,**********05,6,SS0000000013,템퍼링 2호_템퍼1존(4존),0.6478246568185854,0.7460447151954308,0.8994167181216088,0.5417029254834554,,0.9263109282915191,0.41664065270343775
**********01,**********05,9,SS0000000023,템퍼링 2호_템퍼1존(5존),0.09906258025788184,0.4031013010103637,0.9482304493968046,0.8178096278911184,,0.71236520506251,0.6690894700729937
**********01,**********05,6,SS0000000013,템퍼링 2호_템퍼1존(6존),0.3271511755920128,0.3653767826737595,0.6929717735670247,0.5771524421311145,,0.3780507173056985,0.9356875201845923
**********01,**********05,3,SS0000000021,템퍼링 3호_템퍼1존(1존),0.017538807678978308,0.12626634306698803,0.17660003109076694,0.4589376049990477,,0.5591039136763071,0.2243351084456059
**********01,**********05,9,SS0000000028,템퍼링 3호_템퍼1존(2존),0.5149287795320538,0.8130000844575148,0.9922528477445155,0.992714082543853,,0.22994287994225626,0.2626431060250818
**********01,**********05,9,SS0000000033,템퍼링 3호_템퍼1존(3존),0.8016033906811488,0.204727317738168,0.5725231134620865,0.8543025944450398,,0.4397771624548683,0.40485295052145653
**********01,**********05,9,SS0000000036,템퍼링 4호_템퍼1존(1존),0.23747759421150438,0.9362517280671421,0.1407654060210305,0.49782463799728194,,0.07540578024133682,0.8670796517392191
**********01,**********05,6,SS0000000019,템퍼링 4호_템퍼1존(2존),0.8398253568488154,0.8009257114703369,0.6659804535120295,0.5002148622884531,,0.16718240154958086,0.5129170666696674
**********01,**********05,3,SS0000000007,템퍼링 4호_템퍼1존(3존),0.6805700457310938,0.6776581890732439,0.3486064411119797,0.9858923110157344,,0.7408138614401295,0.6337495653841194
**********01,**********05,9,SS0000000007,템퍼링 4호_템퍼1존(4존),0.311380844849509,0.9955198030716703,0.6221144524018892,0.6025861714943206,,0.7219916786919784,0.6527985087768062
**********01,**********05,6,SS0000000033,템퍼링 4호_템퍼1존(5존),0.23627074422411076,0.014492379362790464,0.629186969452526,0.39580783684960774,,0.3057324889815298,0.22911880624480552
**********01,**********05,9,SS0000000037,템퍼링 4호_템퍼1존(6존),0.2721747644602135,0.2401670730815474,0.007165154674660945,0.3329969515708213,,0.871685913642843,0.11329273807540807
**********01,**********05,3,SS0000000026,템퍼링 1호_템퍼1존(1존),0.9847865185527489,0.8857929111286896,0.25701720178706133,0.5059083596783853,,0.43507918631233256,0.4334455281445039
**********01,**********05,3,SS0000000041,템퍼링 1호_템퍼1존(2존),0.09705336899796224,0.10763679425221107,0.5459913752411337,0.0667952996261304,,0.14942141399329723,0.9298310301547662
**********01,**********05,6,SS0000000011,템퍼링 1호_템퍼1존(3존),0.5856617750215425,0.9274324371852604,0.4624566205602081,0.7301960802666357,,0.6704015187730606,0.9926177539602975
**********01,**********05,6,SS0000000006,템퍼링 1호_템퍼1존(4존),0.0034388591499672216,0.713808742764111,0.7845160576697492,0.10064813457858268,,0.38379006778073355,0.3665026369883507
**********01,**********05,9,SS0000000008,템퍼링 2호_템퍼1존(1존),0.801498994069296,0.34612846546527587,0.5983528797230055,0.7738983350428045,,0.9835318053014337,0.4062407044012232
**********01,**********05,3,SS0000000035,템퍼링 2호_템퍼1존(2존),0.21383798701223933,0.17708726979224576,0.9906952192629185,0.037909238858937044,,0.45753655745603705,0.5828504502529167
**********01,**********05,6,SS0000000004,템퍼링 2호_템퍼1존(3존),0.4137330483442204,0.9031220338088373,0.12901183167679653,0.6955376269881058,,0.8473014593990976,0.5900637197288306
**********01,**********05,3,SS0000000039,템퍼링 2호_템퍼1존(4존),0.4496187844677626,0.665839276217599,0.4494353554549555,0.6729656897204104,,0.16884213783589708,0.14222416102656077
**********01,**********05,6,SS0000000048,템퍼링 2호_템퍼1존(5존),0.4789878941198439,0.2693630207091662,0.9803505162092675,0.9801123677578302,,0.3855044958648768,0.07530141997335937
**********01,**********05,9,SS0000000024,템퍼링 2호_템퍼1존(6존),0.4463831172326974,0.6481043863942219,0.7866662906432021,0.03120738072202156,,0.33277584546491645,0.9251034802467389
**********01,**********05,3,SS0000000002,템퍼링 3호_템퍼1존(1존),0.7868799659810005,0.6502700761671653,0.0930994888316663,0.34221721663148075,,0.059444803340759744,0.32358132300507736
**********01,**********05,3,SS0000000048,템퍼링 3호_템퍼1존(2존),0.5285561386132778,0.3206806948275658,0.5416454680592754,0.24223172654148084,,0.17255384116374117,0.14423787460550963
**********01,**********05,9,SS0000000012,템퍼링 3호_템퍼1존(3존),0.24073924576968353,0.27287375845948714,0.0795190482147996,0.2520725757700525,,0.043305556081310925,0.7422809474866657
**********01,**********05,9,SS0000000027,템퍼링 4호_템퍼1존(1존),0.8808608427971434,0.1053255748146994,0.16421993238431143,0.3742779612275382,,0.0658887440838779,0.11273311551075504
**********01,**********05,6,SS0000000023,템퍼링 4호_템퍼1존(2존),0.2239801564040227,0.02011691531805504,0.16940844588450032,0.8460327395320428,,0.36425032431299165,0.37719045359956405
**********01,**********05,9,SS0000000036,템퍼링 4호_템퍼1존(3존),0.057618655905385285,0.7884390543147846,0.16956515541617811,0.3589418972169923,,0.7421106461803352,0.8619299569504382
**********01,**********05,6,SS0000000028,템퍼링 4호_템퍼1존(4존),0.11328897284934625,0.5580563816054441,0.292971393881731,0.9580345060562839,,0.41311961062478364,0.8286344290257347
**********01,**********05,6,SS0000000017,템퍼링 4호_템퍼1존(5존),0.10315844493018189,0.6315587897117334,0.0094609015432634,0.7484516916550743,,0.7702197808351993,0.05070487361627385
**********01,**********05,9,SS0000000032,템퍼링 4호_템퍼1존(6존),0.7076432913113755,0.17160333742450185,0.23969369330785706,0.09624828174766353,,0.20353442484873496,0.44044622248738063
**********01,**********05,9,SS0000000006,템퍼링 1호_템퍼1존(1존),0.9129136564919853,0.8574814454758789,0.8927153053609233,0.1705609150121653,,0.4490133933245586,0.2591338092693969
**********01,**********05,9,SS0000000008,템퍼링 1호_템퍼1존(2존),0.9470189646569064,0.2574567275152082,0.04605552442733285,0.9531369402444222,,0.7828798830952507,0.33091497546680115
**********01,**********05,9,SS0000000011,템퍼링 1호_템퍼1존(3존),0.5558036507141867,0.16716402368858307,0.8794344100151068,0.5776482024679098,,0.51353363104298,0.411326551230102
**********01,**********05,6,SS0000000007,템퍼링 1호_템퍼1존(4존),0.9463794699688399,0.4975275364669799,0.1642807666865892,0.4850410018241167,,0.14376176573275812,0.8452726580857939
**********01,**********05,6,SS0000000048,템퍼링 2호_템퍼1존(1존),0.8360612987674786,0.09440754380954297,0.9879304414912964,0.7646723758235849,,0.7603325580063663,0.7975951872723634
**********01,**********05,3,SS0000000009,템퍼링 2호_템퍼1존(2존),0.01614803691377653,0.5385693207052042,0.5469866419515061,0.32718503962397216,,0.9350287476705169,0.27390042580576524
**********01,**********05,9,SS0000000023,템퍼링 2호_템퍼1존(3존),0.5785888995480017,0.4288991623454119,0.9977845703226372,0.23755875142317973,,0.9346817294901127,0.9713849434423593
**********01,**********05,9,SS0000000017,템퍼링 2호_템퍼1존(4존),0.8925708939563779,0.9527949425700686,0.7778107369687529,0.3913030985467506,,0.5957717679142729,0.1735999675025215
**********01,**********05,9,SS0000000009,템퍼링 2호_템퍼1존(5존),0.5652567310757152,0.18917856991221316,0.7928855964212782,0.7853623379824478,,0.26988614362095165,0.8486001548283845
**********01,**********05,3,SS0000000016,템퍼링 2호_템퍼1존(6존),0.8438945292759096,0.039650788072308485,0.4075075089664759,0.9314654270109257,,0.2806147207257289,0.9990927269724413
**********01,**********05,6,SS0000000002,템퍼링 3호_템퍼1존(1존),0.3447091487622487,0.8019843974737658,0.3603366297176831,0.30731589003597215,,0.9432097496849082,0.0750389123795906
**********01,**********05,6,SS0000000008,템퍼링 3호_템퍼1존(2존),0.8586061162910413,0.35952781292616065,0.1002300887718579,0.17578560544143373,,0.9157194157185952,0.4480516347247806
**********01,**********05,6,SS0000000033,템퍼링 3호_템퍼1존(3존),0.5186128486351724,0.9912984395020107,0.7831820477329456,0.45306361903949943,,0.48374511927917363,0.5840142673578979
**********01,**********05,9,SS0000000049,템퍼링 4호_템퍼1존(1존),0.8130021906666606,0.5532722338331515,0.6893820749697497,0.1645268854006563,,0.6262333429038833,0.8832921353893636
**********01,**********05,9,SS0000000018,템퍼링 4호_템퍼1존(2존),0.9265781635544803,0.7298075564813427,0.9620110945592384,0.6339875111522136,,0.5360028971114447,0.22528518575789314
**********01,**********05,9,SS0000000031,템퍼링 4호_템퍼1존(3존),0.16198440145876714,0.0030781743504743053,0.86500040605556,0.3319978131830553,,0.4082414196946954,0.0916732058348193
**********01,**********05,3,SS0000000035,템퍼링 4호_템퍼1존(4존),0.12657047818554645,0.5038146085397811,0.18788168872014865,0.6749497929540657,,0.9352999869590832,0.4794462032855358
**********01,**********05,9,SS0000000018,템퍼링 4호_템퍼1존(5존),0.968540774624653,0.9440916115331738,0.748997290582862,0.46289918973660904,,0.8791130314610135,0.3961163865637205
**********01,**********05,3,SS0000000050,템퍼링 4호_템퍼1존(6존),0.8554102416053538,0.21860855596190576,0.07205897766863345,0.8514707733132301,,0.9312254325225229,0.7678929233110275
**********01,**********05,6,SS0000000035,템퍼링 1호_템퍼1존(1존),0.8404824567634218,0.4288677948927395,0.5779994161644614,0.8358988198554406,,0.25993542268493697,0.7100765821656939
**********01,**********05,9,SS0000000050,템퍼링 1호_템퍼1존(2존),0.45302396667734035,0.1960201950903281,0.6938380078458171,0.5541435626959809,,0.16446306811712663,0.7883772993792172
**********01,**********05,6,SS0000000015,템퍼링 1호_템퍼1존(3존),0.2574086659511684,0.04964072960920507,0.334068139080823,0.5722299488690847,,0.1236176654736143,0.05730884762984667
**********01,**********05,3,SS0000000018,템퍼링 1호_템퍼1존(4존),0.519840972349201,0.5727813584584739,0.3965289612778229,0.35513568754160196,,0.9583931831849737,0.3773827947460927
**********01,**********05,3,SS0000000021,템퍼링 2호_템퍼1존(1존),0.9366391647664541,0.4352660041345551,0.7790679590374681,0.07821722542502918,,0.2300078054471172,0.6131566975138605
**********01,**********05,9,SS0000000035,템퍼링 2호_템퍼1존(2존),0.4531924139741522,0.6271043555629963,0.5952555231161579,0.9102244884742794,,0.6894357516573811,0.500129924847213
**********01,**********05,9,SS0000000018,템퍼링 2호_템퍼1존(3존),0.5612193555503894,0.23624330220986445,0.8676550782773574,0.6568110520874272,,0.6061401990060225,0.26931623908797864
**********01,**********05,3,SS0000000009,템퍼링 2호_템퍼1존(4존),0.4722711203997,0.8552971501020628,0.5914696914094103,0.7010023020492968,,0.8535611158556714,0.6473274701385738
**********01,**********05,3,SS0000000003,템퍼링 2호_템퍼1존(5존),0.13426005878302272,0.5807461437787589,0.15751939995605502,0.6672377886323946,,0.05891884730167096,0.9996658032009434
**********01,**********05,9,SS0000000034,템퍼링 2호_템퍼1존(6존),0.7323919698377049,0.6521733311814893,0.28321153230007046,0.2721993253026189,,0.3342540167364909,0.5750894018701551
**********01,**********05,9,SS0000000033,템퍼링 3호_템퍼1존(1존),0.997020954677289,0.39846969571764534,0.7444804764676787,0.3039139026764106,,0.738498979456997,0.413489757616203
**********01,**********05,9,SS0000000005,템퍼링 3호_템퍼1존(2존),0.07811936283304677,0.7299383159178229,0.9764961942265812,0.08387882737245678,,0.8325910242425351,0.7803898795542322
**********01,**********05,9,SS0000000041,템퍼링 3호_템퍼1존(3존),0.04876970807904901,0.00022025553916205087,0.2888184281332391,0.7690178565209818,,0.29831217598512516,0.2632040155644296
**********01,**********05,9,SS0000000033,템퍼링 4호_템퍼1존(1존),0.7107934618039177,0.5827139600600731,0.7515832321104243,0.7566236354078433,,0.9909628686292419,0.41425879876896665
**********01,**********05,3,SS0000000034,템퍼링 4호_템퍼1존(2존),0.7145568646430266,0.577403077358455,0.8682315736825065,0.6926947095768816,,0.8643668457277828,0.08290464767202321
**********01,**********05,6,SS0000000034,템퍼링 4호_템퍼1존(3존),0.3722917361462762,0.7312447036703734,0.29915412778809614,0.5756773212283481,,0.6939908965248422,0.8593081270508233
**********01,**********05,6,SS0000000026,템퍼링 4호_템퍼1존(4존),0.8344365085202284,0.5372784940339381,0.7539038032217473,0.4752452981093739,,0.12545578265024626,0.09285451125073307
**********01,**********05,9,SS0000000030,템퍼링 4호_템퍼1존(5존),0.17579162384280156,0.019665176918327032,0.725394591025185,0.921216129418483,,0.09526559016935732,0.939134808140387
**********01,**********05,6,SS0000000038,템퍼링 4호_템퍼1존(6존),0.6398263110221944,0.6614156455914425,0.33500392804403867,0.8007695780560866,,0.4863006177395095,0.3469049281217649
**********01,**********05,6,SS0000000031,템퍼링 1호_템퍼1존(1존),0.9108255292905563,0.36801967853789264,0.07925561890983779,0.9517609531077558,,0.2500334394643645,0.87068512700239
**********01,**********05,6,SS0000000035,템퍼링 1호_템퍼1존(2존),0.2215420928170483,0.14910502606907816,0.6479424485329615,0.6913379338783606,,0.8394413583418969,0.350604291645908
**********01,**********05,3,SS0000000016,템퍼링 1호_템퍼1존(3존),0.1824802420579641,0.5986763261695507,0.7452916117296681,0.8590697838088843,,0.8361699051671573,0.8842536952684036
**********01,**********05,9,SS0000000036,템퍼링 1호_템퍼1존(4존),0.388191485735367,0.3150370732594835,0.4589125504528154,0.8792428676050308,,0.2860833435800184,0.3884948223375204
**********01,**********05,6,SS0000000019,템퍼링 2호_템퍼1존(1존),0.021765872427382704,0.8107014073109552,0.38592236720125217,0.23435030456750994,,0.602974085428714,0.7402717857596173
**********01,**********05,6,SS0000000026,템퍼링 2호_템퍼1존(2존),0.6751464689888806,0.9323670763835957,0.09041231275646622,0.3978136189338528,,0.07137241181102416,0.30112410307464166
**********01,**********05,9,SS0000000041,템퍼링 2호_템퍼1존(3존),0.8731992939926861,0.6718166416939156,0.3304081431684033,0.7848487513769409,,0.7306117065881426,0.1910276945210223
**********01,**********05,6,SS0000000041,템퍼링 2호_템퍼1존(4존),0.6323815252529746,0.7889590737869575,0.9368542818522777,0.18671129202616454,,0.86867748493668,0.7660432790465719
**********01,**********05,9,SS0000000015,템퍼링 2호_템퍼1존(5존),0.3100006526342758,0.22491034454336367,0.5552630157483317,0.08897312629527299,,0.8688011452836204,0.5686844419712609
**********01,**********05,3,SS0000000004,템퍼링 2호_템퍼1존(6존),0.4298157751680678,0.13912863373099393,0.6604753790438517,0.3821280782785623,,0.6630014490961187,0.3935290116436937
**********01,**********05,6,SS0000000032,템퍼링 3호_템퍼1존(1존),0.5670875791559953,0.08925693787979505,0.9836368356145215,0.5373209272067486,,0.566973192189701,0.08817999470495685
**********01,**********05,6,SS0000000025,템퍼링 3호_템퍼1존(2존),0.2962302081690025,0.0330099846499784,0.5850108745694766,0.04533213038773398,,0.6571398941812222,0.588733190594022
**********01,**********05,6,SS0000000005,템퍼링 3호_템퍼1존(3존),0.04306329214936744,0.44877938031524467,0.5203399661945499,0.18114553254838095,,0.34761911860567396,0.9936424277210648
**********01,**********05,3,SS0000000026,템퍼링 4호_템퍼1존(1존),0.48804148089886656,0.47107672917428656,0.5248531505964803,0.48045091793918804,,0.9651656654488714,0.23659755570098517
**********01,**********05,9,SS0000000036,템퍼링 4호_템퍼1존(2존),0.6467907101450673,0.18512925295074079,0.7217282096867307,0.26878266580229626,,0.9791204010475094,0.6690938870374316
**********01,**********05,3,SS0000000035,템퍼링 4호_템퍼1존(3존),0.607706791391125,0.545985321352684,0.18802178791565305,0.9873732890462752,,0.514956650262085,0.07656897737961099
**********01,**********05,9,SS0000000016,템퍼링 4호_템퍼1존(4존),0.6118131054117187,0.20625217644135896,0.35505261623217355,0.4384923198186659,,0.7104250779793886,0.4396188864953642
**********01,**********05,6,SS0000000006,템퍼링 4호_템퍼1존(5존),0.9190286152658627,0.46510819698552275,0.05539915163197229,0.4708893373313785,,0.667259436029934,0.32730047293232667
**********01,**********05,9,SS0000000009,템퍼링 4호_템퍼1존(6존),0.8524401836612385,0.11206025735573921,0.662129303501223,0.8729021368411028,,0.3743371600783747,0.4222052774891496
**********01,**********05,6,SS0000000035,템퍼링 1호_템퍼1존(1존),0.2271854991431943,0.08010195277831911,0.8075219252706972,0.48223496486919715,,0.8576840054578584,0.770810947781481
**********01,**********05,6,SS0000000040,템퍼링 1호_템퍼1존(2존),0.28686627857663405,0.9514108666055556,0.4472156338965466,0.442331112854627,,0.8017639274848541,0.003781068282898703
**********01,**********05,3,SS0000000024,템퍼링 1호_템퍼1존(3존),0.07456978350451593,0.20912341332091056,0.5274286341931407,0.9767965385026642,,0.3416953544109895,0.4407995542421471
**********01,**********05,3,SS0000000006,템퍼링 1호_템퍼1존(4존),0.30122790740835237,0.4037686083240698,0.5170497826010033,0.00012135334143070775,,0.5157307002673687,0.9866783847532614
**********01,**********05,6,SS0000000049,템퍼링 2호_템퍼1존(1존),0.45502784205929314,0.36707836750514344,0.1503406769797092,0.860927081881902,,0.7858985564459409,0.5847563032221221
**********01,**********05,3,SS0000000025,템퍼링 2호_템퍼1존(2존),0.14544973773152736,0.5894276026109946,0.46104066603363947,0.8394081450163062,,0.15033305210975967,0.2135576226774657
**********01,**********05,3,SS0000000021,템퍼링 2호_템퍼1존(3존),0.16787961423035525,0.4675916172464859,0.5869351134313475,0.6191355394082485,,0.6642311665282276,0.6622180945351845
**********01,**********05,3,SS0000000024,템퍼링 2호_템퍼1존(4존),0.6536728204771274,0.015964798649292122,0.9066647621331674,0.5918434016911961,,0.9435738791273998,0.7549503978721466
**********01,**********05,6,SS0000000047,템퍼링 2호_템퍼1존(5존),0.06912541435173347,0.7901027092735798,0.514201602350823,0.4997911169251281,,0.40499680595106824,0.20591268241662908
**********01,**********05,9,SS0000000046,템퍼링 2호_템퍼1존(6존),0.31368210499585014,0.7769441489642461,0.9073921507507324,0.7594830841762278,,0.4966097791237565,0.9800372393662556
**********01,**********05,3,SS0000000016,템퍼링 3호_템퍼1존(1존),0.004102709302565288,0.558750610138832,0.6164733886142212,0.5377263976362434,,0.6528451879620711,0.6435795857022962
**********01,**********05,6,SS0000000047,템퍼링 3호_템퍼1존(2존),0.6476661019255743,0.3524611205510306,0.7608532992512218,0.8466440486985094,,0.6108393640735802,0.2752983527673064
**********01,**********05,3,SS0000000024,템퍼링 3호_템퍼1존(3존),0.7335265360299107,0.8865827401484117,0.0744323890284877,0.8664738688918788,,0.3733912209079582,0.5195480682148198
**********01,**********05,9,SS0000000019,템퍼링 4호_템퍼1존(1존),0.6293785601646386,0.26874971000446735,0.5367743164459992,0.7703749615906463,,0.35370722134236776,0.7797158623440584
**********01,**********05,6,SS0000000033,템퍼링 4호_템퍼1존(2존),0.8249171089928009,0.02815035603835403,0.36301535659792317,0.18060504232585395,,0.2960415585954296,0.09863246060080044
**********01,**********05,3,SS0000000009,템퍼링 4호_템퍼1존(3존),0.08267487629780013,0.9828684282536527,0.28959706182854994,0.8718251939798698,,0.6107836247887861,0.6034148978040541
**********01,**********05,6,SS0000000018,템퍼링 4호_템퍼1존(4존),0.959136200714131,0.918794969293591,0.6726010213484946,0.7017269362925542,,0.25471886443318215,0.8102140805091366
**********01,**********05,9,SS0000000025,템퍼링 4호_템퍼1존(5존),0.5753283583897889,0.42394002620622195,0.42178794770515515,0.03863904763749282,,0.0934750384346712,0.7354658723258078
**********01,**********05,6,SS0000000028,템퍼링 4호_템퍼1존(6존),0.4052270942562841,0.19587910292614186,0.4738004857163236,0.9615768417816907,,0.2555311150805397,0.42896258225980366
**********01,**********05,6,SS0000000038,템퍼링 1호_템퍼1존(1존),0.27907430770080854,0.8697444657125062,0.24134605926319974,0.002170506903344749,,0.9285563945535031,0.7020664035042942
**********01,**********05,3,SS0000000029,템퍼링 1호_템퍼1존(2존),0.02357800670216803,0.2114174240528518,0.6885107178465455,0.6468293404544214,,0.7783185809841877,0.39772673680400206
**********01,**********05,3,SS0000000040,템퍼링 1호_템퍼1존(3존),0.12334377273625985,0.4456046684047795,0.19967347307435557,0.9736957667299915,,0.9771055337226987,0.2325819145398057
**********01,**********05,3,SS0000000023,템퍼링 1호_템퍼1존(4존),0.007025521514286703,0.37710431231265806,0.7688091413875124,0.23265824365175047,,0.05977421784956127,0.7692925753711073
**********01,**********05,6,SS0000000035,템퍼링 2호_템퍼1존(1존),0.6890122499275867,0.758368888180722,0.27482431031960697,0.5006528150041749,,0.2675304725511344,0.017420817027300917
**********01,**********05,9,SS0000000030,템퍼링 2호_템퍼1존(2존),0.6984667602235128,0.27528357106019563,0.6465494308470939,0.9171977983821474,,0.40274859303855215,0.8634489864096442
**********01,**********05,3,SS0000000045,템퍼링 2호_템퍼1존(3존),0.3487243363918645,0.06165475468614545,0.9443340407812246,0.24721993045533097,,0.8025861481445176,0.6805310105449431
**********01,**********05,6,SS0000000042,템퍼링 2호_템퍼1존(4존),0.38671649101909766,0.363529261269501,0.9684312746022231,0.3986805776832807,,0.6249939428946173,0.21120383360376072
**********01,**********05,9,SS0000000037,템퍼링 2호_템퍼1존(5존),0.797167468038907,0.5825387771798919,0.48491875206479307,0.5803293003457959,,0.26659075480405336,0.47492413591261173
**********01,**********05,3,SS0000000018,템퍼링 2호_템퍼1존(6존),0.6888188038911354,0.4742202759247023,0.9952242056248876,0.9533280721427103,,0.4665128028091782,0.2135983134943803
**********01,**********05,9,SS0000000041,템퍼링 3호_템퍼1존(1존),0.8831728884592804,0.2368771933455046,0.3956253214882065,0.19524785440073333,,0.891511659748378,0.9667895947877131
**********01,**********05,3,SS0000000016,템퍼링 3호_템퍼1존(2존),0.37468653997380874,0.3836313802390878,0.892392441188013,0.5294856622299692,,0.1681492189824345,0.7324319709084005
**********01,**********05,9,SS0000000029,템퍼링 3호_템퍼1존(3존),0.9617707643575633,0.09170137883185203,0.9244285518389972,0.23872043073595728,,0.5143839576863882,0.9914627522551815
**********01,**********05,9,SS0000000045,템퍼링 4호_템퍼1존(1존),0.24967082341769398,0.09467465859990831,0.8202011719779463,0.797611928149448,,0.35063121712935486,0.9428780137358043
**********01,**********05,9,SS0000000006,템퍼링 4호_템퍼1존(2존),0.43783445179712754,0.03874361175721541,0.4187699404575098,0.9356547681240485,,0.9173508398897031,0.18569289657499832
**********01,**********05,3,SS0000000026,템퍼링 4호_템퍼1존(3존),0.14010663385651012,0.8414753791104261,0.8782852780792366,0.7282114708133811,,0.6684045289569472,0.5037060505805763
**********01,**********05,3,SS0000000005,템퍼링 4호_템퍼1존(4존),0.960964663971555,0.2507029149833594,0.605487383708912,0.5853779102129234,,0.3370524940198223,0.4486253605114816
**********01,**********05,3,SS0000000006,템퍼링 4호_템퍼1존(5존),0.14709182276901644,0.10981924852954705,0.23005443774211354,0.4854602279632314,,0.3389898115208777,0.07506772074538304
**********01,**********05,3,SS0000000018,템퍼링 4호_템퍼1존(6존),0.539053406446777,0.8674307271078319,0.45497903590515654,0.4801743915436407,,0.43623026351903105,0.0796208707538969
**********01,**********05,9,SS0000000008,템퍼링 1호_템퍼1존(1존),0.10992047238369451,0.47419255757675405,0.7742851805718931,0.2503408737291474,,0.9262340376102773,0.5277456930505736
**********01,**********05,9,SS0000000039,템퍼링 1호_템퍼1존(2존),0.9561571308261505,0.3395814974519147,0.30934299964506384,0.2749819856115733,,0.3182378027581203,0.8836919363547602
**********01,**********05,9,SS0000000047,템퍼링 1호_템퍼1존(3존),0.45082931503990487,0.7641507686596009,0.484343628906152,0.18826341232830202,,0.4249661979582553,0.1485504858083624
**********01,**********05,6,SS0000000050,템퍼링 1호_템퍼1존(4존),0.9755050588212305,0.32311744813817034,0.07250942824202455,0.9765693930659972,,0.340533563121049,0.029809317582250472
**********01,**********05,3,SS0000000034,템퍼링 2호_템퍼1존(1존),0.38369741460549145,0.8106843313659173,0.7819400141340331,0.43064393710177307,,0.021694094678746945,0.6393630926266043
**********01,**********05,6,SS0000000016,템퍼링 2호_템퍼1존(2존),0.5627346774614147,0.5015928157978562,0.9618893452143448,0.9140653857317325,,0.9174952005597106,0.4996313940482381
**********01,**********05,6,SS0000000012,템퍼링 2호_템퍼1존(3존),0.030027754035875875,0.6265936712999858,0.836503693593023,0.6204682934290223,,0.273030803665111,0.7441105152474018
**********01,**********05,6,SS0000000048,템퍼링 2호_템퍼1존(4존),0.5654579410941141,0.23130281360241955,0.23056110547882702,0.43485750308231963,,0.42255773316269085,0.5879456272405011
**********01,**********05,9,SS0000000009,템퍼링 2호_템퍼1존(5존),0.6901204537559991,0.7712112153830983,0.2225730849949168,0.5628671972548068,,0.9743381244960877,0.8868207309646475
**********01,**********05,3,SS0000000018,템퍼링 2호_템퍼1존(6존),0.5428311724477823,0.25049742114230145,0.9281650400552571,0.29226064505438565,,0.7314678086631324,0.3493259164314525
**********01,**********05,6,SS0000000023,템퍼링 3호_템퍼1존(1존),0.1572421122091735,0.6548353247142615,0.7879601247781393,0.8457660500178388,,0.4626763412448882,0.5556244879159925
**********01,**********05,9,SS0000000041,템퍼링 3호_템퍼1존(2존),0.3494351393452181,0.12805877988410508,0.1344973826155922,0.9170929820353003,,0.4404944853724979,0.5170480118016176
**********01,**********05,3,SS0000000022,템퍼링 3호_템퍼1존(3존),0.9497278378754175,0.6926158745283898,0.36092192111998145,0.045429614764816884,,0.21756855066282066,0.41712219603746215
**********01,**********05,9,SS0000000027,템퍼링 4호_템퍼1존(1존),0.3728340884926682,0.7418370661784561,0.451164099509043,0.46237520080044303,,0.6263702456762886,0.3370000629269373
**********01,**********05,3,SS0000000026,템퍼링 4호_템퍼1존(2존),0.5401421827372529,0.7420279833814152,0.284034680189338,0.7052622402610497,,0.8376427712323039,0.7750420320541247
**********01,**********05,6,SS0000000013,템퍼링 4호_템퍼1존(3존),0.2857315073374478,0.564226057648066,0.6930478253014597,0.7627747792581677,,0.008548105998256394,0.7556915949070688
**********01,**********05,3,SS0000000045,템퍼링 4호_템퍼1존(4존),0.16374026425806065,0.02322794432284847,0.7397618941950672,0.224544064549961,,0.0538349903147729,0.5245500504365824
**********01,**********05,6,SS0000000026,템퍼링 4호_템퍼1존(5존),0.8897568034882495,0.8471551511284342,0.7576875586299546,0.08106106859598805,,0.14592960524699827,0.3963776932471008
**********01,**********05,3,SS0000000015,템퍼링 4호_템퍼1존(6존),0.3888697892863937,0.362095739052017,0.22433426421778313,0.5047712950591232,,0.3669816371088642,0.6772414001291602
**********01,**********05,3,SS0000000001,템퍼링 1호_템퍼1존(1존),0.03131668183311498,0.23321622891393434,0.9924287160093824,0.07817847582558535,,0.0828831362856488,0.05239771743641042
**********01,**********05,3,SS0000000043,템퍼링 1호_템퍼1존(2존),0.4616782149355302,0.3085137663084019,0.008465300842846135,0.5703927096037876,,0.786050439485128,0.5824907717842429
**********01,**********05,6,SS0000000021,템퍼링 1호_템퍼1존(3존),0.35662957511985116,0.2814295929050168,0.3952837920426332,0.8668460858088839,,0.05016220674017513,0.4110852957974859
**********01,**********05,9,SS0000000043,템퍼링 1호_템퍼1존(4존),0.8375846356206351,0.7959508959528798,0.23346358562010294,0.8507311515942436,,0.9859253596247923,0.2551710891906618
**********01,**********05,6,SS0000000047,템퍼링 2호_템퍼1존(1존),0.7490532849767262,0.6783376953869243,0.08271778031178068,0.03375492810022962,,0.43196437674778565,0.4646909109673163
**********01,**********05,3,SS0000000049,템퍼링 2호_템퍼1존(2존),0.3024381464193062,0.09408498953915378,0.4419416334493901,0.43315797590623195,,0.009641060073076302,0.7654560311397198
**********01,**********05,3,SS0000000006,템퍼링 2호_템퍼1존(3존),0.5421476749991523,0.9326207701507241,0.05112886776222292,0.12161916498674807,,0.636116467479389,0.3076890141573716
**********01,**********05,9,SS0000000038,템퍼링 2호_템퍼1존(4존),0.5071030225933136,0.9936172540537982,0.3906823842365531,0.4046119816805105,,0.572728681742693,0.38642430211674494
**********01,**********05,6,SS0000000028,템퍼링 2호_템퍼1존(5존),0.8607259287715543,0.3378979479420917,0.39826986367919526,0.25008991311403717,,0.32505901002463633,0.32130560298415345
**********01,**********05,6,SS0000000012,템퍼링 2호_템퍼1존(6존),0.3155717854453681,0.35880952118473597,0.8890886223693639,0.1556419416362359,,0.8702733961027376,0.9583225697131266
**********01,**********05,9,SS0000000047,템퍼링 3호_템퍼1존(1존),0.9596619186313224,0.5987204193497982,0.7431247464544422,0.6153628386335355,,0.32266430928153744,0.7700074303741288
**********01,**********05,9,SS0000000023,템퍼링 3호_템퍼1존(2존),0.1513204770653026,0.8777103195366692,0.06729902945644894,0.2561371523254685,,0.48516259665583794,0.3030060204438586
**********01,**********05,3,SS0000000049,템퍼링 3호_템퍼1존(3존),0.876835422663207,0.21778127810917802,0.9848828377152574,0.5787465007340428,,0.28643534670592385,0.22130841475270968
**********01,**********05,9,SS0000000006,템퍼링 4호_템퍼1존(1존),0.41383222311506673,0.44352242473387393,0.8290481879518862,0.11322918275529881,,0.3443978545038845,0.8352552989637049
**********01,**********05,3,SS0000000038,템퍼링 4호_템퍼1존(2존),0.5144543015529411,0.554507142905338,0.712431083421278,0.054904611068535836,,0.8806012418186443,0.09901849834899945
**********01,**********05,3,SS0000000022,템퍼링 4호_템퍼1존(3존),0.1934633895025547,0.8860064631616605,0.7384120719548747,0.31149650465265,,0.12929666706417609,0.9394470650721828
**********01,**********05,6,SS0000000047,템퍼링 4호_템퍼1존(4존),0.3800270472729904,0.9470004484448272,0.5186301559338986,0.8778986344126231,,0.21221392443195775,0.31829786283858685
**********01,**********05,3,SS0000000039,템퍼링 4호_템퍼1존(5존),0.1372548759487311,0.41535994343286164,0.667353687702041,0.6106619035333126,,0.12937575145629532,0.8960710464270804
**********01,**********05,6,SS0000000031,템퍼링 4호_템퍼1존(6존),0.018458625297083642,0.9893632453910446,0.04426626177365023,0.42691869210247835,,0.7730286732255215,0.8366837786918553
**********01,**********05,3,SS0000000024,템퍼링 1호_템퍼1존(1존),0.43567516471414935,0.20411031670779767,0.7247841915607093,0.7124632710800284,,0.26169658798398043,0.4170324706109396
**********01,**********05,3,SS0000000014,템퍼링 1호_템퍼1존(2존),0.812977128726855,0.3981651051853815,0.22884620882960816,0.6522372806680907,,0.8103941915891167,0.7699813262511365
**********01,**********05,9,SS0000000007,템퍼링 1호_템퍼1존(3존),0.04104425643265297,0.9388181110805732,0.5612501514789955,0.43648514539909145,,0.3021474089559443,0.7177767176976907
**********01,**********05,9,SS0000000007,템퍼링 1호_템퍼1존(4존),0.12397429509479418,0.9403582694175214,0.22648656754002594,0.5149517363160975,,0.4209301367918272,0.5252027816834361
**********01,**********05,6,SS0000000049,템퍼링 2호_템퍼1존(1존),0.2600882396473093,0.15473283138771543,0.45715512282881765,0.8978618970469411,,0.37557124255650165,0.9993960057182898
**********01,**********05,6,SS0000000015,템퍼링 2호_템퍼1존(2존),0.02429979431759366,0.6179424200747722,0.21243591191227307,0.24004251156338463,,0.5621885481655805,0.8110252520202579
**********01,**********05,6,SS0000000035,템퍼링 2호_템퍼1존(3존),0.769676691961716,0.5001759658724904,0.43479968565861626,0.7407932582307795,,0.47409129834677133,0.0919531654838871
**********01,**********05,6,SS0000000002,템퍼링 2호_템퍼1존(4존),0.3404163013531817,0.026867311655080495,0.8378587248991662,0.41960771824592136,,0.304034438107741,0.20815393719260067
**********01,**********05,9,SS0000000049,템퍼링 2호_템퍼1존(5존),0.8543186174582287,0.07545162949681083,0.5682997215422015,0.18317851790828166,,0.18170278689713149,0.39341909359724214
**********01,**********05,9,SS0000000046,템퍼링 2호_템퍼1존(6존),0.47895480380399424,0.5263676052344509,0.8891251952285362,0.6624311158027096,,0.05978000822926077,0.9202196093499395
**********01,**********05,3,SS0000000042,템퍼링 3호_템퍼1존(1존),0.7329287633793398,0.8927454053811125,0.6919320394807095,0.13345197308064505,,0.20419437842980193,0.5404965349375714
**********01,**********05,3,SS0000000004,템퍼링 3호_템퍼1존(2존),0.8131186033650403,0.5503713171273271,0.7847306767661586,0.4097509677586604,,0.2871396621845328,0.6545774010832119
**********01,**********05,9,SS0000000015,템퍼링 3호_템퍼1존(3존),0.49082992369530976,0.09921194944875522,0.07282122002447933,0.796184321094278,,0.3233907647319817,0.43434988282340237
**********01,**********05,9,SS0000000016,템퍼링 4호_템퍼1존(1존),0.1666590193541928,0.017661608441800314,0.018216676484332006,0.3779513147850443,,0.20431306044155495,0.23585173019693495
**********01,**********05,3,SS0000000016,템퍼링 4호_템퍼1존(2존),0.8201750095927103,0.3547788358652726,0.9585256058600738,0.6896058472638089,,0.9465016753071482,0.8108729609286331
**********01,**********05,9,SS0000000047,템퍼링 4호_템퍼1존(3존),0.9105358004845668,0.41830689688107026,0.6641306839011896,0.2569936654723539,,0.634765029874682,0.6590078960555129
**********01,**********05,9,SS0000000033,템퍼링 4호_템퍼1존(4존),0.43160177908674735,0.4500294099829065,0.12402370992484013,0.1185134268822563,,0.6040581853357573,0.91140103846782
**********01,**********05,3,SS0000000044,템퍼링 4호_템퍼1존(5존),0.31245069506200585,0.7188101078391355,0.29454992572360383,0.9023184148307877,,0.5596648529653171,0.29638098138260305
**********01,**********05,6,SS0000000040,템퍼링 4호_템퍼1존(6존),0.32157719100067483,0.7192951373983516,0.0003578440097362634,0.8802141197969339,,0.7348827474576052,0.4953374534277164
**********01,**********05,3,SS0000000028,템퍼링 1호_템퍼1존(1존),0.6566296442078944,0.827331326496393,0.42184481972768006,0.888153648066642,,0.05985426879693656,0.45106202136104123
**********01,**********05,6,SS0000000041,템퍼링 1호_템퍼1존(2존),0.7802853322532128,0.9328501122007224,0.1581978518720113,0.9921889887601297,,0.4795383323940555,0.5195535683669669
**********01,**********05,6,SS0000000050,템퍼링 1호_템퍼1존(3존),0.25417679175048136,0.05207325672701535,0.9187184709995344,0.5237010116854373,,0.11933540452470548,0.6135295545536787
**********01,**********05,6,SS0000000037,템퍼링 1호_템퍼1존(4존),0.2950180182294966,0.8331126278697318,0.4266628588341952,0.6518700048303434,,0.20633318527288624,0.26471061605021484
**********01,**********05,6,SS0000000041,템퍼링 2호_템퍼1존(1존),0.1931830497735233,0.9455867703833454,0.22818981474438338,0.8689039806526437,,0.3118588165061589,0.08688583844896547
**********01,**********05,6,SS0000000032,템퍼링 2호_템퍼1존(2존),0.44694883520690354,0.5503159618546631,0.682363053757733,0.2993827848093018,,0.20630435089520704,0.6051941998475856
**********01,**********05,9,SS0000000018,템퍼링 2호_템퍼1존(3존),0.4613240506292081,0.8644365388559059,0.6602040960367277,0.922501281615436,,0.9177906666345041,0.6582608835657202
**********01,**********05,9,SS0000000023,템퍼링 2호_템퍼1존(4존),0.03871108486592789,0.07703172898786559,0.2897998912139743,0.7550894777152608,,0.3075793680797986,0.14141433661602854
**********01,**********05,6,SS0000000045,템퍼링 2호_템퍼1존(5존),0.5963078006325967,0.3012932308991202,0.35906590493375934,0.8151062596938723,,0.9783127756557164,0.3607170454908549
**********01,**********05,9,SS0000000039,템퍼링 2호_템퍼1존(6존),0.46062661490311463,0.8827805500898714,0.823787899373468,0.03562394523296575,,0.16087600928154255,0.09626635945757633
**********01,**********05,6,SS0000000046,템퍼링 3호_템퍼1존(1존),0.3455640159378365,0.025957913848916547,0.998316710002461,0.5583084409943694,,0.5463654803603594,0.31710933930911045
**********01,**********05,9,SS0000000012,템퍼링 3호_템퍼1존(2존),0.11477312488288749,0.12502989300003864,0.1319246551105988,0.391296276179664,,0.42525425648566817,0.856498047500012
**********01,**********05,6,SS0000000048,템퍼링 3호_템퍼1존(3존),0.3839368092493739,0.3581314622704008,0.6758975327869075,0.7101930490089692,,0.9456695491351457,0.8643977053032817
**********01,**********05,9,SS0000000003,템퍼링 4호_템퍼1존(1존),0.755946949673429,0.9336563480321873,0.12301891384752084,0.44416700067758486,,0.5893070816157294,0.1116088743266408
**********01,**********05,6,SS0000000039,템퍼링 4호_템퍼1존(2존),0.5444742746992555,7.453873337115446e-06,0.32144383915051,0.7002283020198905,,0.5321005639046795,0.012496236264223692
**********01,**********05,3,SS0000000042,템퍼링 4호_템퍼1존(3존),0.5358946461242695,0.5565486825845241,0.17498421773145156,0.2196075717206547,,0.6481253652767812,0.9629113148900675
**********01,**********05,6,SS0000000013,템퍼링 4호_템퍼1존(4존),0.38341229284649603,0.6488273387724616,0.7103829326804584,0.7069232033660316,,0.3285694546134864,0.854894891576303
**********01,**********05,9,SS0000000024,템퍼링 4호_템퍼1존(5존),0.4964233704859309,0.05177767637794872,0.1559109229728487,0.2142412466399416,,0.5671768725543067,0.6721430008458649
**********01,**********05,3,SS0000000015,템퍼링 4호_템퍼1존(6존),0.06335950509293087,0.43904746101808345,0.2461196377058884,0.31644468212501875,,0.031870031775518504,0.726985217059021
**********01,**********05,9,SS0000000041,템퍼링 1호_템퍼1존(1존),0.8609654323845266,0.6984546222072457,0.33080848445113065,0.6812244918483821,,0.5985570649335434,0.9706556526156997
**********01,**********05,3,SS0000000018,템퍼링 1호_템퍼1존(2존),0.9868632752483927,0.22795441257557025,0.33012824167688604,0.6508577885450908,,0.44923332418771933,0.6194903282725311
**********01,**********05,9,SS0000000034,템퍼링 1호_템퍼1존(3존),0.14704446669424787,0.9124869341289593,0.16186571162484398,0.13877063843418924,,0.15521008263254987,0.9841794216341265
**********01,**********05,3,SS0000000026,템퍼링 1호_템퍼1존(4존),0.06649921340998233,0.10036013186224668,0.06106011321734861,0.7441697113342532,,0.9588361792558356,0.1987320783577361
**********01,**********05,6,SS0000000002,템퍼링 2호_템퍼1존(1존),0.7130235664177412,0.6758525718200582,0.3668784347404196,0.0932758703694413,,0.15988936941080767,0.15780553230982952
**********01,**********05,6,SS0000000019,템퍼링 2호_템퍼1존(2존),0.7027429187722133,0.9839190053595374,0.554908434139567,0.5516869035525265,,0.5950677811781393,0.6189675617881463
**********01,**********05,3,SS0000000014,템퍼링 2호_템퍼1존(3존),0.09937370046106508,0.3447786778909191,0.8193164108307087,0.9571775957467133,,0.8512801583043004,0.8574474523848681
**********01,**********05,9,SS0000000046,템퍼링 2호_템퍼1존(4존),0.4476949316113963,0.44142496475214765,0.45389012975856824,0.6577760926340863,,0.9848353579870348,0.9589836822657902
**********01,**********05,6,SS0000000024,템퍼링 2호_템퍼1존(5존),0.681283880229849,0.75241731220471,0.7072401913076715,0.22539161057932844,,0.03275150697572249,0.6081056688896683
**********01,**********05,9,SS0000000026,템퍼링 2호_템퍼1존(6존),0.2767919103197759,0.1243442765640187,0.34352457254556157,0.9642951617985209,,0.685602697849139,0.9189454035186819
**********01,**********05,6,SS0000000049,템퍼링 3호_템퍼1존(1존),0.9188729629443585,0.7903238474983906,0.8894116018328992,0.5119571224494721,,0.5539141473461621,0.36123749634380975
**********01,**********05,6,SS0000000005,템퍼링 3호_템퍼1존(2존),0.6619133077134483,0.4091255543768548,0.6021673098979136,0.512462213860302,,0.012994123229501331,0.35603566172786416
**********01,**********05,3,SS0000000007,템퍼링 3호_템퍼1존(3존),0.7625303441667081,0.6161080129447744,0.3758508519680174,0.7736775546507847,,0.8337303813024266,0.18224978993935947
**********01,**********05,9,SS0000000012,템퍼링 4호_템퍼1존(1존),0.7753437718672125,0.9449765264824771,0.9252408558223756,0.5874542358906705,,0.3477657097213508,0.9983780172360022
**********01,**********05,9,SS0000000012,템퍼링 4호_템퍼1존(2존),0.5115319820224481,0.6597499330583431,0.8327159422698195,0.5142978453448047,,0.7099004866081421,0.43791976523300424
**********01,**********05,9,SS0000000030,템퍼링 4호_템퍼1존(3존),0.7460719365575725,0.011959223962105137,0.5252789959036438,0.03755418574578928,,0.9279628686364716,0.3885918431547093
**********01,**********05,6,SS0000000028,템퍼링 4호_템퍼1존(4존),0.9625970284805684,0.2992181747758321,0.7962106839993669,0.25751674118789836,,0.4614931986522304,0.24308219521178176
**********01,**********05,9,SS0000000002,템퍼링 4호_템퍼1존(5존),0.9678509197643157,0.40111562383576105,0.5875830664435547,0.7269617988473577,,0.5460596187394544,0.11174732225369843
**********01,**********05,9,SS0000000032,템퍼링 4호_템퍼1존(6존),0.9950921787024187,0.6841737660366876,0.32569507188971325,0.017416180769745937,,0.6495496023525711,0.8460529498784445
**********01,**********05,9,SS0000000019,템퍼링 1호_템퍼1존(1존),0.07064266807226682,0.2031885058737608,0.17406812433215113,0.231068496020448,,0.6753574454751085,0.8986048484223061
**********01,**********05,3,SS0000000010,템퍼링 1호_템퍼1존(2존),0.51427767000743,0.6600934166866417,0.6406207112761102,0.20654475450650922,,0.3020727668727171,0.4769012733005079
**********01,**********05,6,SS0000000005,템퍼링 1호_템퍼1존(3존),0.38124449337817756,0.6513485392181294,0.1753434315502561,0.21286436783331641,,0.7948143560526238,0.44747609992500714
**********01,**********05,3,SS0000000037,템퍼링 1호_템퍼1존(4존),0.1132230424168964,0.8428877466337201,0.2497278677763609,0.7768918940692657,,0.9964854974326625,0.9665314486360047
**********01,**********05,6,SS0000000001,템퍼링 2호_템퍼1존(1존),0.5245171700592224,0.3554262097204547,0.31894772845586383,0.7741403464656463,,0.3095708000122245,0.5270726317834856
**********01,**********05,3,SS0000000031,템퍼링 2호_템퍼1존(2존),0.5444065431056756,0.5982245583117917,0.14562847702650983,0.7981428598953338,,0.8329293662226137,0.12479572255170424
**********01,**********05,9,SS0000000019,템퍼링 2호_템퍼1존(3존),0.7014283154757398,0.3691070942399066,0.6395610299005365,0.2769124209537509,,0.7545969303077977,0.2244501514936419
**********01,**********05,6,SS0000000042,템퍼링 2호_템퍼1존(4존),0.9642712407229628,0.4527708465369821,0.18661832663096645,0.4003618860436826,,0.8103408368913193,0.5966064131633873
**********01,**********05,6,SS0000000003,템퍼링 2호_템퍼1존(5존),0.6288600780685244,0.180676753600434,0.9485752203722562,0.4566239929114603,,0.6591401120602336,0.3180840327313684
**********01,**********05,9,SS0000000038,템퍼링 2호_템퍼1존(6존),0.8912177708151312,0.17735915066564223,0.5971161275218504,0.03253744590955088,,0.5613667879224062,0.1556745005346838
**********01,**********05,3,SS0000000042,템퍼링 3호_템퍼1존(1존),0.38027646037158735,0.28033366215508015,0.13105254148869816,0.07461531244405617,,0.38363477588370287,0.38063019856373914
**********01,**********05,3,SS0000000017,템퍼링 3호_템퍼1존(2존),0.24152281448150936,0.3935675679106717,0.6754120219222861,0.5959694945164771,,0.8858583552298545,0.9978008641288694
**********01,**********05,6,SS0000000049,템퍼링 3호_템퍼1존(3존),0.7531079360395019,0.010366624041813877,0.5549110192552947,0.21574225082067322,,0.6388048570266504,0.06042258716383897
**********01,**********05,3,SS0000000028,템퍼링 4호_템퍼1존(1존),0.9026311255963383,0.24324919372353093,0.6200136358384276,0.9079025309357459,,0.7070899418389286,0.4044253079350961
**********01,**********05,3,SS0000000020,템퍼링 4호_템퍼1존(2존),0.393999001414719,0.5308282585571726,0.09145958818410038,0.8259329031119447,,0.7539173884178119,0.30265117338373193
**********01,**********05,6,SS0000000012,템퍼링 4호_템퍼1존(3존),0.9207119696178176,0.535064852020419,0.014553960427565737,0.6843438959027225,,0.4785092213012274,0.8023805160513132
**********01,**********05,9,SS0000000023,템퍼링 4호_템퍼1존(4존),0.051848281448655054,0.4734095711481009,0.8074091231092074,0.6691907361844323,,0.7251379878198294,0.5160889472953226
**********01,**********05,9,SS0000000045,템퍼링 4호_템퍼1존(5존),0.49150532622658794,0.21177273333363134,0.7482347202206823,0.22495825929381275,,0.7716521990405751,0.6843639418674112
**********01,**********05,9,SS0000000032,템퍼링 4호_템퍼1존(6존),0.927784327231716,0.47071982372206944,0.6273584722887778,0.35268028794830397,,0.1729335718346221,0.4652922721567767
**********01,**********05,6,SS0000000024,템퍼링 1호_템퍼1존(1존),0.5976035892225651,0.6443007693269079,0.8745512653770228,0.8273847904297663,,0.02352661098212172,0.02879562563363658
**********01,**********05,3,SS0000000040,템퍼링 1호_템퍼1존(2존),0.255348061339123,0.2120273508214099,0.5448859001624704,0.7763933647801351,,0.15108401497586943,0.8060786964412211
**********01,**********05,3,SS0000000012,템퍼링 1호_템퍼1존(3존),0.5340019716155482,0.5071245075334382,0.17866963400663427,0.5426741948984696,,0.9142093783004904,0.13730383585533268
**********01,**********05,3,SS0000000019,템퍼링 1호_템퍼1존(4존),0.9982188501399695,0.9899672100776263,0.07195850486027777,0.8262852725085966,,0.8774969029743752,0.6727977141349094
**********01,**********05,3,SS0000000010,템퍼링 2호_템퍼1존(1존),0.10085082885366936,0.6608036795250275,0.6130822454805419,0.3651146485585164,,0.08938643420871517,0.8241522165069148
**********01,**********05,6,SS0000000011,템퍼링 2호_템퍼1존(2존),0.8576770839478269,0.8764475012957756,0.3869161681169455,0.9434612324728523,,0.5917568337927119,0.9548393186379605
**********01,**********05,9,SS0000000016,템퍼링 2호_템퍼1존(3존),0.8927027249436659,0.2559559499044294,0.5103024429234377,0.7015238414135975,,0.03347490892899896,0.9793943090205024
**********01,**********05,9,SS0000000002,템퍼링 2호_템퍼1존(4존),0.3430798010897078,0.9319673204720522,0.8215710883566208,0.12415547655137504,,0.21601600236378382,0.24947210514280027
**********01,**********05,9,SS0000000004,템퍼링 2호_템퍼1존(5존),0.5784045385680218,0.9275852959273195,0.9976741832578162,0.8087394146176479,,0.9498380342620498,0.2922591970753451
**********01,**********05,6,SS0000000001,템퍼링 2호_템퍼1존(6존),0.5477249546579239,0.7755839981962059,0.9325787128951137,0.09854723866485615,,0.11386313076956622,0.019084866965267455
**********01,**********05,3,SS0000000034,템퍼링 3호_템퍼1존(1존),0.3820457901621479,0.49510890892574044,0.9855505481882297,0.09934340024201427,,0.4361832850453614,0.4862018489133836
**********01,**********05,6,SS0000000026,템퍼링 3호_템퍼1존(2존),0.12580065319368694,0.211360925531071,0.716044393465836,0.09502750551904227,,0.5848549911197574,0.4293484403975486
**********01,**********05,6,SS0000000035,템퍼링 3호_템퍼1존(3존),0.6517712911114953,0.26265883212968555,0.8958359714041669,0.011639657747018362,,0.4742680714352516,0.5884940077331996
**********01,**********05,3,SS0000000044,템퍼링 4호_템퍼1존(1존),0.8072839145450698,0.19227133247030848,0.7199196019908072,0.2540601587208743,,0.09901498130638287,0.18750046020593647
**********01,**********05,3,SS0000000010,템퍼링 4호_템퍼1존(2존),0.2867213681009775,0.7049328339959537,0.5071808177410818,0.46043966980611906,,0.028441726877160067,0.7082889720403569
**********01,**********05,9,SS0000000049,템퍼링 4호_템퍼1존(3존),0.9720825933082833,0.342223647044529,0.3050111995419843,0.32040762922719024,,0.629836401741326,0.5564336247694018
**********01,**********05,6,SS0000000030,템퍼링 4호_템퍼1존(4존),0.18484867737380106,0.38163510038008264,0.22470691503215545,0.4645960829094571,,0.518858453616351,0.20877162493808077
**********01,**********05,9,SS0000000003,템퍼링 4호_템퍼1존(5존),0.5132400371928205,0.3806931146693112,0.6122412080168056,0.6001358708639444,,0.14694952157049113,0.017869354181128116
**********01,**********05,3,SS0000000018,템퍼링 4호_템퍼1존(6존),0.17602411775757287,0.6672995605483096,0.1741505525066468,0.807364639746982,,0.030749703420512198,0.4799452652978623
**********01,**********05,6,SS0000000019,템퍼링 1호_템퍼1존(1존),0.8693387445461529,0.7897964287488145,0.19141991785337964,0.87139331360669,,0.9589379639167974,0.2093525203527027
**********01,**********05,6,SS0000000012,템퍼링 1호_템퍼1존(2존),0.2445685863626348,0.25012825922437,0.057991784021112935,0.40538150760832714,,0.1082092793738837,0.32138966713949446
**********01,**********05,9,SS0000000003,템퍼링 1호_템퍼1존(3존),0.057083043459529526,0.6881732200759588,0.3724088561309299,0.3481085164960426,,0.89651682441247,0.5251351532580137
**********01,**********05,6,SS0000000020,템퍼링 1호_템퍼1존(4존),0.530114701085476,0.01823721002154166,0.6372231556952107,0.4835990850420786,,0.9534414574244727,0.5155433296231154
**********01,**********05,3,SS0000000014,템퍼링 2호_템퍼1존(1존),0.10945137970209606,0.045775148939607435,0.39820624428604323,0.6506315602509973,,0.10027959908761419,0.876685448046644
**********01,**********05,9,SS0000000013,템퍼링 2호_템퍼1존(2존),0.23695843473361178,0.6666880473200669,0.5778083463491357,0.7689897389216319,,0.9453243648067036,0.0673941069751709
**********01,**********05,6,SS0000000042,템퍼링 2호_템퍼1존(3존),0.7272340351631121,0.4840041125679022,0.5550947040800425,0.6711707873091923,,0.894603697655425,0.5138564813792836
**********01,**********05,6,SS0000000026,템퍼링 2호_템퍼1존(4존),0.8133984755202274,0.6015348210026288,0.39871898562045494,0.06151837421035611,,0.8941245149695841,0.8034372574489607
**********01,**********05,6,SS0000000038,템퍼링 2호_템퍼1존(5존),0.6218448713174277,0.9734186739487769,0.16831779955246973,0.014778359903117377,,0.6288560760007003,0.11521829453349353
**********01,**********05,6,SS0000000029,템퍼링 2호_템퍼1존(6존),0.9166201484983965,0.4494682550442859,0.5720599532230048,0.27611390521341084,,0.800383127542575,0.7140215482395459
**********01,**********05,6,SS0000000030,템퍼링 3호_템퍼1존(1존),0.6631959764157813,0.05270365485649653,0.1831293040700983,0.6336623505717651,,0.3544081715957069,0.8068193689058144
**********01,**********05,9,SS0000000001,템퍼링 3호_템퍼1존(2존),0.9333201558008716,0.2333410381743677,0.9404898809758496,0.6882809534394723,,0.3968379746871805,0.6995080804499086
**********01,**********05,9,SS0000000014,템퍼링 3호_템퍼1존(3존),0.5166452539494275,0.05032298346548847,0.20763326913677882,0.1693122957153157,,0.16595149893417094,0.6644529009036318
**********01,**********05,3,SS0000000020,템퍼링 4호_템퍼1존(1존),0.10820339164702564,0.2795502411795414,0.1683237359430545,0.9997293377497094,,0.6157920632645384,0.8466740551738007
**********01,**********05,6,SS0000000032,템퍼링 4호_템퍼1존(2존),0.10676510173117792,0.3960338912605841,0.45468683519505737,0.31596210150485027,,0.1526104036234689,0.39134777580013924
**********01,**********05,6,SS0000000044,템퍼링 4호_템퍼1존(3존),0.15770489955489897,0.7580127368838936,0.7921359814806014,0.5054333879653051,,0.38664065042323004,0.230901281613629
**********01,**********05,6,SS0000000001,템퍼링 4호_템퍼1존(4존),0.3163109215687342,0.6983532693667006,0.7080206659195664,0.3718887510567431,,0.3679775094054881,0.7754966896382386
**********01,**********05,6,SS0000000028,템퍼링 4호_템퍼1존(5존),0.004650755840029497,0.37866489285895977,0.5177457563586547,0.8760405052273649,,0.631661277679636,0.5083218753828346
**********01,**********05,6,SS0000000025,템퍼링 4호_템퍼1존(6존),0.5068243389887106,0.06443362031344946,0.9061602983201453,0.289356464555922,,0.43740381900688075,0.32093018615023006
**********01,**********05,3,SS0000000036,템퍼링 1호_템퍼1존(1존),0.6406555050250348,0.0973409109269795,0.38254011548449685,0.9977055498287049,,0.6976583957409267,0.6380048833615908
**********01,**********05,3,SS0000000042,템퍼링 1호_템퍼1존(2존),0.34707884678647305,0.5093732354467293,0.9916795034278372,0.5702248334215411,,0.1755553792036615,0.33516261753063903
**********01,**********05,3,SS0000000002,템퍼링 1호_템퍼1존(3존),0.34849840339612914,0.8330974997504123,0.535529554716084,0.7645371505528318,,0.09125771143161909,0.2522821899390073
**********01,**********05,3,SS0000000008,템퍼링 1호_템퍼1존(4존),0.4079447865967585,0.12177338168606011,0.6010291388409958,0.9547236456618701,,0.05566808474366958,0.05603729558713244
**********01,**********05,6,SS0000000021,템퍼링 2호_템퍼1존(1존),0.9345883383007257,0.43748821449958086,0.681488192092996,0.9473914460683196,,0.40092255203562144,0.5572473022603562
**********01,**********05,9,SS0000000006,템퍼링 2호_템퍼1존(2존),0.39878193899595227,0.6105446735731326,0.11625835730195799,0.9690311341056643,,0.32878365933115117,0.4527413031220384
**********01,**********05,6,SS0000000033,템퍼링 2호_템퍼1존(3존),0.444954091696676,0.7543657675977821,0.388583450672184,0.760875685436397,,0.6875754936160323,0.005751237797922859
**********01,**********05,6,SS0000000048,템퍼링 2호_템퍼1존(4존),0.8894715713997579,0.6710716057016379,0.515683002542342,0.3208946400917734,,0.5081936033848763,0.8894598845019672
**********01,**********05,6,SS0000000043,템퍼링 2호_템퍼1존(5존),0.030959597211852152,0.02197401119727016,0.24371154583454624,0.41531066108520154,,0.9815764936030373,0.605094621615013
**********01,**********05,3,SS0000000009,템퍼링 2호_템퍼1존(6존),0.3665565575157397,0.23065510468322392,0.27438857968939,0.4671175794367255,,0.32375765739572004,0.43614953461852957
**********01,**********05,6,SS0000000026,템퍼링 3호_템퍼1존(1존),0.6004633409709897,0.785703097210277,0.03601223328294245,0.5902432264172368,,0.5612126740271312,0.2811809842010917
**********01,**********05,6,SS0000000006,템퍼링 3호_템퍼1존(2존),0.9390268299773893,0.10514152748823413,0.5068786262656128,0.7329187899631168,,0.7462023400551322,0.7106963550864093
**********01,**********05,9,SS0000000044,템퍼링 3호_템퍼1존(3존),0.3473853505854243,0.9380068493747615,0.9598453940877922,0.7315597223288495,,0.24022602439777874,0.13322126317855654
**********01,**********05,3,SS0000000003,템퍼링 4호_템퍼1존(1존),0.36242888792483074,0.6724658847988969,0.6753402694711772,0.20609282372549576,,0.8804558620331255,0.19863298485898795
**********01,**********05,9,SS0000000038,템퍼링 4호_템퍼1존(2존),0.8331775897859689,0.7391710245256435,0.34140196975044135,0.5454497973041553,,0.950510409100473,0.6489882276527622
**********01,**********05,6,SS0000000003,템퍼링 4호_템퍼1존(3존),0.3073635311833598,0.046438437378333086,0.8475698556445622,0.04751148470338418,,0.7877216911157033,0.6197242948248345
**********01,**********05,6,SS0000000023,템퍼링 4호_템퍼1존(4존),0.22152435666712966,0.057471649705478134,0.8075255165257665,0.7844449209909217,,0.7704053840303757,0.5611763169692479
**********01,**********05,6,SS0000000009,템퍼링 4호_템퍼1존(5존),0.6214306485683082,0.14169579027147317,0.37775166596260645,0.6168839400482369,,0.6768246439120742,0.3193420447873304
**********01,**********05,9,SS0000000028,템퍼링 4호_템퍼1존(6존),0.7851360668490213,0.8230353254130935,0.04363046676745452,0.7176269413971001,,0.16614473406888752,0.17764262000851438
**********01,**********05,9,SS0000000041,템퍼링 1호_템퍼1존(1존),0.042793507245450724,0.9316043687336115,0.3399385169939144,0.4682962529585999,,0.1463993035482748,0.37903071328525484
**********01,**********05,3,SS0000000043,템퍼링 1호_템퍼1존(2존),0.18068461655120827,0.030073685533993477,0.10378205569341015,0.1914981390859457,,0.42210097226651777,0.5854971953499932
**********01,**********05,9,SS0000000041,템퍼링 1호_템퍼1존(3존),0.865393548562017,0.9137284610970288,0.09728825046399159,0.14689738923564954,,0.7780452012113791,0.6196288713670044
**********01,**********05,9,SS0000000031,템퍼링 1호_템퍼1존(4존),0.25274135476816584,0.9326021178111031,0.5049814089189099,0.4367980663785481,,0.5705155191273056,0.06099287276470633
**********01,**********05,9,SS0000000024,템퍼링 2호_템퍼1존(1존),0.7805158613601427,0.9575689906111209,0.8524977682458219,0.22998354461904424,,0.4489020569786287,0.983035847038117
**********01,**********05,9,SS0000000027,템퍼링 2호_템퍼1존(2존),0.7862939115532004,0.3775793712684191,0.7775078103313304,0.7329204377804852,,0.7265200661632749,0.22848646465957334
**********01,**********05,6,SS0000000017,템퍼링 2호_템퍼1존(3존),0.2732802135163199,0.638105966171474,0.4510282501804106,0.1736082226009471,,0.5328110745019482,0.15017044395199897
**********01,**********05,9,SS0000000023,템퍼링 2호_템퍼1존(4존),0.24693174589496403,0.06522558686803481,0.5573435037456212,0.49154950768088856,,0.05876987123056843,0.5746582449758586
**********01,**********05,3,SS0000000047,템퍼링 2호_템퍼1존(5존),0.9092964540043975,0.9980921232910237,0.6451006987923216,0.7245421799871057,,0.9677131936427654,0.14432741298898855
**********01,**********05,3,SS0000000005,템퍼링 2호_템퍼1존(6존),0.5180923709941382,0.5114227858454907,0.3887547161685685,0.4183477584623728,,0.024819460471584565,0.43339767732324863
**********01,**********05,6,SS0000000022,템퍼링 3호_템퍼1존(1존),0.395032049054323,0.8642202360797221,0.35797704422236065,0.4326420990444684,,0.866936532765081,0.31624637153353674
**********01,**********05,9,SS0000000031,템퍼링 3호_템퍼1존(2존),0.4990785133653721,0.03725357920237804,0.7532346128907029,0.3061456372025996,,0.8654476416285014,0.20278322978410057
**********01,**********05,6,SS0000000030,템퍼링 3호_템퍼1존(3존),0.29424859879300536,0.1181718314810839,0.2823536916147056,0.45891323180914856,,0.48072603721040164,0.40507185455051975
**********01,**********05,9,SS0000000025,템퍼링 4호_템퍼1존(1존),0.017808652366983257,0.7427565476401272,0.8236284635656174,0.4021129258105619,,0.5299787396510209,0.5353653695112895
**********01,**********05,3,SS0000000038,템퍼링 4호_템퍼1존(2존),0.3643253554037096,0.9775380636504745,0.9311002939010975,0.25285201616440667,,0.3563429513910322,0.3186233954115778
**********01,**********05,9,SS0000000015,템퍼링 4호_템퍼1존(3존),0.05179434412459083,0.926318435949002,0.6483852800904023,0.1628403728603064,,0.18534678614541344,0.5322699753278803
**********01,**********05,9,SS0000000004,템퍼링 4호_템퍼1존(4존),0.45941105263361737,0.03437160117201221,0.556698991011246,0.9244651525124619,,0.7032742948290384,0.9656514966404385
**********01,**********05,6,SS0000000048,템퍼링 4호_템퍼1존(5존),0.8023456943104779,0.18533989344380575,0.821470429230859,0.020886184629541615,,0.8219012289867779,0.7574550160279072
**********01,**********05,9,SS0000000032,템퍼링 4호_템퍼1존(6존),0.5259000851291527,0.003845108920500384,0.9794947255126971,0.7733100740222635,,0.4229997472553172,0.7472841577468671
**********01,**********05,3,SS0000000039,템퍼링 1호_템퍼1존(1존),0.9292289646395127,0.8242496266262953,0.3681846819374236,0.9812295746554093,,0.9500008069862776,0.022600116397748393
**********01,**********05,3,SS0000000014,템퍼링 1호_템퍼1존(2존),0.4692897724484909,0.009335647288624238,0.42875028025455086,0.4542172990498159,,0.35652091850549483,0.4904931482983439
**********01,**********05,9,SS0000000037,템퍼링 1호_템퍼1존(3존),0.5832067958234446,0.24643243809437165,0.21653775776042672,0.49129405576014173,,0.9879757432243792,0.6428744142734473
**********01,**********05,6,SS0000000050,템퍼링 1호_템퍼1존(4존),0.5903835310045953,0.37556638569817447,0.006925995740609037,0.9237002548182304,,0.021732888054129762,0.27307158519657104
**********01,**********05,3,SS0000000050,템퍼링 2호_템퍼1존(1존),0.5406918366956615,0.9150871871728914,0.6434711107676906,0.4659564031235681,,0.5380122717717913,0.6316380112311126
**********01,**********05,3,SS0000000022,템퍼링 2호_템퍼1존(2존),0.8056057032455977,0.9691491746574978,0.39452201268477327,0.2855328844208985,,0.3306370903166064,0.17433334693427827
**********01,**********05,9,SS0000000034,템퍼링 2호_템퍼1존(3존),0.3101329567731458,0.28114095700086295,0.9660976031813578,0.6092022044566998,,0.023322047953116765,0.14936038190824352
**********01,**********05,9,SS0000000010,템퍼링 2호_템퍼1존(4존),0.5194732494338355,0.05123746139865526,0.5589586003346063,0.3986311999158595,,0.09100576914162395,0.31405213124221876
**********01,**********05,3,SS0000000042,템퍼링 2호_템퍼1존(5존),0.28483827119778937,0.33775340461170644,0.9395251852818082,0.9299691335160498,,0.7910141266906707,0.8055919883792838
**********01,**********05,6,SS0000000019,템퍼링 2호_템퍼1존(6존),0.8552752421859479,0.4633972342435405,0.7914416683903513,0.08459821853003646,,0.8114114361875983,0.7888713819152288
**********01,**********05,9,SS0000000048,템퍼링 3호_템퍼1존(1존),0.6232116795201282,0.4368618762871369,0.030210455810277925,0.5318934804388877,,0.9234345295172852,0.8693907285521896
**********01,**********05,3,SS0000000001,템퍼링 3호_템퍼1존(2존),0.7715267137298388,0.9941176121148161,0.8288947135111007,0.13798617940990632,,0.7347013092665299,0.6605364371921479
**********01,**********05,6,SS0000000041,템퍼링 3호_템퍼1존(3존),0.2164856663257787,0.8964809363633512,0.5520671020960768,0.9148321291951601,,0.3479924043917486,0.2710277580748903
**********01,**********05,6,SS0000000023,템퍼링 4호_템퍼1존(1존),0.5983261586748913,0.7045019581268153,0.5467624743516346,0.2488368871641905,,0.9106101189660499,0.12756301400554948
**********01,**********05,9,SS0000000049,템퍼링 4호_템퍼1존(2존),0.7251527478539275,0.8352336515613056,0.06303282055520087,0.12256132903945771,,0.9668245537214555,0.8970566621519346
**********01,**********05,6,SS0000000031,템퍼링 4호_템퍼1존(3존),0.6006998257603536,0.05937868545632885,0.1712366996324577,0.01756920997140199,,0.706191866489295,0.48511772325980274
**********01,**********05,9,SS0000000009,템퍼링 4호_템퍼1존(4존),0.11721587615694007,0.26754019872645607,0.4203445995872396,0.7878131712026062,,0.4884580663918773,0.18570374403374834
**********01,**********05,6,SS0000000034,템퍼링 4호_템퍼1존(5존),0.1648397005249379,0.24775571679227804,0.5294171797676693,0.2568946383191546,,0.9130154589437397,0.18349256836704064
**********01,**********05,9,SS0000000020,템퍼링 4호_템퍼1존(6존),0.048096597926023166,0.1569850424701007,0.19681860181135158,0.13537642252965454,,0.16141916277108714,0.9433335695007481
**********01,**********05,9,SS0000000028,템퍼링 1호_템퍼1존(1존),0.771337567860253,0.1250546591140237,0.17637892024765633,0.49063712844076235,,0.3682860300688152,0.36989093676243123
**********01,**********05,6,SS0000000018,템퍼링 1호_템퍼1존(2존),0.8496980646166644,0.9029152478852753,0.9758252167851157,0.15207344122035915,,0.5481350804658136,0.1736557923514479
**********01,**********05,6,SS0000000013,템퍼링 1호_템퍼1존(3존),0.7709526621439601,0.6068089107644977,0.3213030695662954,0.2946492310973665,,0.387286811402223,0.5099004012511488
**********01,**********05,6,SS0000000026,템퍼링 1호_템퍼1존(4존),0.4321798597472578,0.42387458777405584,0.9176529363681764,0.49495707631381747,,0.5418909994141562,0.699786003537617
**********01,**********05,9,SS0000000004,템퍼링 2호_템퍼1존(1존),0.2521536080523643,0.43523387186916607,0.4217512022645806,0.7254111930444095,,0.4150976626061992,0.8941866018901097
**********01,**********05,6,SS0000000040,템퍼링 2호_템퍼1존(2존),0.6417084642004763,0.9594810599535446,0.742331586595085,0.3320035380487879,,0.1345435562174262,0.2706866820849432
**********01,**********05,6,SS0000000042,템퍼링 2호_템퍼1존(3존),0.6869874567243166,0.516770293907345,0.7510685703838621,0.9005380307159999,,0.11993605814209252,0.10610051332165238
**********01,**********05,6,SS0000000042,템퍼링 2호_템퍼1존(4존),0.09196609523536536,0.7488344324233246,0.2961450565979141,0.5394313859097752,,0.1908516549992605,0.5127771427568046
**********01,**********05,6,SS0000000026,템퍼링 2호_템퍼1존(5존),0.6953208484527187,0.6446555300004525,0.5446541797342772,0.3025735658079799,,0.6635176686793621,0.3210510070830518
**********01,**********05,9,SS0000000002,템퍼링 2호_템퍼1존(6존),0.34933520581676347,0.996744117150858,0.1999279530101452,0.9447947710123482,,0.47359344730194974,0.2558591277407023
**********01,**********05,3,SS0000000036,템퍼링 3호_템퍼1존(1존),0.03139417785763243,0.5187170673147171,0.7190338123824044,0.7895413844982628,,0.32320338917798064,0.44208033330885566
**********01,**********05,9,SS0000000027,템퍼링 3호_템퍼1존(2존),0.4265495064500957,0.929152050695092,0.6163181453825742,0.12080914907828522,,0.010665180214605274,0.5685758105134665
**********01,**********05,9,SS0000000028,템퍼링 3호_템퍼1존(3존),0.7045843868999567,0.8087886580173395,0.46107975858108474,0.43100544166671173,,0.9057509303375484,0.9506836679492299
**********01,**********05,3,SS0000000037,템퍼링 4호_템퍼1존(1존),0.8590646340162068,0.663234793889039,0.22153658266797116,0.3431195818940197,,0.4307069240215764,0.06317298814144823
**********01,**********05,6,SS0000000009,템퍼링 4호_템퍼1존(2존),0.7139058566170844,0.7154919586277946,0.5216335232052676,0.585592722338404,,0.6711771902422818,0.8137474261834444
**********01,**********05,9,SS0000000007,템퍼링 4호_템퍼1존(3존),0.31277254354473816,0.7374770481925275,0.5843910046832652,0.6984478004514211,,0.4845495688488559,0.7465513655341521
**********01,**********05,9,SS0000000043,템퍼링 4호_템퍼1존(4존),0.6695418438922011,0.5963622437097276,0.18103623392025314,0.5100920789359468,,0.18513379266637287,0.24788009586053816
**********01,**********05,3,SS0000000006,템퍼링 4호_템퍼1존(5존),0.23928883035024595,0.2938948119164728,0.7483267917017514,0.8761054699709837,,0.5532702775516982,0.10868734797699875
**********01,**********05,6,SS0000000025,템퍼링 4호_템퍼1존(6존),0.8300194541704871,0.7391297102501585,0.3059449956810629,0.3039698736287034,,0.781926803947606,0.0931130561631367
**********01,**********05,6,SS0000000024,템퍼링 1호_템퍼1존(1존),0.45299339557045637,0.3090465717043538,0.34597196855955004,0.049074517638950765,,0.7967125245084038,0.7315664502420042
**********01,**********05,6,SS0000000013,템퍼링 1호_템퍼1존(2존),0.5072163970843382,0.6527482681608276,0.7908726376715894,0.037130553240014685,,0.8491255370891956,0.5113438433044071
**********01,**********05,9,SS0000000023,템퍼링 1호_템퍼1존(3존),0.34054874059327034,0.7886228254335229,0.5707661480701847,0.5554149244864085,,0.1948264465306504,0.9890446642966761
**********01,**********05,6,SS0000000042,템퍼링 1호_템퍼1존(4존),0.02576740914556641,0.5272494082241815,0.9900300682878616,0.9350281843263143,,0.7948974579848682,0.3920252243676803
**********01,**********05,3,SS0000000002,템퍼링 2호_템퍼1존(1존),0.8457671379910596,0.91384198372994,0.7562347651084509,0.42315754109183423,,0.9000752195582725,0.5199869065429034
**********01,**********05,6,SS0000000017,템퍼링 2호_템퍼1존(2존),0.5413955282962489,0.5969041303991571,0.8315218483325565,0.0809386240298503,,0.6049827951128912,0.3990885390792924
**********01,**********05,3,SS0000000046,템퍼링 2호_템퍼1존(3존),0.12483942466639686,0.8123638766714004,0.394171059810308,0.07744286051203508,,0.2789928872149162,0.4971696837025247
**********01,**********05,3,SS0000000033,템퍼링 2호_템퍼1존(4존),0.2593666606940719,0.13933434395254363,0.8931840507004011,0.6576290844373742,,0.4746962348337348,0.4700650153597975
**********01,**********05,3,SS0000000029,템퍼링 2호_템퍼1존(5존),0.33851599686878686,0.7306949734082692,0.3887304005312141,0.6457542334870888,,0.6091663766810358,0.26296828020825325
**********01,**********05,6,SS0000000048,템퍼링 2호_템퍼1존(6존),0.5996138687247848,0.7168285023992313,0.7401297777537255,0.9991178424207345,,0.15881375539256715,0.6506709380037822
**********01,**********05,3,SS0000000048,템퍼링 3호_템퍼1존(1존),0.008814149759361012,0.5997742049275925,0.40405804434826476,0.6710769446912926,,0.2741794675774337,0.4271666123179
**********01,**********05,3,SS0000000045,템퍼링 3호_템퍼1존(2존),0.8604752280439443,0.7293849844721436,0.36419292965526695,0.6569229081595066,,0.8258655783547717,0.8223669775828496
**********01,**********05,3,SS0000000018,템퍼링 3호_템퍼1존(3존),0.5600356075781278,0.15351471962790653,0.634877964421969,0.9260845185959856,,0.12217099424896682,0.619893861385116
**********01,**********05,6,SS0000000048,템퍼링 4호_템퍼1존(1존),0.9017228362872389,0.003294993112494149,0.23710038242636178,0.14028769749189418,,0.1216276602214379,0.3710701756112953
**********01,**********05,9,SS0000000013,템퍼링 4호_템퍼1존(2존),0.39833309665434047,0.09189216068850647,0.6030620752573629,0.28471740238255994,,0.06430495780431289,0.5948715009766992
**********01,**********05,3,SS0000000041,템퍼링 4호_템퍼1존(3존),0.2958409497082165,0.21904939775402843,0.4116608589424454,0.32806229090086536,,0.3859832313670135,0.9242918671307156
**********01,**********05,9,SS0000000038,템퍼링 4호_템퍼1존(4존),0.5774540932933218,0.21594755283839862,0.09559000312701638,0.07433265019773505,,0.585852230899566,0.3998017773019825
**********01,**********05,9,SS0000000019,템퍼링 4호_템퍼1존(5존),0.11739263092046637,0.41948368173819406,0.4824139972211021,0.9656920828864153,,0.31456467859907045,0.7938345041847588
**********01,**********05,9,SS0000000042,템퍼링 4호_템퍼1존(6존),0.2086927305651075,0.05409230154685907,0.748377196544944,0.1951357518731618,,0.03943541590353816,0.3085401557411871
**********01,**********05,3,SS0000000032,템퍼링 1호_템퍼1존(1존),0.36902731816885803,0.9734654890413038,0.6110052708261047,0.36412775658640206,,0.9548528588277279,0.3635495398368914
**********01,**********05,9,SS0000000047,템퍼링 1호_템퍼1존(2존),0.6936777768591672,0.0832248522604997,0.11281545655382408,0.011436705867098329,,0.10154880049355575,0.04060848195053379
**********01,**********05,3,SS0000000045,템퍼링 1호_템퍼1존(3존),0.3667145120660843,0.18952754853626286,0.44217699868542737,0.33687601780081133,,0.7359583652103184,0.928236245584608
**********01,**********05,3,SS0000000030,템퍼링 1호_템퍼1존(4존),0.32138138676164874,0.7254419805876309,0.33675662927285277,0.989134423001842,,0.45632202389188947,0.08981178984629268
**********01,**********05,9,SS0000000009,템퍼링 2호_템퍼1존(1존),0.17612522047375923,0.05623309500211293,0.5701217472039554,0.8254870181088638,,0.7692186433901221,0.04176604655660454
**********01,**********05,6,SS0000000018,템퍼링 2호_템퍼1존(2존),0.0011477474226949669,0.7977437321087845,0.028230039083518177,0.7792704593856694,,0.025319982505652483,0.641744272333977
**********01,**********05,9,SS0000000009,템퍼링 2호_템퍼1존(3존),0.5266849313943335,0.20786071775310055,0.5700556963520682,0.6875822706040562,,0.8503997303400185,0.6376457775246905
**********01,**********05,3,SS0000000023,템퍼링 2호_템퍼1존(4존),0.370692977810794,0.6608877914667809,0.17096115178606064,0.8603053811163982,,0.17847906760874577,0.7170640348232986
**********01,**********05,9,SS0000000005,템퍼링 2호_템퍼1존(5존),0.013493119258106923,0.8300543940928294,0.3827783837438806,0.9115822198659884,,0.1153363439229913,0.7823082508614684
**********01,**********05,3,SS0000000016,템퍼링 2호_템퍼1존(6존),0.8341463302519365,0.5029158770061594,0.7615159060470664,0.4113414144338057,,0.6779101476340006,0.7481492908184806
**********01,**********05,6,SS0000000012,템퍼링 3호_템퍼1존(1존),0.9085118085672925,0.19982678087469408,0.28989022666865816,0.8741465147709612,,0.40513289116156215,0.3951634813138897
**********01,**********05,9,SS0000000044,템퍼링 3호_템퍼1존(2존),0.28712740768769873,0.7625272481796597,0.5022485099162547,0.4912315531810495,,0.21480036187109164,0.9614843128896517
**********01,**********05,6,SS0000000011,템퍼링 3호_템퍼1존(3존),0.4990429997805269,0.49634856897504154,0.7598805444517994,0.9125170491540501,,0.957386180386158,0.8605712937086748
**********01,**********05,6,SS0000000046,템퍼링 4호_템퍼1존(1존),0.5829228678303698,0.15798874763902448,0.7306250133955707,0.26954152849340884,,0.5397311143698855,0.8812483659952361
**********01,**********05,3,SS0000000017,템퍼링 4호_템퍼1존(2존),0.5938684832257515,0.07804772754003642,0.37555389385689064,0.4353258385521094,,0.5778305598556327,0.9556751450357462
**********01,**********05,9,SS0000000050,템퍼링 4호_템퍼1존(3존),0.8071913739899967,0.4860663922746541,0.5641135208627505,0.9661799926665757,,0.416030482742349,0.14535794319698825
**********01,**********05,9,SS0000000043,템퍼링 4호_템퍼1존(4존),0.9701037214214964,0.8497979137417598,0.17803184113539505,0.8224066691928498,,0.06531730370359479,0.9729585753657322
**********01,**********05,9,SS0000000043,템퍼링 4호_템퍼1존(5존),0.39572858805257605,0.042889547832897446,0.449476850231315,0.3942011125514493,,0.6603592070970813,0.16547749215204077
**********01,**********05,3,SS0000000049,템퍼링 4호_템퍼1존(6존),0.48272053369592816,0.2526657337726075,0.31236445632298293,0.44859646192273905,,0.8267391615491372,0.7924352545574305
**********01,**********05,3,SS0000000043,템퍼링 1호_템퍼1존(1존),0.9786658684612832,0.6177010810965303,0.8177088361318422,0.1995172121717479,,0.49649331351034565,0.9067601956607564
**********01,**********05,6,SS0000000031,템퍼링 1호_템퍼1존(2존),0.21274898324751135,0.6442991494685114,0.5007039651989909,0.33972308239396654,,0.6239843535578171,0.029334306886310557
**********01,**********05,6,SS0000000034,템퍼링 1호_템퍼1존(3존),0.7686456920169226,0.5686938507352751,0.2916171729479897,0.7955347777816302,,0.7783860507897883,0.6941653462225111
**********01,**********05,9,SS0000000039,템퍼링 1호_템퍼1존(4존),0.28787742165550667,0.7038979362016369,0.15279174697286446,0.6843753086193011,,0.505046430875366,0.12163236034149172
**********01,**********05,9,SS0000000014,템퍼링 2호_템퍼1존(1존),0.08216430200972702,0.45778374682047074,0.5695316490224019,0.30735533106002666,,0.9913089704934097,0.6207664919509536
**********01,**********05,3,SS0000000047,템퍼링 2호_템퍼1존(2존),0.03350933954642399,0.6890368385359547,0.49738935534973905,0.22216838443259834,,0.8864147406146617,0.3285218688422734
**********01,**********05,6,SS0000000038,템퍼링 2호_템퍼1존(3존),0.16307274300694052,0.3051479896578735,0.618967294438826,0.40728505189938013,,0.94323277937934,0.778804556938968
**********01,**********05,9,SS0000000020,템퍼링 2호_템퍼1존(4존),0.1356396769773559,0.7237061179454074,0.647673373390541,0.5109658771584574,,0.6207678137054534,0.6809785619282029
**********01,**********05,6,SS0000000029,템퍼링 2호_템퍼1존(5존),0.8585069570835095,0.2044042972631268,0.2704299724034819,0.49823860897670535,,0.7387551483840695,0.6173976421416754
**********01,**********05,6,SS0000000036,템퍼링 2호_템퍼1존(6존),0.8890599137791969,0.590988130131722,0.9255497972975971,0.12637348232239753,,0.6316277213813337,0.5366712766720338
**********01,**********05,3,SS0000000015,템퍼링 3호_템퍼1존(1존),0.7857912217917341,0.2657279541908043,0.5476461710458923,0.27255812419529213,,0.9490245771961101,0.9063158123640939
**********01,**********05,6,SS0000000008,템퍼링 3호_템퍼1존(2존),0.7305653793046357,0.6845452448337129,0.17253011553466802,0.561613692496537,,0.6056464950018622,0.884455619031192
**********01,**********05,6,SS0000000035,템퍼링 3호_템퍼1존(3존),0.5885753658148696,0.24943082099664426,0.43010143163179126,0.872820356286283,,0.395940307158563,0.7188901336741348
**********01,**********05,9,SS0000000013,템퍼링 4호_템퍼1존(1존),0.38322533253231295,0.15859826619112838,0.4548331370260559,0.037600629604929825,,0.7800370217274288,0.2301777671160009
**********01,**********05,6,SS0000000004,템퍼링 4호_템퍼1존(2존),0.5928410786064746,0.07241046383428029,0.14280131098152427,0.6101678352901662,,0.053033088606929235,0.4773190500894765
**********01,**********05,9,SS0000000049,템퍼링 4호_템퍼1존(3존),0.3965047107860036,0.9970166479648597,0.32436458076578034,0.18343918579801854,,0.7979068945137933,0.17857804652446374
**********01,**********05,6,SS0000000014,템퍼링 4호_템퍼1존(4존),0.6462718492964507,0.2948078727165143,0.03910740859088113,0.5400858821608963,,0.9369443339292767,0.3667371540070713
**********01,**********05,6,SS0000000039,템퍼링 4호_템퍼1존(5존),0.12579329169549192,0.8469474221091711,0.9344291372501186,0.8679127242843983,,0.11779865353913277,0.48322052151541817
**********01,**********05,6,SS0000000014,템퍼링 4호_템퍼1존(6존),0.2470049724601785,0.1400738027528291,0.7786950010511866,0.09182391142358248,,0.45315455681696226,0.1761183865337571
**********01,**********05,6,SS0000000021,템퍼링 1호_템퍼1존(1존),0.8373732193608099,0.9150296360240773,0.08095458130091338,0.0600938911793778,,0.20993477109347536,0.0915882974504143
**********01,**********05,3,SS0000000046,템퍼링 1호_템퍼1존(2존),0.7563838520992624,0.12467268140198695,0.6506576539805778,0.04866533998268929,,0.2853562391884852,0.9732260033269376
**********01,**********05,6,SS0000000050,템퍼링 1호_템퍼1존(3존),0.42863646874486694,0.08784074852972812,0.12051888713210435,0.04764257566642727,,0.4879030643289404,0.35743134415362876
**********01,**********05,3,SS0000000028,템퍼링 1호_템퍼1존(4존),0.7175450867107239,0.1756317513051816,0.672885363140949,0.013250940777136289,,0.7297362510138786,0.5323315852219638
**********01,**********05,3,SS0000000044,템퍼링 2호_템퍼1존(1존),0.6016304448163755,0.40589284376965407,0.7587665782568596,0.42918529503623015,,0.3993722246184276,0.6791399925091806
**********01,**********05,9,SS0000000004,템퍼링 2호_템퍼1존(2존),0.6522640901725303,0.6931692177221936,0.0001333808561744254,0.7700348969951293,,0.2138830730427389,0.23871658815655927
**********01,**********05,9,SS0000000017,템퍼링 2호_템퍼1존(3존),0.05398653087614036,0.3968213843760471,0.9054120311821536,0.6692266260967715,,0.42457418313772854,0.643757308422873
**********01,**********05,6,SS0000000039,템퍼링 2호_템퍼1존(4존),0.16265924466570325,0.8423419284231044,0.07619038498953468,0.11995242556933838,,0.07274304077652172,0.7109833343236118
**********01,**********05,3,SS0000000003,템퍼링 2호_템퍼1존(5존),0.39372054451741245,0.3820907453431883,0.24588810060900568,0.28570470533839365,,0.7183556042670679,0.6346857637949216
**********01,**********05,3,SS0000000037,템퍼링 2호_템퍼1존(6존),0.24639937357321662,0.26124380993819263,0.14440514460183618,0.5568369207888076,,0.9024790758104905,0.7714175071585014
**********01,**********05,9,SS0000000047,템퍼링 3호_템퍼1존(1존),0.0048759283196602166,0.8482929256862025,0.43450003860670594,0.2755099772156301,,0.36260297048443346,0.9506264910288065
**********01,**********05,3,SS0000000023,템퍼링 3호_템퍼1존(2존),0.9560720844639284,0.651718076610961,0.6857013668414692,0.06186354510739045,,0.3768739639675951,0.3794772967501904
**********01,**********05,3,SS0000000015,템퍼링 3호_템퍼1존(3존),0.7723245612217611,0.2456622000224301,0.21426619562314242,0.007199915518921629,,0.9452465981219788,0.21226550403962263
**********01,**********05,6,SS0000000047,템퍼링 4호_템퍼1존(1존),0.43404015659275896,0.6376599457733424,0.9932492233562915,0.6624240498632235,,0.6637782927641922,0.2868265021825821
**********01,**********05,6,SS0000000007,템퍼링 4호_템퍼1존(2존),0.5573956257920494,0.21847340424331196,0.8486034947066684,0.03218072978264874,,0.49517851018691394,0.5323570563497949
**********01,**********05,9,SS0000000025,템퍼링 4호_템퍼1존(3존),0.994483589385937,0.4134006313367883,0.6954673499620175,0.19245200165957732,,0.7309057837850026,0.17348271089640777
**********01,**********05,3,SS0000000003,템퍼링 4호_템퍼1존(4존),0.8458215980878038,0.3424519581173828,0.07641197917724685,0.30470266363720244,,0.4093221685944817,0.42020552280738355
**********01,**********05,3,SS0000000046,템퍼링 4호_템퍼1존(5존),0.24213575842563073,0.40009871413881937,0.5629403846564923,0.6556463582799309,,0.6668752668389404,0.9707391865782867
**********01,**********05,9,SS0000000038,템퍼링 4호_템퍼1존(6존),0.29049347357102695,0.6284289417101234,0.9363066841521998,0.36422537727272153,,0.7477560240332686,0.6806287430217952
**********01,**********05,9,SS0000000008,템퍼링 1호_템퍼1존(1존),0.8668228375300314,0.7562931704397342,0.3846024334293541,0.861330222380783,,0.5526772572744706,0.231897139492672
**********01,**********05,3,SS0000000027,템퍼링 1호_템퍼1존(2존),0.16080889638513596,0.9028397801764712,0.7169525042586327,0.779592993390786,,0.5610076466205096,0.2865153541237442
**********01,**********05,9,SS0000000046,템퍼링 1호_템퍼1존(3존),0.06240349858582561,0.011115515326999392,0.7781519317506829,0.9238984778095187,,0.670307151924238,0.6041650425501309
**********01,**********05,3,SS0000000029,템퍼링 1호_템퍼1존(4존),0.7790116332166065,0.36410555289706403,0.218836488183363,0.23959468857026933,,0.8005215343530192,0.8539883092603544
**********01,**********05,6,SS0000000040,템퍼링 2호_템퍼1존(1존),0.18216697358389722,0.7912057024303737,0.40574454401778537,0.07025378573233176,,0.3906919708922759,0.5170519526152242
**********01,**********05,3,SS0000000048,템퍼링 2호_템퍼1존(2존),0.3064991790652192,0.3593523889538849,0.9906247685479577,0.17259595943475603,,0.49888037383674755,0.32108915794692616
**********01,**********05,9,SS0000000012,템퍼링 2호_템퍼1존(3존),0.5993823412092332,0.6170972323254605,0.04732645744311581,0.44184907316282696,,0.2925834469369163,0.3497074641732003
**********01,**********05,6,SS0000000005,템퍼링 2호_템퍼1존(4존),0.6302811986095341,0.08354048921565937,0.5753622360408467,0.19039857882069178,,0.5145703835285874,0.4763902448873447
**********01,**********05,6,SS0000000015,템퍼링 2호_템퍼1존(5존),0.44847663939617566,0.7687307901124398,0.40035159139695775,0.386426623616525,,0.025335509812522083,0.41433085490298494
**********01,**********05,6,SS0000000043,템퍼링 2호_템퍼1존(6존),0.6372649102319743,0.6230502133237026,0.7759924164437201,0.7485639786667975,,0.11683439673898222,0.7034272833349544
**********01,**********05,6,SS0000000033,템퍼링 3호_템퍼1존(1존),0.9695008218412151,0.5044050867619833,0.06812993777899656,0.5751733718927268,,0.028787821273830172,0.3195255767692122
**********01,**********05,6,SS0000000032,템퍼링 3호_템퍼1존(2존),0.36429041563888864,0.10074789333601497,0.9287508074465765,0.2362428118196236,,0.29766027825894537,0.26924476511376305
**********01,**********05,9,SS0000000030,템퍼링 3호_템퍼1존(3존),0.21463517386654007,0.8934522735755849,0.13928675641666066,0.0349286629621508,,0.7373943041054993,0.47094208867429155
**********01,**********05,3,SS0000000023,템퍼링 4호_템퍼1존(1존),0.2547714226801524,0.750607363128182,0.17051108873239385,0.9152532853444451,,0.44141123316299335,0.3060160451862862
**********01,**********05,9,SS0000000004,템퍼링 4호_템퍼1존(2존),0.6918387075095607,0.8513463831262277,0.8073077900851982,0.5989954707393333,,0.951957514611474,0.21336308134398851
**********01,**********05,3,SS0000000011,템퍼링 4호_템퍼1존(3존),0.7212938960579017,0.3453210785936589,0.7715820430307833,0.526894013653264,,0.5739184199674541,0.05862571099076741
**********01,**********05,6,SS0000000002,템퍼링 4호_템퍼1존(4존),0.5357882906771113,0.15554682645313234,0.006679431818652493,0.6135446627049372,,0.47153395403407583,0.4024035046344755
**********01,**********05,9,SS0000000010,템퍼링 4호_템퍼1존(5존),0.7552129353890263,0.3464909011722678,0.7468354056195514,0.80565599016421,,0.06289463031765796,0.34158376812347935
**********01,**********05,9,SS0000000038,템퍼링 4호_템퍼1존(6존),0.7848060275573802,0.7520632585870308,0.5292508048057749,0.46335818366637493,,0.5912604688722365,0.5262512524873204
**********01,**********05,3,SS0000000049,템퍼링 1호_템퍼1존(1존),0.9355427454551315,0.7153470477547491,0.7889244544731334,0.5083540391101302,,0.9880089879294124,0.9461666840364868
**********01,**********05,9,SS0000000046,템퍼링 1호_템퍼1존(2존),0.32142339440499845,0.686554578558119,0.28481195411839877,0.8844666446141847,,0.7262240524052048,0.7596104206447117
**********01,**********05,9,SS0000000013,템퍼링 1호_템퍼1존(3존),0.38462711579617936,0.06681516950872302,0.24157994401355087,0.6749249013698827,,0.6758859600634837,0.6475985727812995
**********01,**********05,6,SS0000000044,템퍼링 1호_템퍼1존(4존),0.4187144167305955,0.9198928177570654,0.6707678465171647,0.5986662440010607,,0.06021127816894267,0.6657943849930524
**********01,**********05,9,SS0000000008,템퍼링 2호_템퍼1존(1존),0.007394471647236833,0.4079071200458769,0.49301432493231356,0.7406430392565387,,0.7636419327644091,0.7853269197122117
**********01,**********05,6,SS0000000016,템퍼링 2호_템퍼1존(2존),0.3577899388542448,0.23875540225562786,0.5761304542117207,0.0957962018325429,,0.07119347589024105,0.09309083991165523
**********01,**********05,9,SS0000000045,템퍼링 2호_템퍼1존(3존),0.19522220470940044,0.9384406164443103,0.9547318903138643,0.23906732857543522,,0.5726655613314918,0.561524854067242
**********01,**********05,6,SS0000000003,템퍼링 2호_템퍼1존(4존),0.24108208528181663,0.061087901565918035,0.0989771374612094,0.04987605441834342,,0.6945924395741652,0.4398609282580994
**********01,**********05,3,SS0000000031,템퍼링 2호_템퍼1존(5존),0.4993269587551302,0.46628152331681527,0.36231077535778766,0.19397384600589085,,0.7745131293424823,0.5816081921281608
**********01,**********05,9,SS0000000043,템퍼링 2호_템퍼1존(6존),0.8061635048853457,0.6270657916611535,0.6055446309092739,0.9414765970793301,,0.9317414806041813,0.3290483971910726
**********01,**********05,9,SS0000000033,템퍼링 3호_템퍼1존(1존),0.2111169634072425,0.9851286951037199,0.5291409464667274,0.3846496224712209,,0.9465065780122608,0.06626082452408844
**********01,**********05,3,SS0000000010,템퍼링 3호_템퍼1존(2존),0.06323645020359392,0.06880594510969484,0.5807290532170578,0.24094235285679788,,0.22944686096836142,0.937029819983797
**********01,**********05,9,SS0000000025,템퍼링 3호_템퍼1존(3존),0.25289923845153417,0.8754372257817399,0.3003453903844331,0.31203510196094797,,0.17707230072813718,0.5477807588521053
**********01,**********05,6,SS0000000008,템퍼링 4호_템퍼1존(1존),0.1413862081895244,0.99277014756424,0.2446204527469349,0.4027959515055878,,0.415523912541648,0.5146187621209171
**********01,**********05,6,SS0000000015,템퍼링 4호_템퍼1존(2존),0.505328380749499,0.3017159329397773,0.9071738593847606,0.19626552999664404,,0.22751523779367855,0.8921456845059412
**********01,**********05,3,SS0000000040,템퍼링 4호_템퍼1존(3존),0.7391657944572874,0.718700418147449,0.9718616899320303,0.1747947880832037,,0.27116802503184445,0.3317678605619995
**********01,**********05,3,SS0000000021,템퍼링 4호_템퍼1존(4존),0.8040536090479995,0.22983603541445807,0.18100700167361972,0.4688835429182079,,0.30581656413085667,0.9072523671768364
**********01,**********05,9,SS0000000003,템퍼링 4호_템퍼1존(5존),0.5379001170258911,0.11998126648443097,0.3999134780305368,0.09441568315048232,,0.08724859071417079,0.9757766266460698
**********01,**********05,6,SS0000000028,템퍼링 4호_템퍼1존(6존),0.9090013326416732,0.11233233537727993,0.05550497968892154,0.6028255076664234,,0.6250527121406109,0.04891520852997577
**********01,**********05,6,SS0000000019,템퍼링 1호_템퍼1존(1존),0.6280257842480718,0.6781967053363908,0.08393874240796773,0.3088291260014572,,0.5447752364549306,0.839257879369904
**********01,**********05,9,SS0000000020,템퍼링 1호_템퍼1존(2존),0.4509901128308035,0.9266888469520355,0.7135875524047249,0.3934289122674094,,0.5701772369396607,0.8764400171243047
**********01,**********05,9,SS0000000022,템퍼링 1호_템퍼1존(3존),0.30053333567019,0.28940505480820855,0.07965451116857769,0.3746280500167203,,0.3734401577148714,0.32022834685435575
**********01,**********05,9,SS0000000047,템퍼링 1호_템퍼1존(4존),0.8393095934206977,0.530806421460058,0.2767456583562745,0.025365377142539725,,0.17234658066906294,0.43555360111484076
**********01,**********05,9,SS0000000035,템퍼링 2호_템퍼1존(1존),0.15528877062224877,0.040390070980356296,0.579894309055566,0.6164842693681518,,0.7365688764219481,0.32243624821336836
**********01,**********05,9,SS0000000049,템퍼링 2호_템퍼1존(2존),0.3215932440718664,0.8791298122816267,0.2427282741818707,0.1581785392777495,,0.660036880826737,0.7284455001299123
**********01,**********05,6,SS0000000030,템퍼링 2호_템퍼1존(3존),0.16228377958814633,0.38065885016696277,0.4694163186026805,0.9678285328938081,,0.2622832509625951,0.3413436545693139
**********01,**********05,9,SS0000000013,템퍼링 2호_템퍼1존(4존),0.09816272625190547,0.025078078170397422,0.8427037173494488,0.0849315898855163,,0.06905097622067857,0.49342484561116196
**********01,**********05,3,SS0000000043,템퍼링 2호_템퍼1존(5존),0.38157477948148844,0.5399411947408075,0.5826878576460155,0.32974297995619906,,0.6368442136787036,0.047216036014958274
**********01,**********05,6,SS0000000002,템퍼링 2호_템퍼1존(6존),0.7994418720553037,0.9483905975562078,0.9708873923722665,0.776544211939693,,0.267324261304421,0.008283584362540175
**********01,**********05,6,SS0000000032,템퍼링 3호_템퍼1존(1존),0.8197282271258538,0.21939977056108928,0.03656865131107212,0.6430393388535561,,0.6568357825614606,0.6633748981355775
**********01,**********05,3,SS0000000034,템퍼링 3호_템퍼1존(2존),0.6303563011710289,0.7140264320200546,0.813837697663193,0.4798022413430746,,0.8644575217390571,0.24777306865650417
**********01,**********05,3,SS0000000001,템퍼링 3호_템퍼1존(3존),0.4668111959266543,0.8806434655477509,0.58268751829927,0.35298742927956983,,0.346505568288367,0.7852165110387122
**********01,**********05,6,SS0000000042,템퍼링 4호_템퍼1존(1존),0.2997481900861182,0.41367720079131753,0.3617914783311891,0.6743436200785214,,0.954035902633222,0.5616292341219952
**********01,**********05,9,SS0000000010,템퍼링 4호_템퍼1존(2존),0.6929436694686197,0.15334915823512085,0.2811420127940839,0.13829445955019481,,0.720742640472839,0.6464506128053871
**********01,**********05,6,SS0000000025,템퍼링 4호_템퍼1존(3존),0.0149856155854029,0.719415707824585,0.22520336609456415,0.5078016054462701,,0.014081501660441642,0.793692886324674
**********01,**********05,9,SS0000000043,템퍼링 4호_템퍼1존(4존),0.691681533341864,0.15737639304946893,0.359628049504499,0.8782685771391903,,0.5994443753208518,0.18679120448530506
**********01,**********05,9,SS0000000045,템퍼링 4호_템퍼1존(5존),0.18032070660596822,0.07615526712940301,0.8535729620095086,0.7411014850497563,,0.21792614704348012,0.43391158204905333
**********01,**********05,3,SS0000000047,템퍼링 4호_템퍼1존(6존),0.7193187468405741,0.23271141486376623,0.7987876343346307,0.6227146027016893,,0.0524719314579688,0.7922143862772681
**********01,**********05,6,SS0000000001,템퍼링 1호_템퍼1존(1존),0.5264098393086305,0.5134999993593585,0.05457672837431882,0.2768779433293096,,0.20043493443278604,0.2755906020108809
**********01,**********05,6,SS0000000019,템퍼링 1호_템퍼1존(2존),0.7289387354816573,0.0031713950611824693,0.033301712455723664,0.32915045918176267,,0.5188134911162467,0.18718188031275929
**********01,**********05,3,SS0000000048,템퍼링 1호_템퍼1존(3존),0.9943173603497744,0.9885616745082006,0.19533481537144048,0.06383301174519762,,0.4886458723305065,0.30811078198968
**********01,**********05,3,SS0000000048,템퍼링 1호_템퍼1존(4존),0.9839808618469577,0.1772122016905161,0.5758424073093235,0.9856217568322212,,0.03779999725635064,0.17305827284188524
**********01,**********05,3,SS0000000025,템퍼링 2호_템퍼1존(1존),0.4757623811041859,0.18936852448139208,0.26840166252996145,0.1353501545468888,,0.32155664179105703,0.38935382216247494
**********01,**********05,6,SS0000000036,템퍼링 2호_템퍼1존(2존),0.731984772179018,0.7071736197789824,0.6122838369232956,0.9003805270290962,,0.29642413194289674,0.43083045071857684
**********01,**********05,9,SS0000000040,템퍼링 2호_템퍼1존(3존),0.7412072608756113,0.1044233270122632,0.11584450042120908,0.22575916376222105,,0.5268658191094113,0.7017185085531458
**********01,**********05,9,SS0000000008,템퍼링 2호_템퍼1존(4존),0.2552079107665537,0.6917788176927496,0.27031376446760047,0.3147735333129009,,0.07309672506499343,0.2915269318660517
**********01,**********05,9,SS0000000010,템퍼링 2호_템퍼1존(5존),0.359684853204289,0.2655482597525607,0.7907719328767971,0.9033093527366688,,0.0069301445129186234,0.25140777094425004
**********01,**********05,6,SS0000000040,템퍼링 2호_템퍼1존(6존),0.32319607073654044,0.7807157483305585,0.01676234961757539,0.5493903743155896,,0.461270818602849,0.8079032423784691
**********01,**********05,9,SS0000000050,템퍼링 3호_템퍼1존(1존),0.32692081999369305,0.3761342348372436,0.49816570569794816,0.0520456775319873,,0.9711969647396635,0.31845842084048304
**********01,**********05,3,SS0000000044,템퍼링 3호_템퍼1존(2존),0.3713656521706348,0.9617126269933756,0.28315521916248976,0.1107606501403432,,0.9391582381464767,0.09254019151595605
**********01,**********05,3,SS0000000008,템퍼링 3호_템퍼1존(3존),0.2031443304721826,0.19981660256297895,0.1314711037078472,0.6721909837462551,,0.9726529317485636,0.4224968474849723
**********01,**********05,9,SS0000000047,템퍼링 4호_템퍼1존(1존),0.21790463088021284,0.10538738267927072,0.6037968532203979,0.4113792864129777,,0.2813782980988716,0.6660381549387077
**********01,**********05,9,SS0000000019,템퍼링 4호_템퍼1존(2존),0.6195397137313289,0.7871970358443536,0.17720551729695477,0.35954697296215454,,0.5820834089318024,0.629305854880004
**********01,**********05,6,SS0000000021,템퍼링 4호_템퍼1존(3존),0.7512048848368316,0.5319426308299393,0.499176854135434,0.13030342463081368,,0.962831114431114,0.13284410973358451
**********01,**********05,9,SS0000000040,템퍼링 4호_템퍼1존(4존),0.9185440556612212,0.7150743457807376,0.6255727511887804,0.31877585448354484,,0.2277751664182298,0.39446960960261235
**********01,**********05,9,SS0000000028,템퍼링 4호_템퍼1존(5존),0.8927810895809255,0.9827373380597375,0.24418980897475306,0.07169483684059297,,0.32643247418645416,0.9443583968480809
**********01,**********05,9,SS0000000028,템퍼링 4호_템퍼1존(6존),0.7570447615426985,0.6556079933768618,0.8684911357045193,0.4337457329416955,,0.48159499235563497,0.5786961533444351
**********01,**********05,6,SS0000000029,템퍼링 1호_템퍼1존(1존),0.6333753132732121,0.14190440616164557,0.49756073779925913,0.7245652255650313,,0.3770482844528874,0.1790807711674438
**********01,**********05,6,SS0000000037,템퍼링 1호_템퍼1존(2존),0.4470732264692605,0.7342805645654796,0.9066291549132388,0.09369526204807432,,0.7322420433818065,0.8136316103197525
**********01,**********05,3,SS0000000011,템퍼링 1호_템퍼1존(3존),0.23536595018730933,0.8979454944136196,0.3314403990540705,0.37748030767634444,,0.5892268248810046,0.585269852408579
**********01,**********05,9,SS0000000008,템퍼링 1호_템퍼1존(4존),0.44277722099938643,0.744504126120164,0.9662916855198258,0.9751247537362637,,0.8865055573072521,0.4055995634636663
**********01,**********05,6,SS0000000049,템퍼링 2호_템퍼1존(1존),0.6437732345046918,0.8904768452622949,0.4340048614768095,0.030723473969668347,,0.33536016866999474,0.9191770057067599
**********01,**********05,3,SS0000000008,템퍼링 2호_템퍼1존(2존),0.8980516298677793,0.6084416841459747,0.46175435782183427,0.8564508178262166,,0.3274066805478595,0.22941733280721566
**********01,**********05,3,SS0000000022,템퍼링 2호_템퍼1존(3존),0.03237105578458066,0.09470990747173635,0.09268266780928724,0.18401370459213773,,0.8419633172328025,0.5596866287366948
**********01,**********05,9,SS0000000034,템퍼링 2호_템퍼1존(4존),0.531741115030625,0.7868809606648348,0.47618103191493766,0.30484278757499117,,0.8838808119750035,0.5265414492918046
**********01,**********05,9,SS0000000008,템퍼링 2호_템퍼1존(5존),0.6646650464379393,0.7778560895156441,0.8134439258790521,0.792376955214606,,0.4327299011173721,0.5931610941765052
**********01,**********05,6,SS0000000030,템퍼링 2호_템퍼1존(6존),0.7036975818864443,0.5883972209391668,0.9746716100404698,0.8703887794564739,,0.20184270968033846,0.6329578318364635
**********01,**********05,6,SS0000000021,템퍼링 3호_템퍼1존(1존),0.1622575758154291,0.22531706080314595,0.3043671491928157,0.6907270512476997,,0.18581010425685296,0.4771257985737375
**********01,**********05,6,SS0000000015,템퍼링 3호_템퍼1존(2존),0.9382367958365017,0.8807692787086898,0.09336912090961025,0.19791366881506756,,0.362238531848456,0.8755578569933382
**********01,**********05,3,SS0000000010,템퍼링 3호_템퍼1존(3존),0.7947245582559993,0.29007547446237847,0.01889149293312664,0.6897730194637475,,0.7069652501134772,0.3439311821104881
**********01,**********05,3,SS0000000033,템퍼링 4호_템퍼1존(1존),0.43122902320582357,0.9384736362376246,0.6981612634549845,0.392272304851344,,0.6493824476850452,0.19182718027131318
**********01,**********05,6,SS0000000001,템퍼링 4호_템퍼1존(2존),0.30665720861983337,0.4618642209753805,0.6935826482887536,0.5035649177877489,,0.4265566948098046,0.034701297149243415
**********01,**********05,9,SS0000000014,템퍼링 4호_템퍼1존(3존),0.010108161011503358,0.8393371086539523,0.7867240523149515,0.7037308588316913,,0.9185059754051216,0.4081965898184807
**********01,**********05,9,SS0000000016,템퍼링 4호_템퍼1존(4존),0.273603499362702,0.8005282521316014,0.2191758736588052,0.4488610177820337,,0.2967676087897576,0.6882227080664473
**********01,**********05,3,SS0000000034,템퍼링 4호_템퍼1존(5존),0.6122579543376269,0.210240631701901,0.1884581109081871,0.8173088984284361,,0.9964344683357378,0.920512800172572
**********01,**********05,6,SS0000000038,템퍼링 4호_템퍼1존(6존),0.8192419873923932,0.7668062523379854,0.5969232347136679,0.09794218478355365,,0.3000232660448243,0.32686892006320734
**********01,**********05,9,SS0000000032,템퍼링 1호_템퍼1존(1존),0.4068128063666663,0.49610463599396093,0.5233516424963146,0.2871392175746388,,0.7937615969364274,0.014543849985558688
**********01,**********05,9,SS0000000038,템퍼링 1호_템퍼1존(2존),0.028649715151353394,0.2873917482968942,0.46759029124382856,0.7967840956975804,,0.11982273208692418,0.16992118626344277
**********01,**********05,9,SS0000000049,템퍼링 1호_템퍼1존(3존),0.06740482722983254,0.32007835882811086,0.23678721361402466,0.9505974993116192,,0.980556582545133,0.7044171378967218
**********01,**********05,9,SS0000000050,템퍼링 1호_템퍼1존(4존),0.3522766372670181,0.20834431407408704,0.23478711857578616,0.22411789539009974,,0.3944875872892867,0.5193637836834396
**********01,**********05,9,SS0000000006,템퍼링 2호_템퍼1존(1존),0.9862201427142301,0.8320476432012708,0.6136153169967896,0.44525811576188246,,0.1630536338380949,0.9416943193202078
**********01,**********05,6,SS0000000049,템퍼링 2호_템퍼1존(2존),0.268378295027211,0.9542640057667958,0.005926888181089662,0.8594268250680986,,0.10708895048094613,0.4625291547346708
**********01,**********05,6,SS0000000024,템퍼링 2호_템퍼1존(3존),0.9481997779122374,0.4364949789130922,0.6881309628055254,0.6654841736260071,,0.652120729082912,0.9559593259058924
**********01,**********05,6,SS0000000004,템퍼링 2호_템퍼1존(4존),0.04383508433363115,0.3171531493861617,0.043264945516935605,0.09269056702166312,,0.896278885646327,0.5599929190226046
**********01,**********05,9,SS0000000050,템퍼링 2호_템퍼1존(5존),0.6791306379013906,0.8232043990291998,0.9128442937623079,0.0946414362914747,,0.34853786886379823,0.4505079574031283
**********01,**********05,3,SS0000000008,템퍼링 2호_템퍼1존(6존),0.3156764083192882,0.29012588801502237,0.915872333167844,0.4750700659960433,,0.6789080920581356,0.48410208570457547
**********01,**********05,3,SS0000000037,템퍼링 3호_템퍼1존(1존),0.054301620004142515,0.9598216616633848,0.6419327940644276,0.5852073388872048,,0.46267257154013675,0.13746264152454246
**********01,**********05,9,SS0000000008,템퍼링 3호_템퍼1존(2존),0.34934278025307297,0.09534492751265711,0.2116628594804949,0.0006941084491408622,,0.8819774368975444,0.18181162490591452
**********01,**********05,9,SS0000000042,템퍼링 3호_템퍼1존(3존),0.35059887962957137,0.28500493437056595,0.26226804665265546,0.900665869269601,,0.40839724126939914,0.399456494825298
**********01,**********05,9,SS0000000032,템퍼링 4호_템퍼1존(1존),0.8170363485288107,0.9064730461686796,0.9062675769369194,0.9267302458954775,,0.5384084608471417,0.19159704002013278
**********01,**********05,9,SS0000000004,템퍼링 4호_템퍼1존(2존),0.24149366016306373,0.40459282625410453,0.6196213878596196,0.8399482696980339,,0.49466411056295456,0.9390670834093213
**********01,**********05,3,SS0000000003,템퍼링 4호_템퍼1존(3존),0.9336863905974154,0.5651669370598698,0.024662349837735742,0.5283654149772359,,0.48623368095391717,0.9768667726422349
**********01,**********05,9,SS0000000016,템퍼링 4호_템퍼1존(4존),0.7840916936031785,0.3552596126554288,0.7241405782177529,0.4509471586005338,,0.19003936592177617,0.06460146471454087
**********01,**********05,3,SS0000000003,템퍼링 4호_템퍼1존(5존),0.7217771642889427,0.5234876550964667,0.7320031751569961,0.013173576766138173,,0.033743155587417584,0.5536245277738917
**********01,**********05,6,SS0000000025,템퍼링 4호_템퍼1존(6존),0.7833871745014558,0.49706021170851844,0.3821179758475377,0.5835185453568263,,0.12836931493566262,0.4599172880772814
**********01,**********05,9,SS0000000045,템퍼링 1호_템퍼1존(1존),0.5851342254065302,0.5277179611214208,0.4083738824316443,0.9999606455351405,,0.12615861465800204,0.590735414504956
**********01,**********05,6,SS0000000023,템퍼링 1호_템퍼1존(2존),0.43933418545852987,0.2968851732706249,0.09504931920584347,0.02811039189896314,,0.3574220726773836,0.6229602094469328
**********01,**********05,9,SS0000000047,템퍼링 1호_템퍼1존(3존),0.6913680713858726,0.7060463880959899,0.8318358531941678,0.8596229203364808,,0.5143400784669264,0.7222498491415493
**********01,**********05,6,SS0000000050,템퍼링 1호_템퍼1존(4존),0.8251364158667157,0.7046615536171528,0.09997554216710347,0.48643521316745153,,0.06323582749835954,0.9452078427430218
**********01,**********05,9,SS0000000008,템퍼링 2호_템퍼1존(1존),0.5019034118493368,0.47275461194136403,0.9624085177355213,0.0788030668780979,,0.8095178369501386,0.6759406951639206
**********01,**********05,9,SS0000000039,템퍼링 2호_템퍼1존(2존),0.7080793359325359,0.03289259025962088,0.2808750916148549,0.9725322369702651,,0.5516334635886889,0.6951087911767572
**********01,**********05,3,SS0000000041,템퍼링 2호_템퍼1존(3존),0.31350147103293036,0.6453012497012447,0.2764477429340698,0.8025157485434284,,0.30660653740727917,0.5612355530450805
**********01,**********05,3,SS0000000014,템퍼링 2호_템퍼1존(4존),0.6741466415434657,0.5395152647025958,0.9729703243732646,0.9606904087214518,,0.5976177496940334,0.5483541248188811
**********01,**********05,3,SS0000000016,템퍼링 2호_템퍼1존(5존),0.4722881225485489,0.10853616290878565,0.9688886277756484,0.98728023524587,,0.2830771607868292,0.17699251926180526
**********01,**********05,3,SS0000000023,템퍼링 2호_템퍼1존(6존),0.12226051238938807,0.6994077713618924,0.4419931042552403,0.3419067331530773,,0.9511003047151035,0.9534622460193505
**********01,**********05,9,SS0000000037,템퍼링 3호_템퍼1존(1존),0.9757990486670857,0.1744419972289013,0.20972068902118746,0.8373970334596936,,0.3029096665539922,0.9651280898209832
**********01,**********05,6,SS0000000001,템퍼링 3호_템퍼1존(2존),0.796847002355424,0.9826778404902314,0.6425802087055161,0.541001976824793,,0.2181271129958554,0.3451431757878122
**********01,**********05,6,SS0000000004,템퍼링 3호_템퍼1존(3존),0.3120878904445258,0.6583481477862916,0.9966845197859101,0.8478077076846262,,0.05097702726512987,0.8585021116991647
**********01,**********05,6,SS0000000024,템퍼링 4호_템퍼1존(1존),0.9871810705061788,0.198985097765217,0.08142129969211198,0.5421275350762509,,0.5263535211558446,0.4322637500323603
**********01,**********05,6,SS0000000047,템퍼링 4호_템퍼1존(2존),0.8837686935975185,0.7221006361563878,0.07072375314278001,0.6934556323760301,,0.1219833893460952,0.19249284672883826
**********01,**********05,6,SS0000000027,템퍼링 4호_템퍼1존(3존),0.36671914027808117,0.39906535660502085,0.22104837061411475,0.08400750994619044,,0.8880144058451835,0.32141204807133306
**********01,**********05,6,SS0000000023,템퍼링 4호_템퍼1존(4존),0.8508220841845772,0.23699935468486466,0.43680447434984926,0.5920789450391442,,0.38140828954189043,0.8644364947512432
**********01,**********05,6,SS0000000007,템퍼링 4호_템퍼1존(5존),0.6368845122058466,0.5357798586576652,0.42059071162173345,0.6116121536069387,,0.2700173525260908,0.7347050476076252
**********01,**********05,9,SS0000000035,템퍼링 4호_템퍼1존(6존),0.8719273452928581,0.4193756829783668,0.9558278550360045,0.4059818815679628,,0.060726946219476496,0.15264338518982146
**********01,**********05,3,SS0000000030,템퍼링 1호_템퍼1존(1존),0.9828722328524588,0.2823591820629576,0.6220838231705342,0.10444168754556649,,0.4450309274414155,0.9387071498342171
**********01,**********05,9,SS0000000022,템퍼링 1호_템퍼1존(2존),0.9549976663622736,0.9156484914289671,0.6131548965285566,0.3051723324610329,,0.9584015750173253,0.4121816447629556
**********01,**********05,9,SS0000000043,템퍼링 1호_템퍼1존(3존),0.027954330938789962,0.6982657613915353,0.42334140804386555,0.33325167322513016,,0.3713566497944779,0.744486279083525
**********01,**********05,6,SS0000000001,템퍼링 1호_템퍼1존(4존),0.3828555886994539,0.8433564361144255,0.05049977487736257,0.41082137130011387,,0.417677941617825,0.9987930642638544
**********01,**********05,3,SS0000000021,템퍼링 2호_템퍼1존(1존),0.945168055539592,0.5786835274506208,0.6050701774978946,0.5000116937092326,,0.7627449952074752,0.1510987572433935
**********01,**********05,6,SS0000000007,템퍼링 2호_템퍼1존(2존),0.5878950861976863,0.03891884664908496,0.32481666296917966,0.03840025706568506,,0.5209601389523989,0.8265822398306669
**********01,**********05,6,SS0000000042,템퍼링 2호_템퍼1존(3존),0.6264447517721148,0.1698724901512646,0.5567022678730403,0.40928379005626947,,0.6889698304139655,0.8155013241189895
**********01,**********05,6,SS0000000043,템퍼링 2호_템퍼1존(4존),0.883195559282236,0.1763291115348451,0.22381124110921946,0.7354963137340836,,0.34038614979286563,0.08731706060672606
**********01,**********05,6,SS0000000021,템퍼링 2호_템퍼1존(5존),0.023223600318736493,0.1483419740416353,0.14071632087421426,0.9142178410090718,,0.9950711183007376,0.7503579019774496
**********01,**********05,9,SS0000000006,템퍼링 2호_템퍼1존(6존),0.8943704949199114,0.6493432908235788,0.19472750211212364,0.38222428567525,,0.23383475443006618,0.9442012305551089
**********01,**********05,6,SS0000000033,템퍼링 3호_템퍼1존(1존),0.4632966839111097,0.9569910433147143,0.4698980871013908,0.09062648168889387,,0.30516558771475044,0.2535057468458741
**********01,**********05,9,SS0000000035,템퍼링 3호_템퍼1존(2존),0.6986058915998221,0.20028023896357217,0.21001506577874474,0.4011190895541522,,0.693264720315583,0.9325666532196969
**********01,**********05,3,SS0000000047,템퍼링 3호_템퍼1존(3존),0.4944035122341932,0.06009861531032645,0.8852087840028728,0.4331128049288824,,0.34423330598680446,0.789682724373988
**********01,**********05,3,SS0000000007,템퍼링 4호_템퍼1존(1존),0.1996724782431578,0.28052240129065875,0.12958218997847104,0.7072569954831318,,0.3805735647354327,0.8746387507426322
**********01,**********05,3,SS0000000048,템퍼링 4호_템퍼1존(2존),0.21606599150414674,0.9332370103203108,0.7421604697689569,0.6537249468437868,,0.29902697866205663,0.7338984811918134
**********01,**********05,9,SS0000000033,템퍼링 4호_템퍼1존(3존),0.5536502988949724,0.7680133387691723,0.24032815193071566,0.3732843822174854,,0.8641438976906857,0.05127100297269971
**********01,**********05,9,SS0000000010,템퍼링 4호_템퍼1존(4존),0.4902520613249328,0.9523186803885468,0.2613552568273305,0.9100686939576678,,0.07005102207997949,0.1259057692703548
**********01,**********05,9,SS0000000033,템퍼링 4호_템퍼1존(5존),0.6146844901428634,0.35479802739072996,0.21778276788578443,0.403354817949355,,0.9535961999382915,0.6744470043747577
**********01,**********05,9,SS0000000050,템퍼링 4호_템퍼1존(6존),0.663277330680381,0.737764835626435,0.8123714809316706,0.950157134545062,,0.20302120183333427,0.1311274949959289
**********01,**********05,9,SS0000000034,템퍼링 1호_템퍼1존(1존),0.31065019064398847,0.14682418944957454,0.9033584024005941,0.22071049842560708,,0.9496855573831816,0.21074548552443095
**********01,**********05,9,SS0000000019,템퍼링 1호_템퍼1존(2존),0.5831779999335021,0.7836910205991027,0.8522566597236684,0.38298938289287066,,0.7825528064038574,0.6358970252080607
**********01,**********05,9,SS0000000046,템퍼링 1호_템퍼1존(3존),0.4700064217009241,0.4263937057874715,0.5220327406744409,0.24559454912612744,,0.3082520337363097,0.011226586909663161
**********01,**********05,6,SS0000000025,템퍼링 1호_템퍼1존(4존),0.44699974708346346,0.09930523660292234,0.5234967351690057,0.6211890998134281,,0.483149508211949,0.3750316850472383
**********01,**********05,3,SS0000000031,템퍼링 2호_템퍼1존(1존),0.8383760673349797,0.8340775943364588,0.41561511909955307,0.71719391503575,,0.19653300742799695,0.16036252789634375
**********01,**********05,9,SS0000000043,템퍼링 2호_템퍼1존(2존),0.4282917018087826,0.7434921788292842,0.7320346024435889,0.3410361853377347,,0.5911898849393319,0.0747829680107559
**********01,**********05,9,SS0000000025,템퍼링 2호_템퍼1존(3존),0.9566156025908839,0.21978031510170404,0.6888897118110114,0.4271714970056829,,0.5143200152336573,0.6752636664730544
**********01,**********05,6,SS0000000037,템퍼링 2호_템퍼1존(4존),0.4831997336827799,0.42257093925599076,0.1772966031396015,0.9011937568529975,,0.7722939555366654,0.2531363928297662
**********01,**********05,3,SS0000000020,템퍼링 2호_템퍼1존(5존),0.21661275781438794,0.6676378345996509,0.6783929595475859,0.3162122164996274,,0.861223207315736,0.40355674129370667
**********01,**********05,6,SS0000000016,템퍼링 2호_템퍼1존(6존),0.36859080707554714,0.4519037092469509,0.4846641691533181,0.4024567374453123,,0.9170875650743031,0.9697469944351054
**********01,**********05,3,SS0000000021,템퍼링 3호_템퍼1존(1존),0.8955890839413824,0.18562486712890902,0.9035995114873655,0.18327056216682447,,0.9711778881834549,0.294045356204342
**********01,**********05,9,SS0000000019,템퍼링 3호_템퍼1존(2존),0.9219341219918786,0.7501457242344488,0.47235344469738794,0.08653283021826019,,0.6123059112975106,0.7406003483858962
**********01,**********05,3,SS0000000050,템퍼링 3호_템퍼1존(3존),0.34308555903718474,0.4195845688134663,0.1147703800691311,0.44315979468095634,,0.29069559459012395,0.2668842309487698
**********01,**********05,9,SS0000000003,템퍼링 4호_템퍼1존(1존),0.9828569719496985,0.4270520136982351,0.42294518441587114,0.06531881968822928,,0.4232736341054455,0.4101237134112702
**********01,**********05,9,SS0000000038,템퍼링 4호_템퍼1존(2존),0.30732732473604907,0.7277561987353425,0.9605542192809938,0.9298041254571696,,0.8050941977190986,0.7057254706355529
**********01,**********05,6,SS0000000037,템퍼링 4호_템퍼1존(3존),0.15298646607356137,0.8045981456634747,0.519767691839105,0.5509729390975799,,0.8460311420599113,0.6838105906220647
**********01,**********05,9,SS0000000015,템퍼링 4호_템퍼1존(4존),0.9511402444218159,0.025725164560239322,0.2346011197986695,0.2087690140936942,,0.83832478965902,0.4691170827507375
**********01,**********05,6,SS0000000029,템퍼링 4호_템퍼1존(5존),0.024066444360293482,0.6852629117515963,0.5472155263069948,0.6621907970101866,,0.9286274549756598,0.45525403025907707
**********01,**********05,6,SS0000000040,템퍼링 4호_템퍼1존(6존),0.7350149204111044,0.2229123499574437,0.880409636760397,0.6019138773158764,,0.41201772170244033,0.135520259955341
**********01,**********05,6,SS0000000029,템퍼링 1호_템퍼1존(1존),0.5426899635282386,0.4543744203856881,0.45691012030578915,0.22164782841691166,,0.4034765824415225,0.59864002775353
**********01,**********05,6,SS0000000032,템퍼링 1호_템퍼1존(2존),0.8331546641389814,0.4591193159292374,0.6180098063883351,0.34678612080420734,,0.8765602559609643,0.14331803827339584
**********01,**********05,3,SS0000000030,템퍼링 1호_템퍼1존(3존),0.7432505443790933,0.786304169306152,0.11626711743312146,0.7102140897562319,,0.9400407889640656,0.8710256699540204
**********01,**********05,6,SS0000000036,템퍼링 1호_템퍼1존(4존),0.4656669268659044,0.9030907336176307,0.7104238591043326,0.9475914829825891,,0.955751591506661,0.12046860051186803
**********01,**********05,6,SS0000000009,템퍼링 2호_템퍼1존(1존),0.4441793178725322,0.765341103702897,0.06877736736602924,0.8000549181876437,,0.8055237962331646,0.7826534462127179
**********01,**********05,3,SS0000000002,템퍼링 2호_템퍼1존(2존),0.49233676086399436,0.8215973906263668,0.45190927119772495,0.8853815743273477,,0.2008780048403611,0.6574037340241085
**********01,**********05,9,SS0000000032,템퍼링 2호_템퍼1존(3존),0.9062425487729899,0.43740624848758014,0.7733254378692224,0.7388992210875875,,0.431067651290293,0.8658817171533792
**********01,**********05,9,SS0000000022,템퍼링 2호_템퍼1존(4존),0.32647568806169647,0.3433638109672733,0.9430011499081337,0.7815887959398261,,0.6490028992459537,0.8933156242930269
**********01,**********05,6,SS0000000037,템퍼링 2호_템퍼1존(5존),0.0005236549723272033,0.7056713936152944,0.5547787474491832,0.9433076641345394,,0.6919926948304869,0.5776897863798336
**********01,**********05,3,SS0000000011,템퍼링 2호_템퍼1존(6존),0.9931737038782344,0.1321391679674403,0.9541555625079677,0.5357229072995814,,0.2745346384980537,0.5993947651036199
**********01,**********05,3,SS0000000029,템퍼링 3호_템퍼1존(1존),0.9541839573412907,0.9912946258085251,0.015780616078918785,0.48077011904085465,,0.014376408623859138,0.9947795183729833
**********01,**********05,6,SS0000000025,템퍼링 3호_템퍼1존(2존),0.738046500196141,0.40302824053670694,0.5627823769664242,0.9245624732830837,,0.14093791903515618,0.5032393662750679
**********01,**********05,6,SS0000000036,템퍼링 3호_템퍼1존(3존),0.5199972630777404,0.9937073093337171,0.26416726407630653,0.5937460763376763,,0.2846342721648508,0.6977635111444656
**********01,**********05,6,SS0000000044,템퍼링 4호_템퍼1존(1존),0.47212634296844114,0.37961949923996774,0.3540978985495554,0.4598757995264052,,0.42978193157321176,0.9473073868065001
**********01,**********05,3,SS0000000023,템퍼링 4호_템퍼1존(2존),0.8164045438380508,0.6818527623529644,0.9805978406474639,0.15333612625038606,,0.3336014550449615,0.901967488244739
**********01,**********05,3,SS0000000044,템퍼링 4호_템퍼1존(3존),0.8118616720584512,0.26634455552624503,0.4484864273974132,0.10650328600976777,,0.03846025626476912,0.4863659706581388
**********01,**********05,6,SS0000000031,템퍼링 4호_템퍼1존(4존),0.05568554910416723,0.96639341490191,0.6176172698933472,0.9762085718938135,,0.6209296600429297,0.4100504291591138
**********01,**********05,9,SS0000000040,템퍼링 4호_템퍼1존(5존),0.16889320008818542,0.933905857584309,0.661834807199089,0.047685791880698325,,0.13552972721687762,0.5830122268145221
**********01,**********05,9,SS0000000003,템퍼링 4호_템퍼1존(6존),0.42218312086360976,0.4518658446262769,0.5817936704337104,0.39238906310655797,,0.2788349515957219,0.9153980350859968
**********01,**********05,6,SS0000000002,템퍼링 1호_템퍼1존(1존),0.28994754801412237,0.19189372062258947,0.3441224789505436,0.4809832140477591,,0.03836196449083873,0.728308475072248
**********01,**********05,6,SS0000000010,템퍼링 1호_템퍼1존(2존),0.03854220486081661,0.24067115195468558,0.29701504795531164,0.40538496077779795,,0.7475244622135881,0.9495364499805087
**********01,**********05,3,SS0000000011,템퍼링 1호_템퍼1존(3존),0.8548725999495084,0.3906360931993226,0.9585943610902395,0.4171085358906379,,0.3522811691924259,0.8902508085722831
**********01,**********05,6,SS0000000008,템퍼링 1호_템퍼1존(4존),0.8833102933501266,0.3276757772861001,0.6658516805273966,0.4008018557381874,,0.262956464334717,0.6001513846175457
**********01,**********05,3,SS0000000028,템퍼링 2호_템퍼1존(1존),0.5450726356024772,0.6543446434468836,0.3042258321187459,0.8434846429931705,,0.8268984632849518,0.0683786682989429
**********01,**********05,6,SS0000000012,템퍼링 2호_템퍼1존(2존),0.1543706212273357,0.835873671613971,0.47566432454012597,0.1546691202338264,,0.7389230031404931,0.5370460651374058
**********01,**********05,6,SS0000000008,템퍼링 2호_템퍼1존(3존),0.19998302986438854,0.005451800860284961,0.5743748196991478,0.4907174563582928,,0.11416674597933596,0.24010729099257833
**********01,**********05,6,SS0000000008,템퍼링 2호_템퍼1존(4존),0.8149063065109835,0.9172481215171439,0.39317469715454356,0.9389242369929465,,0.020576732388885355,0.6097753991437581
**********01,**********05,3,SS0000000022,템퍼링 2호_템퍼1존(5존),0.5888234846886078,0.45394995515003156,0.07703396472276292,0.3134371170942859,,0.6205550295328345,0.7518552533788306
**********01,**********05,9,SS0000000039,템퍼링 2호_템퍼1존(6존),0.3008321051564673,0.5365716095133704,0.22646458127836333,0.3321438054431096,,0.32558632776248997,0.17687604809637136
**********01,**********05,3,SS0000000043,템퍼링 3호_템퍼1존(1존),0.1470390425468464,0.3678591362953674,0.019481109262021623,0.9589979287905447,,0.040854370046943034,0.30968785954701294
**********01,**********05,3,SS0000000023,템퍼링 3호_템퍼1존(2존),0.31857327055854434,0.058458294077112005,0.3651296555815404,0.8488931091233662,,0.8438070048070527,0.7115524608782726
**********01,**********05,9,SS0000000048,템퍼링 3호_템퍼1존(3존),0.41100290359335845,0.2375261987477344,0.7171262742367078,0.839621227648307,,0.02922338870605523,0.7242208338346308
**********01,**********05,9,SS0000000046,템퍼링 4호_템퍼1존(1존),0.9202737762617409,0.8368139161075235,0.20765467022250417,0.8059447681098781,,0.9818604072128394,0.5720810178690381
**********01,**********05,6,SS0000000042,템퍼링 4호_템퍼1존(2존),0.4708702109737437,0.765537432607883,0.30277184410479474,0.41830286291540664,,0.4154486264007756,0.6586262918907072
**********01,**********05,9,SS0000000002,템퍼링 4호_템퍼1존(3존),0.09881187383100998,0.09847880517133545,0.9446524930971023,0.5784714236925279,,0.15639466310384897,0.82522351158754
**********01,**********05,3,SS0000000030,템퍼링 4호_템퍼1존(4존),0.9270796625472562,0.8049078424195889,0.8973367008720999,0.8524943999233022,,0.8285516492338367,0.9487549417928614
**********01,**********05,3,SS0000000001,템퍼링 4호_템퍼1존(5존),0.7143943867671053,0.7280612712411937,0.35754678501340864,0.10896229911587108,,0.3898158625632212,0.5221915310919005
**********01,**********05,6,SS0000000012,템퍼링 4호_템퍼1존(6존),0.172929352228002,0.4233315178535947,0.6631350166446928,0.3927532713725198,,0.0633952939548823,0.5462891886527593
**********01,**********05,9,SS0000000024,템퍼링 1호_템퍼1존(1존),0.7259444551897324,0.2125920111049856,0.7431476696681251,0.771913656602042,,0.2505331824000232,0.061616311594810624
**********01,**********05,6,SS0000000006,템퍼링 1호_템퍼1존(2존),0.7926695428954834,0.9835407698511555,0.39424508434141237,0.6732963754256241,,0.3193728835631965,0.7255356073442409
**********01,**********05,6,SS0000000002,템퍼링 1호_템퍼1존(3존),0.4633462902906902,0.2305408206205205,0.9083455869231494,0.9811852347368927,,0.16829268735648895,0.6407957793285051
**********01,**********05,6,SS0000000016,템퍼링 1호_템퍼1존(4존),0.5776591541336861,0.9732626982709907,0.7220409157341142,0.6735030608978502,,0.9159418698675471,0.018065605398354112
**********01,**********05,9,SS0000000009,템퍼링 2호_템퍼1존(1존),0.37969395314041254,0.5943860224720782,0.12130671268843429,0.1901624267184463,,0.10995166288897218,0.713653302564983
**********01,**********05,9,SS0000000027,템퍼링 2호_템퍼1존(2존),0.4001183943371498,0.0826199954549457,0.02971368000397967,0.592008084204851,,0.08046476749360432,0.29495561179421004
**********01,**********05,9,SS0000000017,템퍼링 2호_템퍼1존(3존),0.017955648557974935,0.6314315441953972,0.18786477747569952,0.03427557153585392,,0.31068556192446595,0.8529759354664139
**********01,**********05,9,SS0000000016,템퍼링 2호_템퍼1존(4존),0.5014431593355108,0.5009272956842824,0.9387841194398815,0.8376208012811761,,0.7628342623664508,0.010776701535955113
**********01,**********05,3,SS0000000037,템퍼링 2호_템퍼1존(5존),0.17762177353422237,0.30422896112360187,0.13742664873163835,0.1280827503915487,,0.19333457038208546,0.35881493833309785
**********01,**********05,3,SS0000000049,템퍼링 2호_템퍼1존(6존),0.9439100208298825,0.8910531228801224,0.8288579716011921,0.7705539913421035,,0.8579807560497,0.42351654478754086
**********01,**********05,6,SS0000000002,템퍼링 3호_템퍼1존(1존),0.6072882657772716,0.5742376182876723,0.9943454219490304,0.7286494599777666,,0.2708978368686391,0.98614981745454
**********01,**********05,6,SS0000000026,템퍼링 3호_템퍼1존(2존),0.8914156852367696,0.35689888069434916,0.16432892365593832,0.8193752119217185,,0.1640503566273136,0.8054269827232063
**********01,**********05,3,SS0000000023,템퍼링 3호_템퍼1존(3존),0.16464174842210577,0.6563576337014517,0.8577359805925233,0.6569003088085474,,0.5941874049215513,0.7760359572894363
**********01,**********05,6,SS0000000014,템퍼링 4호_템퍼1존(1존),0.7902253273991336,0.3262152137951647,0.8636779321966469,0.20950301050409226,,0.47207064512451336,0.7567789795978321
**********01,**********05,3,SS0000000033,템퍼링 4호_템퍼1존(2존),0.624634777017866,0.01106098189456095,0.7977069829106468,0.31899067278694504,,0.31586337202535897,0.5908532783480862
**********01,**********05,6,SS0000000019,템퍼링 4호_템퍼1존(3존),0.5030150647677792,0.38477351293143036,0.6252708545402857,0.8210080214121619,,0.7316906383356215,0.9157653947998348
**********01,**********05,6,SS0000000022,템퍼링 4호_템퍼1존(4존),0.07592741868959252,0.11499464831582273,0.8153140209315375,0.9929193357108779,,0.5242132334084533,0.8464163481488219
**********01,**********05,9,SS0000000016,템퍼링 4호_템퍼1존(5존),0.9900607942851101,0.9337787869446862,0.884946589617697,0.10457218228253617,,0.2933009958564403,0.3232639713074482
**********01,**********05,9,SS0000000048,템퍼링 4호_템퍼1존(6존),0.09234570364598371,0.5051157154392031,0.06651953757496132,0.6228602788031308,,0.34226674148560876,0.058174720659119106
**********01,**********05,3,SS0000000036,템퍼링 1호_템퍼1존(1존),0.5260640695933111,0.3697406051695964,0.05638157954381262,0.662858610587964,,0.3870559358943946,0.3429095224048804
**********01,**********05,3,SS0000000050,템퍼링 1호_템퍼1존(2존),0.7781285575011045,0.44463471426163703,0.8639665594429728,0.20613912949457835,,0.9212071253476364,0.15194036115719167
**********01,**********05,3,SS0000000034,템퍼링 1호_템퍼1존(3존),0.6853492032094018,0.2693161982797875,0.7276913195299116,0.10341361999531284,,0.4960239127687066,0.9238788922655412
**********01,**********05,3,SS0000000045,템퍼링 1호_템퍼1존(4존),0.481492513775885,0.3564214344054507,0.5644613978462867,0.7511732130314827,,0.5013158913762488,0.46034000795592456
**********01,**********05,3,SS0000000004,템퍼링 2호_템퍼1존(1존),0.13443473905455372,0.08165582409142225,0.9094765717489793,0.003518566176228144,,0.7266572861200203,0.6879038229335949
**********01,**********05,6,SS0000000042,템퍼링 2호_템퍼1존(2존),0.385152740398089,0.2525791339004524,0.33308696588391284,0.03578760792068825,,0.007106691606249993,0.7219105576824688
**********01,**********05,3,SS0000000013,템퍼링 2호_템퍼1존(3존),0.6284661946085912,0.4803132536365139,0.5982322682073058,0.2374175473287321,,0.5412070138680538,0.35222045006047464
**********01,**********05,3,SS0000000005,템퍼링 2호_템퍼1존(4존),0.3125814093365492,0.6147999407269121,0.5852118417430099,0.8235812291431563,,0.813010503000946,0.3238908237297261
**********01,**********05,9,SS0000000019,템퍼링 2호_템퍼1존(5존),0.09824104638581899,0.31739280845675344,0.17853407659803533,0.8730421968041394,,0.3323003421870111,0.6968904888841175
**********01,**********05,9,SS0000000035,템퍼링 2호_템퍼1존(6존),0.8839606104926706,0.6780411171403811,0.8770573332455176,0.5033372680087004,,0.1320120663976222,0.9312171281808811
**********01,**********05,3,SS0000000031,템퍼링 3호_템퍼1존(1존),0.37242429463801285,0.3571228378928798,0.2540920753988032,0.7417452970479085,,0.4618330686533184,0.9212501767696298
**********01,**********05,6,SS0000000003,템퍼링 3호_템퍼1존(2존),0.4012548737735787,0.34644520821415603,0.22633595319844013,0.4102397923923906,,0.4305485097933457,0.44305128509501557
**********01,**********05,9,SS0000000030,템퍼링 3호_템퍼1존(3존),0.6661866021159837,0.25144865012200834,0.8566594616802907,0.4199144120781484,,0.2512725357315887,0.3883015949651111
**********01,**********05,9,SS0000000010,템퍼링 4호_템퍼1존(1존),0.43975206827796676,0.3289336225360462,0.6284003209138007,0.7423497054733033,,0.5346824298100992,0.43621527549974237
**********01,**********05,3,SS0000000015,템퍼링 4호_템퍼1존(2존),0.7130371979538254,0.02473809654628578,0.90728071573277,0.6629338471558458,,0.9078033823623928,0.0037139481191447166
**********01,**********05,6,SS0000000018,템퍼링 4호_템퍼1존(3존),0.4563815033984734,0.9026823535040751,0.9578952154472852,0.42371546422872486,,0.08570974026532996,0.8840939510628656
**********01,**********05,3,SS0000000009,템퍼링 4호_템퍼1존(4존),0.07357100592130283,0.6072765023873281,0.6778102754584661,0.04614775179786601,,0.17956795774098144,0.013661811337578489
**********01,**********05,3,SS0000000009,템퍼링 4호_템퍼1존(5존),0.6248857477745557,0.5911303312474239,0.19058600797872471,0.9463796939100086,,0.7139976863641089,0.588905076925388
**********01,**********05,9,SS0000000027,템퍼링 4호_템퍼1존(6존),0.4140037061452817,0.09045363431799847,0.8531237063348565,0.1456027509054253,,0.35055246205498936,0.38073320757107476
**********01,**********05,3,SS0000000037,템퍼링 1호_템퍼1존(1존),0.1510263754464185,0.4841473858549281,0.3249129932254021,0.25103652703630663,,0.7666995335114647,0.709572888574911
**********01,**********05,3,SS0000000029,템퍼링 1호_템퍼1존(2존),0.9939156579641146,0.3619710905977154,0.9589064084172906,0.2622582209872387,,0.36919010486797643,0.9322368950734649
**********01,**********05,9,SS0000000015,템퍼링 1호_템퍼1존(3존),0.3668750640192362,0.14968640744665473,0.0587935013647205,0.2957507057952612,,0.49134391041578984,0.6522386128325428
**********01,**********05,6,SS0000000040,템퍼링 1호_템퍼1존(4존),0.10080622744603074,0.6709106041836996,0.08476751578103625,0.7839336065274862,,0.28954144990982744,0.1834252663539485
**********01,**********05,9,SS0000000039,템퍼링 2호_템퍼1존(1존),0.1379322911651143,0.31411461879334335,0.6019557042982677,0.3483831118602845,,0.3158422789881117,0.027666377630251482
**********01,**********05,9,SS0000000010,템퍼링 2호_템퍼1존(2존),0.36025456277565493,0.8326978007165923,0.19806526220747278,0.12326778521813164,,0.6368082299461919,0.3255657325561575
**********01,**********05,9,SS0000000022,템퍼링 2호_템퍼1존(3존),0.05458369758554471,0.8255401818469936,0.7727397765177529,0.8330377365059033,,0.7180417038414582,0.728511635283849
**********01,**********05,3,SS0000000036,템퍼링 2호_템퍼1존(4존),0.7891772242126942,0.8919450065745561,0.2588133726937807,0.18653421507382073,,0.3236104349669199,0.17531065350960917
**********01,**********05,9,SS0000000001,템퍼링 2호_템퍼1존(5존),0.944998558105201,0.10047733973597284,0.8833547757021372,0.7663060165952257,,0.9347645045935882,0.41225669923628483
**********01,**********05,3,SS0000000044,템퍼링 2호_템퍼1존(6존),0.07532052615753115,0.09903103869490781,0.544216463263219,0.9058254602800178,,0.9523073252103627,0.17168788216206632
**********01,**********05,9,SS0000000041,템퍼링 3호_템퍼1존(1존),0.2733422472061634,0.6114690930057618,0.04436009956082321,0.36537981258613517,,0.7750919826226386,0.8804569316670685
**********01,**********05,9,SS0000000025,템퍼링 3호_템퍼1존(2존),0.2635718978462296,0.1436619535137016,0.5117427039685337,0.013431518415129351,,0.675091933493453,0.1443903884790937
**********01,**********05,6,SS0000000034,템퍼링 3호_템퍼1존(3존),0.24572183048163698,0.7612300442630711,0.3590356965734002,0.04098861742752613,,0.22810380189087187,0.5848178347800326
**********01,**********05,3,SS0000000024,템퍼링 4호_템퍼1존(1존),0.34730840324409806,0.2676567048704972,0.8838008905591019,0.2320660889416396,,0.043728694289513204,0.4592790474269536
**********01,**********05,3,SS0000000008,템퍼링 4호_템퍼1존(2존),0.5140162361508923,0.5242717818615512,0.21523477171220295,0.38085536643903184,,0.0383580127161991,0.555644603863954
**********01,**********05,6,SS0000000020,템퍼링 4호_템퍼1존(3존),0.7138061741106911,0.08451493524774634,0.981042193298719,0.3003810134731921,,0.6989621059818356,0.10992353578181979
**********01,**********05,6,SS0000000046,템퍼링 4호_템퍼1존(4존),0.35646172523049247,0.12620332625636277,0.9210939537328335,0.6829670268342868,,0.557670900819212,0.32620903738622176
**********01,**********05,3,SS0000000021,템퍼링 4호_템퍼1존(5존),0.6020099197587827,0.14192280079746988,0.37141529507257065,0.8748395287333153,,0.9999492384422415,0.6348877491698118
**********01,**********05,6,SS0000000013,템퍼링 4호_템퍼1존(6존),0.7836626329030966,0.06436274882482185,0.6876257840918303,0.2717071405593038,,0.873155256065807,0.5086320412927468
**********01,**********05,9,SS0000000004,템퍼링 1호_템퍼1존(1존),0.6015148826845822,0.4963639282094602,0.658298500865127,0.8997911507070714,,0.13465124592718902,0.47181880289217837
**********01,**********05,9,SS0000000004,템퍼링 1호_템퍼1존(2존),0.6232756553206882,0.15645062823085987,0.9693007175125649,0.6068182504593238,,0.16585440399079432,0.35839246827949267
**********01,**********05,6,SS0000000048,템퍼링 1호_템퍼1존(3존),0.12003515651025376,0.8758480165618693,0.3096212698236652,0.24494466662799164,,0.6870844399040932,0.8465996445418029
**********01,**********05,9,SS0000000009,템퍼링 1호_템퍼1존(4존),0.5326828418903203,0.8566143329212215,0.384920904229043,0.9620088695622431,,0.664485102960551,0.5903466594464841
**********01,**********05,3,SS0000000034,템퍼링 2호_템퍼1존(1존),0.4927792142688695,0.6014201164525306,0.8278510933019106,0.2447566394163232,,0.34923373410074754,0.17988723459006328
**********01,**********05,3,SS0000000013,템퍼링 2호_템퍼1존(2존),0.35887288875585244,0.8458197222409638,0.6138095045175087,0.37184012721282844,,0.9442824204972726,0.13087787551739694
**********01,**********05,9,SS0000000030,템퍼링 2호_템퍼1존(3존),0.30158750498745435,0.6684887337066147,0.7203495124503542,0.15177916426324356,,0.31972510790802844,0.6674378966171279
**********01,**********05,6,SS0000000037,템퍼링 2호_템퍼1존(4존),0.724507275065694,0.6942665466272538,0.23115994794333283,0.6998974726962822,,0.8021206583195715,0.8636505205050944
**********01,**********05,3,SS0000000036,템퍼링 2호_템퍼1존(5존),0.7392633707751509,0.9673204143985102,0.13113877306223598,0.5062653106979415,,0.6551733311413569,0.0014758030508877917
**********01,**********05,6,SS0000000029,템퍼링 2호_템퍼1존(6존),0.1951826381320435,0.12266120121954494,0.004339402610047061,0.8173660462791491,,0.433112330976136,0.34519394754084975
**********01,**********05,9,SS0000000027,템퍼링 3호_템퍼1존(1존),0.5110390807296287,0.3149441143422437,0.9525256383829954,0.9837001149324776,,0.4391756426729323,0.3956914404596382
**********01,**********05,9,SS0000000021,템퍼링 3호_템퍼1존(2존),0.24290126462090478,0.4048656304902407,0.2665305792185646,0.47309471799416747,,0.596493691854242,0.9522261668776562
**********01,**********05,9,SS0000000038,템퍼링 3호_템퍼1존(3존),0.5642586278825037,0.7463289716360162,0.9238273610399815,0.6079556039785007,,0.7783773076843579,0.8748496245431642
**********01,**********05,9,SS0000000040,템퍼링 4호_템퍼1존(1존),0.3427814182744169,0.3725134969721079,0.731855914639397,0.20484571667363893,,0.08204070106432004,0.5707095433362748
**********01,**********05,3,SS0000000040,템퍼링 4호_템퍼1존(2존),0.2558928112697244,0.18931270750773777,0.10467552392519386,0.6977289272418317,,0.39814846086816835,0.4630262495730981
**********01,**********05,6,SS0000000015,템퍼링 4호_템퍼1존(3존),0.33577142222378886,0.17461800734000366,0.3472041532916845,0.7634248210623006,,0.28337487405259587,0.1353888103004368
**********01,**********05,3,SS0000000036,템퍼링 4호_템퍼1존(4존),0.35739152378103156,0.9738217989460807,0.8192362517133039,0.7046152522156593,,0.7142123783757204,0.7629708371840768
**********01,**********05,9,SS0000000011,템퍼링 4호_템퍼1존(5존),0.9571060377321435,0.2301360019065607,0.4835899740384443,0.7360920200384786,,0.9659250490558198,0.5748151093952909
**********01,**********05,6,SS0000000029,템퍼링 4호_템퍼1존(6존),0.584503965300283,0.2636034186409444,0.03596648075214193,0.06867554894723982,,0.8876867751810109,0.7162229277466808
**********01,**********05,9,SS0000000036,템퍼링 1호_템퍼1존(1존),0.5194479044321395,0.25682866362657175,0.4765115737623524,0.21563527515509828,,0.35945440963394615,0.9699855226480969
**********01,**********05,6,SS0000000022,템퍼링 1호_템퍼1존(2존),0.20990500256699895,0.14241314196330312,0.6476618273398019,0.43535812267918295,,0.5917613495159492,0.43996926287551263
**********01,**********05,6,SS0000000011,템퍼링 1호_템퍼1존(3존),0.9568181919452708,0.5298438584736609,0.11545694120820771,0.8615941019902419,,0.6799544149514821,0.0419321055929216
**********01,**********05,9,SS0000000024,템퍼링 1호_템퍼1존(4존),0.8600906905416594,0.9622110274611373,0.15547472878745106,0.050235466002369056,,3.0327008106234565e-05,0.6837834485895902
**********01,**********05,6,SS0000000005,템퍼링 2호_템퍼1존(1존),0.5297429207553858,0.8573043253686058,0.4805537693758911,0.13630497485562743,,0.2050407034232289,0.9033724822955691
**********01,**********05,9,SS0000000029,템퍼링 2호_템퍼1존(2존),0.19098428985109261,0.4445472299407036,0.5140767079555943,0.6836909181804636,,0.7809810532577243,0.9051176960208065
**********01,**********05,3,SS0000000046,템퍼링 2호_템퍼1존(3존),0.5687846071587335,0.03845790944453664,0.2676618135767177,0.39244046936141286,,0.6297709683969082,0.1344868231060945
**********01,**********05,3,SS0000000024,템퍼링 2호_템퍼1존(4존),0.49160815130983704,0.8615159128701017,0.38622346221371184,0.5745143165389821,,0.6556064234840461,0.027856399327157222
**********01,**********05,3,SS0000000049,템퍼링 2호_템퍼1존(5존),0.3782533976079204,0.8949467405443101,0.28567835639984585,0.19543844411921685,,0.007411111378894386,0.7245132845082124
**********01,**********05,9,SS0000000028,템퍼링 2호_템퍼1존(6존),0.21260778637408007,0.5001004920547212,0.16269554107083584,0.04500764896196707,,0.6680287412828386,0.7964613282568236
**********01,**********05,9,SS0000000039,템퍼링 3호_템퍼1존(1존),0.042599731977444044,0.3541970464250158,0.2560218560602575,0.1917579352700226,,0.31145039594460144,0.12253980300723855
**********01,**********05,3,SS0000000040,템퍼링 3호_템퍼1존(2존),0.39455818702369816,0.4505643355088196,0.8107193368887473,0.22592723344397747,,0.45764744346879227,0.5000218898262871
**********01,**********05,9,SS0000000030,템퍼링 3호_템퍼1존(3존),0.6347076324982232,0.2806798514531207,0.08963126994876602,0.08394932079730555,,0.6694844546400484,0.3404006078895777
**********01,**********05,3,SS0000000046,템퍼링 4호_템퍼1존(1존),0.27416532101164803,0.4988791856474669,0.9553919298664114,0.5817214756845366,,0.6948687116930279,0.30632633969956913
**********01,**********05,9,SS0000000032,템퍼링 4호_템퍼1존(2존),0.5223907579233606,0.3311920840061673,0.18319413995304612,0.8504964777407414,,0.23887089737727307,0.9459861639683484
**********01,**********05,3,SS0000000005,템퍼링 4호_템퍼1존(3존),0.14438290007937904,0.3899715734362025,0.8884714390369509,0.4584186158181466,,0.15762212054537772,0.7599780198748044
**********01,**********05,9,SS0000000044,템퍼링 4호_템퍼1존(4존),0.24324301860732245,0.5200024358411693,0.08155616629567375,0.7058349384757644,,0.4300632533530362,0.775481667360207
**********01,**********05,9,SS0000000036,템퍼링 4호_템퍼1존(5존),0.6715143411712651,0.8400165504403145,0.2636029714623872,0.153977801839839,,0.5545355714846382,0.6508393753642824
**********01,**********05,6,SS0000000045,템퍼링 4호_템퍼1존(6존),0.8498964012422843,0.5759585151788552,0.7739325491065708,0.1427594398400257,,0.6981759366254412,0.5754674191460978
**********01,**********05,3,SS0000000019,템퍼링 1호_템퍼1존(1존),0.37176707007480614,0.711838786207706,0.059120749242890236,0.6223173539512549,,0.8482335168256523,0.7660584832842202
**********01,**********05,3,SS0000000046,템퍼링 1호_템퍼1존(2존),0.16700654467388443,0.05053931865807426,0.9056420091894851,0.30408387071661724,,0.6642179746357015,0.8696503569921334
**********01,**********05,9,SS0000000035,템퍼링 1호_템퍼1존(3존),0.10176627135364891,0.5021219771006166,0.5239596244740432,0.4386815945612126,,0.7828377686794522,0.39891092436342124
**********01,**********05,6,SS0000000028,템퍼링 1호_템퍼1존(4존),0.043438969485490975,0.7360741255852871,0.6332486852626383,0.9308822008703772,,0.10752925441803785,0.1018527766797167
**********01,**********05,6,SS0000000001,템퍼링 2호_템퍼1존(1존),0.9147347081473639,0.2362098302754203,0.14991492051783328,0.4582242997900251,,0.0870681002603404,0.5317031023974752
**********01,**********05,3,SS0000000010,템퍼링 2호_템퍼1존(2존),0.3726611573472086,0.9704836907336574,0.3286950271635669,0.8202415812190393,,0.3426478907076417,0.0897991345810415
**********01,**********05,3,SS0000000029,템퍼링 2호_템퍼1존(3존),0.7053899135908518,0.4952490826708733,0.24803648233942432,0.5671269877775885,,0.06673757455313756,0.2376786593754301
**********01,**********05,3,SS0000000012,템퍼링 2호_템퍼1존(4존),0.6426162098550782,0.17268368487499175,0.35414942038565156,0.9839215973117142,,0.6420875985824307,0.6121367927951799
**********01,**********05,9,SS0000000008,템퍼링 2호_템퍼1존(5존),0.14361639911694757,0.182217067629459,0.6437493931913135,0.18042270673778993,,0.8747512740948368,0.3741541258720662
**********01,**********05,6,SS0000000025,템퍼링 2호_템퍼1존(6존),0.5321135979206691,0.9869110300669656,0.32821072844129084,0.8295035283368472,,0.22284008162565716,0.9604613773561954
**********01,**********05,9,SS0000000031,템퍼링 3호_템퍼1존(1존),0.5858465812687907,0.12943318328870457,0.5592096039363513,0.5474207682720779,,0.4791373952821619,0.0007738064109495957
**********01,**********05,3,SS0000000027,템퍼링 3호_템퍼1존(2존),0.8542780662541614,0.8956887202621454,0.3936575404102065,0.24167721121536656,,0.716644097543628,0.5839422215177142
**********01,**********05,9,SS0000000003,템퍼링 3호_템퍼1존(3존),0.8366080048514306,0.8108483774231895,0.5102720818853813,0.12478410777666404,,0.23996267432338503,0.5302978970745481
**********01,**********05,3,SS0000000012,템퍼링 4호_템퍼1존(1존),0.8623115097761617,0.8314692792883781,0.08540510796278311,0.6553117564934527,,0.02687922904481832,0.30054113428913287
**********01,**********05,3,SS0000000043,템퍼링 4호_템퍼1존(2존),0.5178263106264459,0.512628533153981,0.9829810059068984,0.9221803912097043,,0.3751392490787441,0.3614031427281905
**********01,**********05,6,SS0000000017,템퍼링 4호_템퍼1존(3존),0.548136733343528,0.25161645573782065,0.36995270333679486,0.9757554880369211,,0.8520781163588791,0.8785094582464985
**********01,**********05,3,SS0000000028,템퍼링 4호_템퍼1존(4존),0.9235718321015215,0.23468449170411776,0.6596710957658436,0.48402338118258015,,0.05882413637535866,0.3618524849249083
**********01,**********05,3,SS0000000040,템퍼링 4호_템퍼1존(5존),0.6035208811001022,0.07755437677708399,0.8341516669410595,0.2813106903831636,,0.3856233258533627,0.25119122949690953
**********01,**********05,9,SS0000000035,템퍼링 4호_템퍼1존(6존),0.1416028244117753,0.9376753185151995,0.46777283996915775,0.785608832875513,,0.8366015178531079,0.26874435897925586
**********01,**********05,3,SS0000000013,템퍼링 1호_템퍼1존(1존),0.8649266676909938,0.8164733996705749,0.9731071090373096,0.2234821363974746,,0.9178076535626988,0.5369011760271069
**********01,**********05,6,SS0000000037,템퍼링 1호_템퍼1존(2존),0.05148034489725861,0.3989723219862453,0.19577801792555571,0.12755270030300725,,0.7335858796826162,0.7156882705882373
**********01,**********05,3,SS0000000030,템퍼링 1호_템퍼1존(3존),0.7063613426963946,0.21585036147531245,0.8733605456826993,0.6962693739830881,,0.7315522751463288,0.9804538332276074
**********01,**********05,3,SS0000000012,템퍼링 1호_템퍼1존(4존),0.49186275189448236,0.06962677243492088,0.9044838536134955,0.11706562892035055,,0.5780868022919925,0.1829325924398426
**********01,**********05,9,SS0000000010,템퍼링 2호_템퍼1존(1존),0.26253174885386765,0.06973753936124083,0.674305402279036,0.11694905945950473,,0.634428680007343,0.8462837545500997
**********01,**********05,9,SS0000000016,템퍼링 2호_템퍼1존(2존),0.45653676411444444,0.16449733020818702,0.8494338220697731,0.9737878079995276,,0.15289291243600256,0.8700202760416721
**********01,**********05,9,SS0000000005,템퍼링 2호_템퍼1존(3존),0.541034795227049,0.1863006562489441,0.028944049074210887,0.38969275253326796,,0.10165018954444638,0.14950455051141742
**********01,**********05,9,SS0000000022,템퍼링 2호_템퍼1존(4존),0.3696154096803249,0.12037678066787583,0.5025179040957857,0.07025555058811772,,0.4759291700137316,0.3291031802251255
**********01,**********05,3,SS0000000008,템퍼링 2호_템퍼1존(5존),0.9147761672123101,0.637451554766098,0.7464348375541717,0.13793295597591548,,0.008146789030911927,0.03832799438110135
**********01,**********05,6,SS0000000017,템퍼링 2호_템퍼1존(6존),0.10301452933755084,0.025296678655606253,0.793618602048416,0.08943154991885116,,0.7576867467407635,0.9739067288664548
**********01,**********05,6,SS0000000049,템퍼링 3호_템퍼1존(1존),0.8863204244683848,0.9619698707282588,0.5577101224539133,0.025717642090779647,,0.6452404605334976,0.8505008586280786
**********01,**********05,3,SS0000000020,템퍼링 3호_템퍼1존(2존),0.9348746379680865,0.7450520277367293,0.7350500912560184,0.4386719804662418,,0.02075202191008607,0.2523570548546612
**********01,**********05,9,SS0000000034,템퍼링 3호_템퍼1존(3존),0.9558463403834433,0.7050454953882348,0.9368685753339324,0.108478365389172,,0.9023082362043876,0.08378885299086936
**********01,**********05,3,SS0000000038,템퍼링 4호_템퍼1존(1존),0.8627708242037975,0.8297091387737772,0.9501704040719355,0.34311847519261596,,0.02970047279149013,0.5624635391352515
**********01,**********05,6,SS0000000012,템퍼링 4호_템퍼1존(2존),0.798172899712371,0.6129935255630927,0.05720766364501462,0.6041955603725864,,0.9654164479481798,0.5729596863206519
**********01,**********05,9,SS0000000027,템퍼링 4호_템퍼1존(3존),0.6312798338090325,0.3951018422593169,0.6734802969255954,0.09877955687509998,,0.4181786421563145,0.07500955042297375
**********01,**********05,3,SS0000000006,템퍼링 4호_템퍼1존(4존),0.45843820866470275,0.8233012972260523,0.3479371583290245,0.8429498763234057,,0.919984618208942,0.1698156108524589
**********01,**********05,3,SS0000000022,템퍼링 4호_템퍼1존(5존),0.12203900491555175,0.12000221334560812,0.9446416999399847,0.1201291512501903,,0.03646814836939016,0.045826281833466154
**********01,**********05,3,SS0000000045,템퍼링 4호_템퍼1존(6존),0.0649945577768607,0.18820780478030985,0.11560874954366018,0.9175242749710301,,0.11285561134804345,0.9157734677371586
**********01,**********05,3,SS0000000024,템퍼링 1호_템퍼1존(1존),0.7536793683932735,0.46660135965715266,0.9420261815908084,0.17405283737694854,,0.9654424611512054,0.964238934943008
**********01,**********05,9,SS0000000020,템퍼링 1호_템퍼1존(2존),0.8246414343672501,0.4351153990259201,0.7730216596880722,0.08633420452618457,,0.833154426037934,0.5580694026644891
**********01,**********05,6,SS0000000050,템퍼링 1호_템퍼1존(3존),0.3239249803870361,0.11080783884821399,0.17751857447939035,0.05415565309019077,,0.8325538848901207,0.5310577890512332
**********01,**********05,6,SS0000000010,템퍼링 1호_템퍼1존(4존),0.4510090404632421,0.8896441608815141,0.2785280995673217,0.6031813610339728,,0.8399374205762797,0.1645603748556933
**********01,**********05,3,SS0000000018,템퍼링 2호_템퍼1존(1존),0.7930072915686396,0.2736583615853967,0.14735532852122724,0.34012025138377566,,0.6106439178772721,0.9538332871444128
**********01,**********05,9,SS0000000041,템퍼링 2호_템퍼1존(2존),0.8541223791063317,0.23620944278034672,0.7894027900262767,0.9624976420114268,,0.6021527454516613,0.626452011706747
**********01,**********05,3,SS0000000024,템퍼링 2호_템퍼1존(3존),0.533467823475013,0.45395099073283385,0.10742220601433361,0.12620247236440485,,0.9088828334508374,0.393572202290296
**********01,**********05,3,SS0000000039,템퍼링 2호_템퍼1존(4존),0.45114390366054,0.7874877184454498,0.3103831608674431,0.915292260269274,,0.5693256772128293,0.8423941268852614
**********01,**********05,6,SS0000000044,템퍼링 2호_템퍼1존(5존),0.9758496267493563,0.6930629042721415,0.7957347671604416,0.16737513150682304,,0.8496542118847877,0.05721654341493265
**********01,**********05,3,SS0000000001,템퍼링 2호_템퍼1존(6존),0.23635734343959636,0.7359257779361005,0.4945996123052816,0.6751152612174417,,0.7747956571362402,0.7101692078519565
**********01,**********05,9,SS0000000029,템퍼링 3호_템퍼1존(1존),0.7223140779818839,0.6706323234678913,0.006990841564631922,0.5048999739934977,,0.8780518015984634,0.1917318833871109
**********01,**********05,3,SS0000000004,템퍼링 3호_템퍼1존(2존),0.7348899636914223,0.7529476393268308,0.9244249528812519,0.5353715133746677,,0.3578328744776238,0.534339012737433
**********01,**********05,9,SS0000000004,템퍼링 3호_템퍼1존(3존),0.9093981464487284,0.585948475740688,0.22095765309680837,0.680097223116992,,0.5792370860232572,0.31387344180773213
**********01,**********05,6,SS0000000047,템퍼링 4호_템퍼1존(1존),0.2046523962565706,0.014569851653249977,0.9968574884930843,0.136273410881679,,0.3983992120163041,0.029227452288480893
**********01,**********05,3,SS0000000034,템퍼링 4호_템퍼1존(2존),0.29033473588780445,0.5228557141469674,0.2861059162232641,0.39391737068590893,,0.856132142676871,0.6977248537115116
**********01,**********05,6,SS0000000042,템퍼링 4호_템퍼1존(3존),0.7723411433405504,0.28261699345448976,0.2767960952899553,0.09606592021279459,,0.2868045941366758,0.6057684112049182
**********01,**********05,9,SS0000000037,템퍼링 4호_템퍼1존(4존),0.9268599894076465,0.44348841058064725,0.80794597682674,0.3635940115487003,,0.7726939096450861,0.7531686078755556
**********01,**********05,9,SS0000000047,템퍼링 4호_템퍼1존(5존),0.9364929956508664,0.7849538778809577,0.6773771048970961,0.1704044164727121,,0.21816669299311586,0.6597947819445843
**********01,**********05,9,SS0000000048,템퍼링 4호_템퍼1존(6존),0.27056538510291384,0.16418538804232974,0.03232154588280878,0.9652713518361106,,0.5232548267745856,0.22710607097449964
**********01,**********05,3,SS0000000011,템퍼링 1호_템퍼1존(1존),0.5166349812825995,0.14836957762235892,0.21966562188800398,0.6726908423058817,,0.501563191796583,0.988308702662524
**********01,**********05,9,SS0000000049,템퍼링 1호_템퍼1존(2존),0.9547320162902587,0.10802280349359228,0.8764022420778615,0.4175303161470265,,0.22731330034656838,0.4197529466324227
**********01,**********05,9,SS0000000023,템퍼링 1호_템퍼1존(3존),0.5019426475711563,0.1371397365772774,0.8942088787076466,0.17834859113673196,,0.12861878547991268,0.767786499077547
**********01,**********05,6,SS0000000017,템퍼링 1호_템퍼1존(4존),0.9979875726740142,0.3768561715809974,0.9579374070342936,0.33353552897438576,,0.42763613724179694,0.2025797655612004
**********01,**********05,6,SS0000000035,템퍼링 2호_템퍼1존(1존),0.221353982771063,0.04859324750262117,0.11575571504736593,0.08473447754878483,,0.8806310165123187,0.5258953185379426
**********01,**********05,9,SS0000000006,템퍼링 2호_템퍼1존(2존),0.7925192591414493,0.0712587890959484,0.8635335534498871,0.5976915932647766,,0.7348531107128186,0.54533704382503
**********01,**********05,6,SS0000000036,템퍼링 2호_템퍼1존(3존),0.512063998975442,0.17456412898847717,0.6595145080138736,0.1258444243918646,,0.6321775580629981,0.6804739626157913
**********01,**********05,6,SS0000000035,템퍼링 2호_템퍼1존(4존),0.8920230232221071,0.7490437226962324,0.7194080809216633,0.6569626508354047,,0.029831883317656183,0.6966105277410568
**********01,**********05,6,SS0000000043,템퍼링 2호_템퍼1존(5존),0.7932062603418388,0.3604966618856611,0.9537589984001554,0.5514729147397044,,0.8749158634654617,0.6179528856923512
**********01,**********05,6,SS0000000010,템퍼링 2호_템퍼1존(6존),0.44111506465834704,0.043509552836933696,0.7191879651170162,0.815871162177387,,0.9099177003872517,0.27945273663618275
**********01,**********05,6,SS0000000030,템퍼링 3호_템퍼1존(1존),0.5495139451206125,0.785140130776281,0.23543053761565047,0.31599835256166675,,0.35070091585400864,0.8888174287696816
**********01,**********05,9,SS0000000015,템퍼링 3호_템퍼1존(2존),0.49391640654418345,0.3581246493220229,0.2216930374258933,0.07362523695565659,,0.7127861444215108,0.17438364270999196
**********01,**********05,9,SS0000000018,템퍼링 3호_템퍼1존(3존),0.15009592054029586,0.3498638767395401,0.8420776260251818,0.9994724577857035,,0.9588288712002623,0.9365995792962571
**********01,**********05,3,SS0000000010,템퍼링 4호_템퍼1존(1존),0.14687221650361448,0.4774120764895916,0.675350067991529,0.23318785536788522,,0.6862644188009686,0.5957270703681333
**********01,**********05,3,SS0000000033,템퍼링 4호_템퍼1존(2존),0.37178510908151174,0.24540656492366497,0.7196351112980386,0.7343562693126016,,0.45635011698896133,0.8259280659082506
**********01,**********05,9,SS0000000039,템퍼링 4호_템퍼1존(3존),0.038123091183964175,0.49701886873214207,0.0421138232778826,0.9876263687110665,,0.44866178910261456,0.45283674713750266
**********01,**********05,3,SS0000000034,템퍼링 4호_템퍼1존(4존),0.03491344417204145,0.19847990562214024,0.9029834753541472,0.9377659931294173,,0.7659469711512555,0.7379523306298758
**********01,**********05,6,SS0000000020,템퍼링 4호_템퍼1존(5존),0.3247572621216882,0.6381015138345648,0.40395217207266343,0.1501314796629616,,0.2503220187736662,0.6553759200515619
**********01,**********05,6,SS0000000033,템퍼링 4호_템퍼1존(6존),0.021782005251871128,0.04987316099489103,0.5675993413150443,0.8242269068952479,,0.4358961549478344,0.6159056202484274
**********01,**********05,3,SS0000000010,템퍼링 1호_템퍼1존(1존),0.652703334811529,0.45497924616603624,0.2007562144858417,0.5927185925022027,,0.4251033308957257,0.5970806733485412
**********01,**********05,3,SS0000000011,템퍼링 1호_템퍼1존(2존),0.48819980021625764,0.3558801008069987,0.10414009116078426,0.4307920996002932,,0.38174105105236156,0.5626464147373443
**********01,**********05,3,SS0000000021,템퍼링 1호_템퍼1존(3존),0.24895404742179184,0.9602541703086616,0.05740551782789449,0.9347918763871,,0.7725240214846751,0.7263017645644197
**********01,**********05,3,SS0000000014,템퍼링 1호_템퍼1존(4존),0.2880487535487394,0.7247338605256075,0.5331825806827413,0.24182667394389257,,0.4434731908084032,0.2893558444029979
**********01,**********05,6,SS0000000050,템퍼링 2호_템퍼1존(1존),0.6593387769168594,0.6814850223480889,0.6471157338136905,0.287965806419461,,0.6246005179421796,0.8007033106985675
**********01,**********05,9,SS0000000045,템퍼링 2호_템퍼1존(2존),0.8918865853433197,0.9788467274594858,0.2497946526607604,0.9314639338791315,,0.4287834378365347,0.8899270676095759
**********01,**********05,6,SS0000000039,템퍼링 2호_템퍼1존(3존),0.1321897452961186,0.8313501899536397,0.5000703386716445,0.23397113384539225,,0.8377759087364416,0.23853183316416537
**********01,**********05,3,SS0000000005,템퍼링 2호_템퍼1존(4존),0.7706697132973541,0.21846641344146633,0.4863184844962315,0.5075536472806667,,0.3898153408595886,0.047629614006041265
**********01,**********05,3,SS0000000040,템퍼링 2호_템퍼1존(5존),0.18067929610737854,0.8132491073893158,0.7081581822517293,0.5046019904167401,,0.7244709587425644,0.11677070233897369
**********01,**********05,6,SS0000000042,템퍼링 2호_템퍼1존(6존),0.8046715927605689,0.8273126612895246,0.5330519522830103,0.298182333312072,,0.7237210544995241,0.4372427630460627
**********01,**********05,3,SS0000000043,템퍼링 3호_템퍼1존(1존),0.35687733050781234,0.15996785795801716,0.6651411209968163,0.6524972695850532,,0.13113909685818126,0.4479832942286198
**********01,**********05,6,SS0000000003,템퍼링 3호_템퍼1존(2존),0.9308749140056006,0.5236425309314756,0.9769881710444162,0.4768062918030429,,0.42136825629023844,0.9010818844819815
**********01,**********05,6,SS0000000017,템퍼링 3호_템퍼1존(3존),0.6213007561032735,0.4432701777502914,0.25502685864162256,0.12530747397790987,,0.17222858918771522,0.8092221556831609
**********01,**********05,3,SS0000000034,템퍼링 4호_템퍼1존(1존),0.1651554935276499,0.8901507463227449,0.46693317972668924,0.7235028219739938,,0.1821736036966256,0.9075044173892272
**********01,**********05,3,SS0000000021,템퍼링 4호_템퍼1존(2존),0.7801136201618414,0.8754861166706203,0.14272991282226155,0.7450072942587647,,0.22105725607200466,0.8663851367589934
**********01,**********05,9,SS0000000005,템퍼링 4호_템퍼1존(3존),0.6101390234247803,0.7859018503328209,0.7689547608139606,0.42706562802689585,,0.6551697424784357,0.06827457466141051
**********01,**********05,3,SS0000000017,템퍼링 4호_템퍼1존(4존),0.8114615176626083,0.1258095038819077,0.8207574467207456,0.09174612088742229,,0.5119760854193359,0.9873296459060674
**********01,**********05,6,SS0000000003,템퍼링 4호_템퍼1존(5존),0.5959001319014148,0.5885158077061592,0.39851274943813775,0.9920122822945745,,0.6014042200369268,0.937212386398268
**********01,**********05,3,SS0000000038,템퍼링 4호_템퍼1존(6존),0.022454604003513068,0.5420794775520852,0.6745415641323687,0.640877855345199,,0.6477854368600603,0.4542647793978717
**********01,**********05,3,SS0000000034,템퍼링 1호_템퍼1존(1존),0.7471736255932623,0.6569220192956874,0.967044544891864,0.7304712313953916,,0.4648860377154097,0.09444265936287033
**********01,**********05,6,SS0000000005,템퍼링 1호_템퍼1존(2존),0.5034203008847976,0.8366801575499623,0.4883827792283034,0.7274291717487874,,0.2619171608204449,0.7402357190892263
**********01,**********05,6,SS0000000039,템퍼링 1호_템퍼1존(3존),0.5926237408851188,0.3119741303267718,0.7246821787184662,0.34037384548490035,,0.9549221949685359,0.8912504924559476
**********01,**********05,9,SS0000000012,템퍼링 1호_템퍼1존(4존),0.22351445219430355,0.13306542955438572,0.3295457225588273,0.5118917315502767,,0.7550408185854172,0.3811550598651551
**********01,**********05,9,SS0000000020,템퍼링 2호_템퍼1존(1존),0.9434488903778518,0.242241591419033,0.9752600746818954,0.43426049066654304,,0.40080896644470865,0.04608246880092692
**********01,**********05,6,SS0000000022,템퍼링 2호_템퍼1존(2존),0.8856621302473676,0.6132908128220768,0.7567522968541972,0.2242762950595537,,0.2641665733501741,0.4607967990293059
**********01,**********05,9,SS0000000011,템퍼링 2호_템퍼1존(3존),0.7547955120667004,0.855628846489882,0.3347156580156858,0.7947141225347916,,0.09361136020230676,0.23592604832486808
**********01,**********05,9,SS0000000017,템퍼링 2호_템퍼1존(4존),0.7925539372321961,0.08970696644997633,0.08321696797609657,0.33507342013476316,,0.36464803246090494,0.5357394449432641
**********01,**********05,3,SS0000000050,템퍼링 2호_템퍼1존(5존),0.042978322611395336,0.10547046322242326,0.3821549590504042,0.4368414789900671,,0.46891629266441426,0.17958158242666422
**********01,**********05,6,SS0000000009,템퍼링 2호_템퍼1존(6존),0.40230812589718024,0.48595856204447097,0.9157355640090095,0.7230509873347065,,0.3450940296029873,0.032487683258081934
**********01,**********05,6,SS0000000013,템퍼링 3호_템퍼1존(1존),0.9218077463866875,0.43089749220491447,0.24890088992918502,0.7330643485191625,,0.6107084143991146,0.8750457600845842
**********01,**********05,9,SS0000000008,템퍼링 3호_템퍼1존(2존),0.895440666697943,0.5538986423790845,0.12961001826533947,0.43596905345697745,,0.35962541865696807,0.009283670464357296
**********01,**********05,6,SS0000000026,템퍼링 3호_템퍼1존(3존),0.771128004228059,0.554861926178665,0.6736823967741734,0.4393444185361195,,0.05813399086896465,0.05458182024214919
**********01,**********05,9,SS0000000004,템퍼링 4호_템퍼1존(1존),0.5898730750653477,0.6288855370960852,0.36503036387034404,0.18773895106771143,,0.7821369223141181,0.7938229905326704
**********01,**********05,9,SS0000000010,템퍼링 4호_템퍼1존(2존),0.1348375775781847,0.460349588699528,0.6247012548452926,0.9200407381702014,,0.909874082940866,0.22798861115449853
**********01,**********05,3,SS0000000047,템퍼링 4호_템퍼1존(3존),0.06553010330103193,0.6527555930622863,0.9479157674689312,0.42971560516506135,,0.9633826874113184,0.6453673521767258
**********01,**********05,6,SS0000000018,템퍼링 4호_템퍼1존(4존),0.6241725088048378,0.19702264448444196,0.17625942613526835,0.9330966772030459,,0.26993256118180164,0.9472064652531945
**********01,**********05,9,SS0000000026,템퍼링 4호_템퍼1존(5존),0.5889183612501546,0.7155320764583991,0.6361369382347315,0.09543729983314331,,0.6498207663664624,0.15993282643272233
**********01,**********05,6,SS0000000029,템퍼링 4호_템퍼1존(6존),0.37437514965662,0.9843934217190877,0.843992362638633,0.7841672881996056,,0.5425196269774526,0.44598985686109016
**********01,**********05,6,SS0000000016,템퍼링 1호_템퍼1존(1존),0.3309288967928534,0.7633030386748123,0.28745032887180777,0.5757818841497179,,0.22826109688877028,0.07796934522576893
**********01,**********05,9,SS0000000033,템퍼링 1호_템퍼1존(2존),0.7185078692323279,0.5316010359173926,0.02872638058536381,0.2987017697189225,,0.4268675981869017,0.729266833417899
**********01,**********05,6,SS0000000031,템퍼링 1호_템퍼1존(3존),0.9141637235352397,0.8186993057351778,0.6082252522136492,0.4828619739280645,,0.3177239181393404,0.6887190234111404
**********01,**********05,3,SS0000000035,템퍼링 1호_템퍼1존(4존),0.5384056534906241,0.38607050151275835,0.9889044899347399,0.23468679037704776,,0.8385802102734189,0.5639035230444306
**********01,**********05,3,SS0000000029,템퍼링 2호_템퍼1존(1존),0.7957415465311379,0.6979517617984443,0.08371646005803457,0.8099041237827858,,0.7738551784880269,0.7767966463633879
**********01,**********05,3,SS0000000009,템퍼링 2호_템퍼1존(2존),0.27116759558972425,0.2907062071580213,0.4893286558669766,0.008423323886765255,,0.15851636335802666,0.3194131593866162
**********01,**********05,3,SS0000000004,템퍼링 2호_템퍼1존(3존),0.01072340004176342,0.2868325662390764,0.608308940755133,0.6042452218334882,,0.6421048182254521,0.8891764587515788
**********01,**********05,3,SS0000000023,템퍼링 2호_템퍼1존(4존),0.8542891619962412,0.8466953893835141,0.3817678817923904,0.12692805877273938,,0.277527369659872,0.5985553859685269
**********01,**********05,9,SS0000000009,템퍼링 2호_템퍼1존(5존),0.8368800900199657,0.4202049629540566,0.4222320774763926,0.6375943209992049,,0.5626131231647207,0.09595743753787278
**********01,**********05,9,SS0000000001,템퍼링 2호_템퍼1존(6존),0.8421576654824957,0.09943568989803986,0.8915802950090356,0.6426767332598364,,0.12273975795983372,0.3313215091310313
**********01,**********05,3,SS0000000039,템퍼링 3호_템퍼1존(1존),0.6771888577770029,0.5282651549815626,0.37072517478032085,0.16731071605590397,,0.5584139131665623,0.07914428652693639
**********01,**********05,6,SS0000000044,템퍼링 3호_템퍼1존(2존),0.24047242970444604,0.5056706529960229,0.8104423623857808,0.36437605596652933,,0.30651713802844693,0.0636777095685036
**********01,**********05,3,SS0000000041,템퍼링 3호_템퍼1존(3존),0.9420698600601582,0.3189548710563137,0.5841176184517433,0.15721752706261471,,0.0727471980599863,0.37520912288497066
**********01,**********05,3,SS0000000032,템퍼링 4호_템퍼1존(1존),0.07453472324440091,0.4864570699093842,0.2606741197478534,0.25401810356760135,,0.7515880968070742,0.751628367918981
**********01,**********05,6,SS0000000017,템퍼링 4호_템퍼1존(2존),0.5521790499359316,0.7013839902800468,0.10426143667815557,0.5490730907642402,,0.03863878924533937,0.7572548316013658
**********01,**********05,9,SS0000000005,템퍼링 4호_템퍼1존(3존),0.8461548480478801,0.6218062227059892,0.5467798951608567,0.6709202468065892,,0.9198035082256497,0.7950942096256464
**********01,**********05,9,SS0000000012,템퍼링 4호_템퍼1존(4존),0.08073617826739399,0.6759721510073937,0.37851739012557517,0.2196653189478932,,0.7016517256480216,0.564641239886541
**********01,**********05,3,SS0000000029,템퍼링 4호_템퍼1존(5존),0.23761169634955515,0.9013151929395314,0.6506073035080119,0.9494059288411177,,0.04352741633112622,0.6271361679291036
**********01,**********05,3,SS0000000042,템퍼링 4호_템퍼1존(6존),0.1424030928181197,0.8045142731469916,0.6087090750690428,0.8494493550487092,,0.19166922676305742,0.42089794863100616
**********01,**********05,6,SS0000000012,템퍼링 1호_템퍼1존(1존),0.10593008480925736,0.8887056151963956,0.9944766029989947,0.06362685162577275,,0.4720875231763154,0.14931358639491132
**********01,**********05,9,SS0000000010,템퍼링 1호_템퍼1존(2존),0.24251379244872062,0.5601598461856808,0.7147325654060802,0.10302447655954194,,0.9687718346189408,0.9523739463136404
**********01,**********05,9,SS0000000040,템퍼링 1호_템퍼1존(3존),0.7704302382299987,0.7809076967671349,0.9088089339642449,0.6057968856058318,,0.3407923238794315,0.25428393845491637
**********01,**********05,6,SS0000000013,템퍼링 1호_템퍼1존(4존),0.5234523386356235,0.9248319501798035,0.6945710149361576,0.7047933250570619,,0.14236512469493723,0.5021101478414041
**********01,**********05,9,SS0000000035,템퍼링 2호_템퍼1존(1존),0.6808337022761077,0.8575174363377339,0.7413478592366508,0.6205462787571944,,0.862205248916482,0.518509735690929
**********01,**********05,3,SS0000000030,템퍼링 2호_템퍼1존(2존),0.41814630918349804,0.008969183073105458,0.08269573520021778,0.9980783895447753,,0.25228900324445014,0.9159390557567908
**********01,**********05,6,SS0000000006,템퍼링 2호_템퍼1존(3존),0.16944823003205967,0.6868499618232705,0.48266703165438274,0.8914381161681608,,0.3716308357817676,0.00750032616666596
**********01,**********05,6,SS0000000009,템퍼링 2호_템퍼1존(4존),0.45666619487118165,0.6452118727100434,0.10314733664540043,0.9972400157283403,,0.43678803909238595,0.8942354974072535
**********01,**********05,6,SS0000000007,템퍼링 2호_템퍼1존(5존),0.7047421606416701,0.6446268609650083,0.1623020492319256,0.5519592382810841,,0.5888563116423655,0.6223441729051538
**********01,**********05,9,SS0000000050,템퍼링 2호_템퍼1존(6존),0.0038745130259367766,0.7983040285255757,0.49814958338250215,0.8896988744691862,,0.08140321438790177,0.7560115198245728
**********01,**********05,6,SS0000000012,템퍼링 3호_템퍼1존(1존),0.6453219092157003,0.8805480921788277,0.6280352568853368,0.0683089508583935,,0.27710783367850855,0.666002164185291
**********01,**********05,3,SS0000000014,템퍼링 3호_템퍼1존(2존),0.10585184855075003,0.09438013614169238,0.7152952614079529,0.5657531487895171,,0.1928265924357403,0.0909460503241315
**********01,**********05,6,SS0000000010,템퍼링 3호_템퍼1존(3존),0.7772413106400355,0.08681560606338068,0.48375295565967813,0.37885415044656234,,0.3847099061823501,0.09331407260269353
**********01,**********05,3,SS0000000014,템퍼링 4호_템퍼1존(1존),0.6065646388990577,0.5067120456215479,0.21616477015254054,0.9409659154682487,,0.6688249860132499,0.8569809751434916
**********01,**********05,6,SS0000000035,템퍼링 4호_템퍼1존(2존),0.3295993047896686,0.91953891144202,0.5350619316444852,0.6113204255499946,,0.8364193945037119,0.9654672334764995
**********01,**********05,6,SS0000000032,템퍼링 4호_템퍼1존(3존),0.024756245029735058,0.6046982924234087,0.5786835256950619,0.8271510560134846,,0.9174393546154004,0.6348545780241889
**********01,**********05,6,SS0000000035,템퍼링 4호_템퍼1존(4존),0.21497897374949249,0.6560642520227846,0.5698964878294278,0.802720556044206,,0.4188977714882177,0.09411455325387985
**********01,**********05,3,SS0000000015,템퍼링 4호_템퍼1존(5존),0.8933768122584969,0.15778595079013114,0.9375359957814786,0.47982816059907163,,0.45297268328204265,0.9296303760157602
**********01,**********05,6,SS0000000007,템퍼링 4호_템퍼1존(6존),0.6511991673897621,0.20205824751464885,0.7852707579553924,0.9324956653043527,,0.7648127689888544,0.5832712372605361
**********01,**********05,6,SS0000000029,템퍼링 1호_템퍼1존(1존),0.9110961364662524,0.2625737443019216,0.8371915758066849,0.23767122497284476,,0.046329576593392985,0.8377204692291673
**********01,**********05,3,SS0000000037,템퍼링 1호_템퍼1존(2존),0.005282765719432425,0.5539412422065815,0.9808373564569655,0.1472880658871858,,0.9249197733435935,0.11797860696484697
**********01,**********05,9,SS0000000047,템퍼링 1호_템퍼1존(3존),0.3553419720437426,0.8505143460386111,0.5141269885525975,0.5194976583319472,,0.6324484183633755,0.27111768229020683
**********01,**********05,9,SS0000000003,템퍼링 1호_템퍼1존(4존),0.42584900932981073,0.8902522596844925,0.9031224236903227,0.13261688045097986,,0.3586022766948045,0.20488964782635866
**********01,**********05,3,SS0000000039,템퍼링 2호_템퍼1존(1존),0.031954704258693734,0.28971906629620325,0.3456986494727563,0.8041450158666351,,0.44611308661094096,0.8000568076054938
**********01,**********05,3,SS0000000042,템퍼링 2호_템퍼1존(2존),0.09479955512260096,0.2888877292266213,0.8943039885302648,0.22126875586767214,,0.7927384602608366,0.14593691138095977
**********01,**********05,3,SS0000000025,템퍼링 2호_템퍼1존(3존),0.38208055299507904,0.025116462523233185,0.8750668706146217,0.34971385135627153,,0.5727049498488987,0.808765868570872
**********01,**********05,6,SS0000000020,템퍼링 2호_템퍼1존(4존),0.7082046573780756,0.9855231486133356,0.04321919378410799,0.9625030654202635,,0.8766256194134345,0.6118436773381783
**********01,**********05,3,SS0000000027,템퍼링 2호_템퍼1존(5존),0.7458916610791638,0.19177900043416674,0.4029908761221308,0.13997829393440453,,0.501712513747142,0.8165299979098476
**********01,**********05,3,SS0000000010,템퍼링 2호_템퍼1존(6존),0.9707615261007787,0.34450116461199665,0.17450850955584984,0.6429417565068551,,0.8413652914929872,0.14686937768753883
**********01,**********05,9,SS0000000009,템퍼링 3호_템퍼1존(1존),0.21603465427835677,0.8857519629340959,0.952511748664155,0.6001219790818778,,0.6730120888739652,0.9830196227559144
**********01,**********05,3,SS0000000044,템퍼링 3호_템퍼1존(2존),0.031113218148072552,0.09393785930983023,0.12153000504744904,0.5170317723833068,,0.5943271150512616,0.8048184622089427
**********01,**********05,6,SS0000000039,템퍼링 3호_템퍼1존(3존),0.16369196720174972,0.22449945302964913,0.06448248133220302,0.12180243578100547,,0.6821489187256816,0.5826790559556799
**********01,**********05,3,SS0000000026,템퍼링 4호_템퍼1존(1존),0.49641054554614017,0.6975166659625768,0.4307619692908876,0.574804195518422,,0.2644843024477517,0.7830065258767643
**********01,**********05,3,SS0000000011,템퍼링 4호_템퍼1존(2존),0.08720414538290744,0.02134447305912035,0.328683982002837,0.20889271826469835,,0.7096839602344568,0.15573119300358151
**********01,**********05,3,SS0000000025,템퍼링 4호_템퍼1존(3존),0.9798378720839298,0.598156307159281,0.11167862479750412,0.31552779093197014,,0.5026560073569676,0.9626391250487418
**********01,**********05,9,SS0000000013,템퍼링 4호_템퍼1존(4존),0.27864594680846144,0.6745861265638189,0.7792885407442568,0.7547973148193656,,0.02854391558793945,0.9576820125646229
**********01,**********05,9,SS0000000006,템퍼링 4호_템퍼1존(5존),0.3990294375678971,0.8667090903810782,0.7499030318183671,0.3449575047662896,,0.31589300556003164,0.1661222766453645
**********01,**********05,3,SS0000000033,템퍼링 4호_템퍼1존(6존),0.07256262626906207,0.3991013792023267,0.6379219045845038,0.22829021828453155,,0.4781481454209897,0.7131724537278475
**********01,**********05,6,SS0000000048,템퍼링 1호_템퍼1존(1존),0.6948795876096886,0.3011370553785362,0.9169781234337854,0.8728788134016873,,0.13383117725573357,0.4704530468598437
**********01,**********05,9,SS0000000024,템퍼링 1호_템퍼1존(2존),0.6104238682185902,0.03371870211210726,0.968228468047095,0.7391577731162519,,0.8835868633596562,0.18838287606556658
**********01,**********05,3,SS0000000033,템퍼링 1호_템퍼1존(3존),0.23558798998882635,0.9189046699398248,0.15943691331262866,0.5545960639844975,,0.3378237774150621,0.13409141884814912
**********01,**********05,6,SS0000000002,템퍼링 1호_템퍼1존(4존),0.5853374442151271,0.10681435146263085,0.7460668745208332,0.9259680785284343,,0.9928370803271432,0.6190505507475668
**********01,**********05,9,SS0000000045,템퍼링 2호_템퍼1존(1존),0.49272262142723955,0.6646594041985695,0.8047773109226486,0.17866854347211558,,0.1573015838081533,0.733072667043104
**********01,**********05,3,SS0000000036,템퍼링 2호_템퍼1존(2존),0.3549100835951269,0.5827378509613972,0.42731946524128983,0.6124053269141975,,0.35819057723574643,0.4655705013370032
**********01,**********05,6,SS0000000003,템퍼링 2호_템퍼1존(3존),0.09109414852518882,0.7605105282194106,0.6033522899062126,0.876648565324922,,0.42186138186323585,0.2579139801729342
**********01,**********05,3,SS0000000029,템퍼링 2호_템퍼1존(4존),0.5714952615726512,0.6193295808603927,0.6819637941818607,0.757916506692149,,0.18059794699770015,0.3699079586173839
**********01,**********05,6,SS0000000039,템퍼링 2호_템퍼1존(5존),0.285145861098285,0.9294957222243954,0.7489088392651794,0.016043229495576572,,0.7794705729536536,0.015673795173224536
**********01,**********05,3,SS0000000001,템퍼링 2호_템퍼1존(6존),0.008696469807156881,0.49100932857969326,0.21793091452377922,0.02702153219977632,,0.13881518926523018,0.5393677038652748
**********01,**********05,6,SS0000000027,템퍼링 3호_템퍼1존(1존),0.19880023352889564,0.8865476078317405,0.7158554602898042,0.0850623596944976,,0.4611825340788033,0.24327003081239917
**********01,**********05,3,SS0000000013,템퍼링 3호_템퍼1존(2존),0.2774061562715069,0.5754378362604939,0.47339899387373074,0.5182935825311796,,0.7131978508307036,0.21928750858304524
**********01,**********05,6,SS0000000048,템퍼링 3호_템퍼1존(3존),0.8439686124159254,0.2952855995868502,0.9777174395677545,0.16293203513021381,,0.3108866719582365,0.610301947435402
**********01,**********05,6,SS0000000006,템퍼링 4호_템퍼1존(1존),0.5953741456589275,0.6762133722624488,0.5106963148050999,0.8245558096101954,,0.36506167473709905,0.4899463468501428
**********01,**********05,6,SS0000000002,템퍼링 4호_템퍼1존(2존),0.1544921194389608,0.5597250586180008,0.21545194693881042,0.5694033292212842,,0.9060876424495456,0.35994853590886766
**********01,**********05,9,SS0000000025,템퍼링 4호_템퍼1존(3존),0.793194197430005,0.6934142394707332,0.07274580187998803,0.6447206318445798,,0.8392898834539193,0.35718294555082886
**********01,**********05,6,SS0000000020,템퍼링 4호_템퍼1존(4존),0.4244403188821304,0.8876209454430695,0.9838499664392717,0.8968900838010551,,0.21242514778199595,0.12429305664535018
**********01,**********05,9,SS0000000026,템퍼링 4호_템퍼1존(5존),0.2520548562974193,0.3126608507526698,0.027499608639662276,0.4983749822253227,,0.8178847759488022,0.5739634665563311
**********01,**********05,6,SS0000000043,템퍼링 4호_템퍼1존(6존),0.5889456756376861,0.07872041788247475,0.8891953361595898,0.22151736066987948,,0.38639501701964307,0.6575647475701343
**********01,**********05,6,SS0000000023,템퍼링 1호_템퍼1존(1존),0.16045846272159348,0.026666567706625788,0.19886510726162898,0.16952591843399323,,0.8189701129493385,0.49187280924602406
**********01,**********05,6,SS0000000004,템퍼링 1호_템퍼1존(2존),0.8022675444189915,0.47320866356611724,0.08691607680318625,0.22164629034432293,,0.09226515408059577,0.8247387768407485
**********01,**********05,9,SS0000000010,템퍼링 1호_템퍼1존(3존),0.9521560027893535,0.879346836710668,0.8822258737887054,0.5809549449724636,,0.7739475101585677,0.6950923638792723
**********01,**********05,3,SS0000000005,템퍼링 1호_템퍼1존(4존),0.5605209335934079,0.26606005250005715,0.49753511341049894,0.6795916928036151,,0.06903375152299274,0.30388326714255265
**********01,**********05,6,SS0000000036,템퍼링 2호_템퍼1존(1존),0.4293670280840137,0.5806244856123948,0.44551214729226085,0.5513218982278191,,0.5364453053741219,0.26085716710806084
**********01,**********05,3,SS0000000028,템퍼링 2호_템퍼1존(2존),0.2196406362693505,0.7467065236334721,0.7532781517183045,0.7947624629652825,,0.537817763894096,0.3572733644578864
**********01,**********05,3,SS0000000005,템퍼링 2호_템퍼1존(3존),0.18032530649338596,0.4171405519949283,0.6551886844532225,0.9164144625852455,,0.40403663329936945,0.5844923047671396
**********01,**********05,3,SS0000000002,템퍼링 2호_템퍼1존(4존),0.7673784103962942,0.9274027883741384,0.9119619414814443,0.9387440521078969,,0.11439967083684566,0.14586433528073184
**********01,**********05,9,SS0000000018,템퍼링 2호_템퍼1존(5존),0.5339768052556499,0.5053598282970259,0.575024435021952,0.727047000170597,,0.44989629718686497,0.3468360360317836
**********01,**********05,9,SS0000000005,템퍼링 2호_템퍼1존(6존),0.694013948571911,0.35038468892838504,0.6024929143456506,0.2906979815867352,,0.3666757463798932,0.34382286817900787
**********01,**********05,9,SS0000000017,템퍼링 3호_템퍼1존(1존),0.7604672467971701,0.04803447817138751,0.12826753496247612,0.9474290846430948,,0.02843962463962335,0.6581038139369738
**********01,**********05,6,SS0000000039,템퍼링 3호_템퍼1존(2존),0.4425418176042982,0.25240117670128825,0.3821783715760557,0.3996526119837406,,0.5955392842213953,0.9530293648004796
**********01,**********05,3,SS0000000006,템퍼링 3호_템퍼1존(3존),0.6981804446237763,0.8080984000904273,0.38220723198237017,0.5819895546182948,,0.3026465584797492,0.1971393306724636
**********01,**********05,3,SS0000000035,템퍼링 4호_템퍼1존(1존),0.6090880966320976,0.04605370679194409,0.8701662178401571,0.35389852612213457,,0.007680417832408026,0.3815083374759277
**********01,**********05,6,SS0000000039,템퍼링 4호_템퍼1존(2존),0.05908391256969758,0.3251462057989303,0.19145564562228834,0.7423825884325611,,0.3016490077624343,0.15722220128821718
**********01,**********05,9,SS0000000017,템퍼링 4호_템퍼1존(3존),0.6073580112951709,0.8996684979817828,0.7595790513762307,0.8136095331476592,,0.850410943340325,0.6060758908256398
**********01,**********05,3,SS0000000016,템퍼링 4호_템퍼1존(4존),0.6561787972398039,0.3459687887898977,0.5592760765386895,0.7702085879571565,,0.8011520326910369,0.4561329843940699
**********01,**********05,9,SS0000000030,템퍼링 4호_템퍼1존(5존),0.6236486946945531,0.43277048138952756,0.3418166955483015,0.5786028626846939,,0.1709052279570057,0.925899025056055
**********01,**********05,9,SS0000000024,템퍼링 4호_템퍼1존(6존),0.5657399451639337,0.7097258376970732,0.04843689986413058,0.2947562108828238,,0.5366923063498273,0.7746727857057178
**********01,**********05,6,SS0000000044,템퍼링 1호_템퍼1존(1존),0.09760449538524596,0.8796266985357536,0.6370866654685318,0.4215715529995365,,0.8374540745344601,0.8604281585801684
**********01,**********05,9,SS0000000013,템퍼링 1호_템퍼1존(2존),0.7072639724008478,0.8607838591486762,0.758646714207643,0.4996259042670933,,0.37687001956038646,0.838928298730104
**********01,**********05,6,SS0000000031,템퍼링 1호_템퍼1존(3존),0.060914277530368266,0.3777383984187662,0.08524874392835069,0.8264999312406381,,0.9363923773267432,0.9255531558023229
**********01,**********05,3,SS0000000039,템퍼링 1호_템퍼1존(4존),0.6534810244186525,0.7602907171232637,0.324247898181498,0.16497716209334667,,0.20482447380039281,0.10829287945582955
**********01,**********05,9,SS0000000039,템퍼링 2호_템퍼1존(1존),0.916668580165949,0.7578437453262937,0.6947488783092621,0.6311623705469277,,0.041235751209796834,0.08660648170057317
**********01,**********05,9,SS0000000017,템퍼링 2호_템퍼1존(2존),0.5419327510644465,0.26260766025079396,0.38447017334053946,0.14069724598488875,,0.7214640024341523,0.11568829985870455
**********01,**********05,6,SS0000000007,템퍼링 2호_템퍼1존(3존),0.32297628771348064,0.7050532398448512,0.8702597578610407,0.7962380218533427,,0.6939780245139369,0.5919853544610578
**********01,**********05,3,SS0000000031,템퍼링 2호_템퍼1존(4존),0.8725243298896703,0.17583255007573173,0.24180218942319476,0.6279024687266475,,0.9634986232294851,0.8732115548983451
**********01,**********05,9,SS0000000003,템퍼링 2호_템퍼1존(5존),0.7303613407148003,0.08452172380609013,0.8194300967410239,0.5206741222900086,,0.6202274175000204,0.1204885298604167
**********01,**********05,9,SS0000000042,템퍼링 2호_템퍼1존(6존),0.5219327307419411,0.22471470858455178,0.2201717733861751,0.948761919577271,,0.3226122151237327,0.4487296876386567
**********01,**********05,6,SS0000000024,템퍼링 3호_템퍼1존(1존),0.4515844842534772,0.7778098761657768,0.23188092222675416,0.09607693494871794,,0.2623640718498238,0.18804447617105213
**********01,**********05,9,SS0000000028,템퍼링 3호_템퍼1존(2존),0.48096714816507935,0.6447976622848053,0.8063717227225883,0.56714029880971,,0.13919700591833306,0.38312292611363885
**********01,**********05,3,SS0000000014,템퍼링 3호_템퍼1존(3존),0.23553757831122157,0.615042675646625,0.7329409980543619,0.9201710819492389,,0.622122385911365,0.2890718728263548
**********01,**********05,9,SS0000000048,템퍼링 4호_템퍼1존(1존),0.9683718904804978,0.21809781132105843,0.8217735252772598,0.6072211311785518,,0.19798629983754545,0.3908732230356867
**********01,**********05,6,SS0000000028,템퍼링 4호_템퍼1존(2존),0.6453591696764229,0.07270973272447123,0.8511190201879085,0.6017464940986806,,0.11326885304920797,0.231687024692253
**********01,**********05,9,SS0000000045,템퍼링 4호_템퍼1존(3존),0.5339260870347814,0.8645621358580745,0.21022740673578577,0.35770393778076837,,0.9388633334223828,0.30576055735413177
**********01,**********05,6,SS0000000030,템퍼링 4호_템퍼1존(4존),0.7190791451290068,0.6553030167587609,0.7172353876978743,0.8600508938589363,,0.297765153103149,0.8288164273329162
**********01,**********05,3,SS0000000022,템퍼링 4호_템퍼1존(5존),0.9308563171325613,0.16274285248337295,0.8881358899595384,0.7442251013660017,,0.4740790691920945,0.5379672404452926
**********01,**********05,6,SS0000000050,템퍼링 4호_템퍼1존(6존),0.5948199150312907,0.6874062911936113,0.3685485593523091,0.5257245233639934,,0.6784082524909849,0.24148199728194975
**********01,**********05,3,SS0000000050,템퍼링 1호_템퍼1존(1존),0.5458457067662021,0.7983626369911205,0.7857290658220575,0.8641808999040238,,0.28761103401077515,0.8901267218888305
**********01,**********05,6,SS0000000006,템퍼링 1호_템퍼1존(2존),0.7412769619533148,0.8298863053473315,0.3443087800690784,0.25739368818672725,,0.5191925525368484,0.1596993764726945
**********01,**********05,9,SS0000000008,템퍼링 1호_템퍼1존(3존),0.161948284384145,0.991152953721956,0.7351749074434114,0.7260308286698605,,0.28137962660200677,0.8730497751842571
**********01,**********05,3,SS0000000040,템퍼링 1호_템퍼1존(4존),0.7555680726612272,0.43236171667284296,0.6909205839321169,0.012189477055355336,,0.9648563625072605,0.7244466237326672
**********01,**********05,6,SS0000000020,템퍼링 2호_템퍼1존(1존),0.7238197154196662,0.23036926150847492,0.9572937455460035,0.11710567559123852,,0.6567671660274405,0.9286323364834356
**********01,**********05,9,SS0000000048,템퍼링 2호_템퍼1존(2존),0.605830238042061,0.08888779739720531,0.8733994429171806,0.7390909500593448,,0.4684646912092484,0.9063623776142724
**********01,**********05,3,SS0000000046,템퍼링 2호_템퍼1존(3존),0.021086647421970972,0.13406944458372705,0.9847221760920286,0.8617184853258256,,0.6433602928705769,0.6197035928085773
**********01,**********05,3,SS0000000049,템퍼링 2호_템퍼1존(4존),0.7254892726185236,0.4943437006511462,0.1528358704976489,0.7434296100409471,,0.8708738919726781,0.14197700913284406
**********01,**********05,3,SS0000000025,템퍼링 2호_템퍼1존(5존),0.41722036971672305,0.8845340118486261,0.6553896108060319,0.6081418932238145,,0.22804161207546503,0.5057704391567176
**********01,**********05,6,SS0000000022,템퍼링 2호_템퍼1존(6존),0.661402437945832,0.9133716292556984,0.44161689422265316,0.2260581502795599,,0.9571057572269934,0.7643351876489795
**********01,**********05,9,SS0000000023,템퍼링 3호_템퍼1존(1존),0.4199757297937867,0.34499911702998776,0.7591877666287825,0.669941394313817,,0.9918845117875523,0.8683639322753328
**********01,**********05,9,SS0000000019,템퍼링 3호_템퍼1존(2존),0.3122551874779047,0.04117719532510378,0.03360962083078267,0.01862000038557632,,0.049301957145911124,0.8547273053974636
**********01,**********05,6,SS0000000034,템퍼링 3호_템퍼1존(3존),0.7131070636778175,0.6960357133129591,0.3315709874515629,0.8069038849861426,,0.4422318915067085,0.46083206152060663
**********01,**********05,6,SS0000000018,템퍼링 4호_템퍼1존(1존),0.6781698513532266,0.9884185358436295,0.018988823465583282,0.6996597413766344,,0.7312224036115611,0.37160623792741254
**********01,**********05,3,SS0000000049,템퍼링 4호_템퍼1존(2존),0.8646540212666333,0.9404228629610805,0.8708108097369913,0.5508790880020885,,0.7828013609253294,0.34541212835894797
**********01,**********05,3,SS0000000032,템퍼링 4호_템퍼1존(3존),0.36974563686932316,0.6042684133181274,0.886671066186766,0.6668790419795302,,0.554051693602555,0.20834683139594745
**********01,**********05,9,SS0000000014,템퍼링 4호_템퍼1존(4존),0.9136568044362219,0.7097541659727642,0.5622976460006847,0.7965635283902567,,0.2390841809405786,0.6783141905117153
**********01,**********05,6,SS0000000011,템퍼링 4호_템퍼1존(5존),0.3705812239991474,0.04000487667729957,0.1785390180421309,0.27190762338831587,,0.5367664744883918,0.4980944575020674
**********01,**********05,3,SS0000000015,템퍼링 4호_템퍼1존(6존),0.4731650795305462,0.6732379732118042,0.43075408791450753,0.04698547821755128,,0.8003136822510216,0.9790663692239001
**********01,**********05,9,SS0000000043,템퍼링 1호_템퍼1존(1존),0.48730696524769956,0.21701775644207888,0.7134807046526123,0.8243650467120913,,0.7848925266588451,0.20239622199584906
**********01,**********05,3,SS0000000022,템퍼링 1호_템퍼1존(2존),0.4006476636463482,0.5248305460848045,0.6599239938850614,0.8745567724500636,,0.09856020455934678,0.428245930803263
**********01,**********05,6,SS0000000002,템퍼링 1호_템퍼1존(3존),0.42778113955728214,0.9639639433261687,0.6561215599342926,0.9452820781093382,,0.6697353479953387,0.35251700294541277
**********01,**********05,3,SS0000000027,템퍼링 1호_템퍼1존(4존),0.38578323809077286,0.43848479013709063,0.7068390117961834,0.922738217125209,,0.029058359959374336,0.009547509734460613
**********01,**********05,6,SS0000000038,템퍼링 2호_템퍼1존(1존),0.19485826347049462,0.811297996339379,0.4131767952526476,0.5557831479418682,,0.8190455851627514,0.9372511136229448
**********01,**********05,3,SS0000000002,템퍼링 2호_템퍼1존(2존),0.555999246926566,0.43803603360333776,0.9457898569149494,0.8997463791349398,,0.5343216254079004,0.5043259891476122
**********01,**********05,9,SS0000000049,템퍼링 2호_템퍼1존(3존),0.5396901087424832,0.9148947889368291,0.8600243659910977,0.7277040381085279,,0.09919360537127353,0.9169963272013348
**********01,**********05,3,SS0000000043,템퍼링 2호_템퍼1존(4존),0.3985934472537235,0.7440602399714092,0.17838662399250893,0.3572968124961837,,0.48445661366131054,0.4293721537479903
**********01,**********05,9,SS0000000031,템퍼링 2호_템퍼1존(5존),0.34277622461716184,0.26001945056316,0.44562657840936604,0.3881882003147149,,0.7730235848125464,0.6437760478262529
**********01,**********05,3,SS0000000002,템퍼링 2호_템퍼1존(6존),0.38894695696679904,0.9451043725970986,0.6100350586300253,0.1541750221177819,,0.4506875546369503,0.9838368929031928
**********01,**********05,6,SS0000000027,템퍼링 3호_템퍼1존(1존),0.3501085877702096,0.11216982369338935,0.8519238397233437,0.9109767310355753,,0.7865726951754347,0.03259477356668039
**********01,**********05,9,SS0000000031,템퍼링 3호_템퍼1존(2존),0.799427087079281,0.3877731132524641,0.4128952150436045,0.987984775606797,,0.5329426885331371,0.4567201355123732
**********01,**********05,9,SS0000000047,템퍼링 3호_템퍼1존(3존),0.9537973243272344,0.5962578784593172,0.12155137302442864,0.4167859496889498,,0.5338662793592425,0.3453710537199861
**********01,**********05,9,SS0000000041,템퍼링 4호_템퍼1존(1존),0.9953852660371165,0.07186207364566555,0.007994681690951522,0.5226925223785909,,0.601043837584904,0.8156430638145805
**********01,**********05,3,SS0000000028,템퍼링 4호_템퍼1존(2존),0.7881914027388054,0.8614653744426138,0.8033509298059005,0.7593735854820357,,0.08013012586181789,0.2647275443137982
**********01,**********05,6,SS0000000026,템퍼링 4호_템퍼1존(3존),0.5023288384313864,0.4053850973400428,0.29943502681516254,0.6013917351032313,,0.3105430163816195,0.32956632324550506
**********01,**********05,9,SS0000000014,템퍼링 4호_템퍼1존(4존),0.10261977131905897,0.08438520899163338,0.920065179228958,0.17160474581113017,,0.7631881532683256,0.8262659101340115
**********01,**********05,9,SS0000000024,템퍼링 4호_템퍼1존(5존),0.8210799781791053,0.10404845074722058,0.9787387990354995,0.5089025643029376,,0.6061934085524107,0.1629096669358181
**********01,**********05,3,SS0000000016,템퍼링 4호_템퍼1존(6존),0.2742051424651485,0.4373844069109758,0.16071042379873457,0.12283239069041851,,0.2131054742851899,0.6341425779775823
**********01,**********05,3,SS0000000047,템퍼링 1호_템퍼1존(1존),0.5630079114364969,0.5106071417572615,0.2545344497830736,0.8338103021440306,,0.19983525546270153,0.7643040033491328
**********01,**********05,3,SS0000000033,템퍼링 1호_템퍼1존(2존),0.015901237736185014,0.7921552546448207,0.8913198572022748,0.6344415268865404,,0.674110686074247,0.7396606280031219
**********01,**********05,9,SS0000000042,템퍼링 1호_템퍼1존(3존),0.690613286030155,0.1510825428158924,0.4055461271330456,0.31717634917313897,,0.7673608022368865,0.7283104947227583
**********01,**********05,9,SS0000000010,템퍼링 1호_템퍼1존(4존),0.03134306270954679,0.7095533331311471,0.009357633240492103,0.01043629994326789,,0.6394422138763188,0.7397377836291857
**********01,**********05,9,SS0000000033,템퍼링 2호_템퍼1존(1존),0.26247390193440445,0.9388815365097076,0.22222344838509733,0.9170011402039789,,0.7837167995950768,0.7942472485237049
**********01,**********05,6,SS0000000043,템퍼링 2호_템퍼1존(2존),0.9782018967456235,0.2621052840151876,0.8884855802142885,0.5662611972423399,,0.42327969543014876,0.39725463559021
**********01,**********05,6,SS0000000010,템퍼링 2호_템퍼1존(3존),0.5113329443788834,0.4918402945951148,0.6420963807063701,0.015460533195717496,,0.7367894942611668,0.8010300741527224
**********01,**********05,9,SS0000000023,템퍼링 2호_템퍼1존(4존),0.4633077038753698,0.04234480636410631,0.14706596161617635,0.12717762898107166,,0.8392538678593061,0.5166681443903998
**********01,**********05,9,SS0000000018,템퍼링 2호_템퍼1존(5존),0.8416951577640943,0.8392850034914918,0.745874388218325,0.4106111595352403,,0.2037455052829592,0.7185494481566047
**********01,**********05,6,SS0000000043,템퍼링 2호_템퍼1존(6존),0.09425686947292478,0.43743671991709165,0.9852524945464034,0.9128808925515233,,0.8519236892070934,0.2592491881930321
**********01,**********05,3,SS0000000032,템퍼링 3호_템퍼1존(1존),0.4928275119611455,0.4055135588920944,0.08174223454714125,0.4576979928411531,,0.5201778514231814,0.20326932557309985
**********01,**********05,9,SS0000000039,템퍼링 3호_템퍼1존(2존),0.7515576406151087,0.8532077457907312,0.9923323739506242,0.6572301929049331,,0.2717124653378249,0.05360335416433437
**********01,**********05,3,SS0000000039,템퍼링 3호_템퍼1존(3존),0.38263932295434167,0.619692211790329,0.4810454798704925,0.1974153701340614,,0.028694307988635703,0.9109011318926904
**********01,**********05,9,SS0000000015,템퍼링 4호_템퍼1존(1존),0.2085389000261466,0.35176934540574933,0.7771458646798576,0.14217353986786796,,0.8399594830515359,0.2703905164400965
**********01,**********05,3,SS0000000030,템퍼링 4호_템퍼1존(2존),0.2339825214443526,0.9192703316163797,0.8794398011677403,0.5758108058721477,,0.22375160014567164,0.7627693485955499
**********01,**********05,3,SS0000000027,템퍼링 4호_템퍼1존(3존),0.11244857574471723,0.622554904691676,0.7285564729624241,0.22566788526021986,,0.3390833841020964,0.8209448220875192
**********01,**********05,3,SS0000000016,템퍼링 4호_템퍼1존(4존),0.30010896696672806,0.8916476170990187,0.4611306851807191,0.9767442151084398,,0.7666847321602903,0.7422051854005246
**********01,**********05,9,SS0000000017,템퍼링 4호_템퍼1존(5존),0.9197437621516635,0.07808798482070123,0.7057919077061946,0.9444479802971538,,0.4188656557760774,0.15829995732457347
**********01,**********05,3,SS0000000041,템퍼링 4호_템퍼1존(6존),0.9699285049099893,0.8145599018750509,0.8904136491162945,0.29779652561276126,,0.08125298650470969,0.36292994980253923
**********01,**********05,3,SS0000000044,템퍼링 1호_템퍼1존(1존),0.8650191102553858,0.5551598067315506,0.22887411537893176,0.2308817763563794,,0.16703191654476568,0.001920744775415817
**********01,**********05,3,SS0000000004,템퍼링 1호_템퍼1존(2존),0.34157795396083035,0.3568149997997647,0.41672991755955346,0.9760844516169429,,0.5265951877829675,0.18740752366942415
**********01,**********05,3,SS0000000019,템퍼링 1호_템퍼1존(3존),0.02667516293331129,0.4583911047309057,0.3602340473676475,0.556670779155575,,0.8602723769640332,0.9476648793939701
**********01,**********05,9,SS0000000043,템퍼링 1호_템퍼1존(4존),0.436733888511707,0.6974662833499988,0.6741750678270945,0.34923975117120354,,0.28328631983578,0.9221022404281516
**********01,**********05,6,SS0000000031,템퍼링 2호_템퍼1존(1존),0.23135342379624535,0.5278407571414303,0.3029213607835757,0.6959095416085624,,0.47837134145886384,0.7752555298578868
**********01,**********05,3,SS0000000008,템퍼링 2호_템퍼1존(2존),0.8742294791481615,0.7279667640863543,0.6696306495177254,0.07878267915929793,,0.506366014802456,0.3058725722104523
**********01,**********05,3,SS0000000021,템퍼링 2호_템퍼1존(3존),0.31790504653312046,0.859192626554462,0.20365086393611087,0.2702325654704353,,0.8595391711547425,0.19276585102965182
**********01,**********05,3,SS0000000034,템퍼링 2호_템퍼1존(4존),0.6768907393523101,0.6561824920411788,0.016367543569150822,0.8010945621568025,,0.32383149771263187,0.40176101054778257
**********01,**********05,9,SS0000000004,템퍼링 2호_템퍼1존(5존),0.8766988839213902,0.2529448059870508,0.5813437538134785,0.7575090226668525,,0.8774009385330286,0.8441048463130244
**********01,**********05,9,SS0000000013,템퍼링 2호_템퍼1존(6존),0.7850057943308562,0.5595964781915315,0.8476758873815112,0.7728603253541784,,0.5375600410285013,0.15745832291129291
**********01,**********05,6,SS0000000009,템퍼링 3호_템퍼1존(1존),0.4545778239020467,0.7301714675679892,0.5729786897680897,0.8620244083386439,,0.26060644210973427,0.40336293049241245
**********01,**********05,9,SS0000000023,템퍼링 3호_템퍼1존(2존),0.8932691581533896,0.4370320955880471,0.6905486959615068,0.0677128995242583,,0.8451212012054886,0.8635417343053109
**********01,**********05,9,SS0000000004,템퍼링 3호_템퍼1존(3존),0.18835887230122372,0.8095726176233321,0.9111763310736802,0.49416431129273575,,0.8877735753154284,0.6603331175066609
**********01,**********05,3,SS0000000001,템퍼링 4호_템퍼1존(1존),0.4890699237129491,0.6853628442550805,0.6342724659741688,0.3186106250184355,,0.36830942758041274,0.3942471884688986
**********01,**********05,9,SS0000000024,템퍼링 4호_템퍼1존(2존),0.1893106006159908,0.9882578804845458,0.5131072685002489,0.6367633018318857,,0.8050464988490527,0.75302600049768
**********01,**********05,9,SS0000000030,템퍼링 4호_템퍼1존(3존),0.7215770796470421,0.11927546880591755,0.9958100144047889,0.5279553712900283,,0.88864502522649,0.4043741998363273
**********01,**********05,6,SS0000000049,템퍼링 4호_템퍼1존(4존),0.8389241339662096,0.7057771612978024,0.7100055204902979,0.20032490625870025,,0.6231360326657284,0.5660580948339775
**********01,**********05,3,SS0000000042,템퍼링 4호_템퍼1존(5존),0.7224671930535356,0.6426544112661061,0.03514585584674812,0.7584141684278534,,0.3746472311457276,0.7185435909679141
**********01,**********05,9,SS0000000012,템퍼링 4호_템퍼1존(6존),0.5251766490192351,0.10918793283332551,0.4057989998806343,0.8261961118415393,,0.622060729280549,0.5659020021801371
**********01,**********05,6,SS0000000019,템퍼링 1호_템퍼1존(1존),0.013908091476249052,0.32129924359801965,0.4491382029850566,0.698398555092962,,0.6310917055588361,0.8394809185249117
**********01,**********05,3,SS0000000029,템퍼링 1호_템퍼1존(2존),0.26293490521832963,0.13062571230133035,0.5704262228019624,0.8877010776956585,,0.40602451362532865,0.7381983407656436
**********01,**********05,3,SS0000000029,템퍼링 1호_템퍼1존(3존),0.13485513179084607,0.8169305984708113,0.20652570109117996,0.6040067153916099,,0.2457668076296361,0.6261446445144631
**********01,**********05,9,SS0000000002,템퍼링 1호_템퍼1존(4존),0.9115806527996813,0.4473590812558821,0.12391487478441265,0.6624954095823284,,0.7803810606152094,0.18841721004431233
**********01,**********05,6,SS0000000033,템퍼링 2호_템퍼1존(1존),0.23834353568615707,0.48651293733781664,0.6259037859253139,0.3718093455259389,,0.40994116187372764,0.23244441849144626
**********01,**********05,3,SS0000000016,템퍼링 2호_템퍼1존(2존),0.6478396395971413,0.5878606304125262,0.07839496403739732,0.04735925272752639,,0.05649422919229774,0.054116278880876
**********01,**********05,9,SS0000000004,템퍼링 2호_템퍼1존(3존),0.6054964086505786,0.8046194818929512,0.7425013829829062,0.04863724209595732,,0.8128302200834048,0.7441758626400176
**********01,**********05,9,SS0000000012,템퍼링 2호_템퍼1존(4존),0.4817508588106153,0.28101650852966653,0.7125613129357963,0.6088194575821806,,0.46916377553526456,0.7986034780299016
**********01,**********05,9,SS0000000022,템퍼링 2호_템퍼1존(5존),0.9490101007457488,0.28133931627498987,0.5944094565028778,0.7626404224199694,,0.7793207721099717,0.5829740487634445
**********01,**********05,3,SS0000000022,템퍼링 2호_템퍼1존(6존),0.007157958990270719,0.9848047482986332,0.034228052701921086,0.31668448629641066,,0.7475781094873211,0.18829140197535166
**********01,**********05,6,SS0000000015,템퍼링 3호_템퍼1존(1존),0.45830931672574715,0.20691972499927924,0.41530472632853854,0.7155500582355946,,0.2687706406009226,0.07443100383405266
**********01,**********05,6,SS0000000039,템퍼링 3호_템퍼1존(2존),0.8158078552897489,0.2829966151157536,0.23837927106818468,0.3426401166925942,,0.8069905968461092,0.30351474778224785
**********01,**********05,6,SS0000000050,템퍼링 3호_템퍼1존(3존),0.4788057444111754,0.8423972119730753,0.09108142975151534,0.14205433918706445,,0.23993407434066572,0.6649517091908762
**********01,**********05,3,SS0000000012,템퍼링 4호_템퍼1존(1존),0.9114710077100289,0.30434378553481833,0.4066826103777924,0.5442437456272641,,0.7258887473553015,0.9428152233623461
**********01,**********05,9,SS0000000044,템퍼링 4호_템퍼1존(2존),0.1914956359022969,0.5726481102475914,0.9760124691629277,0.1976129953664173,,0.02167139306433985,0.3145523321264929
**********01,**********05,6,SS0000000021,템퍼링 4호_템퍼1존(3존),0.4118286700463998,0.7413292790094685,0.4534107066536892,0.1958080947401334,,0.95407738843548,0.05644382375593815
**********01,**********05,6,SS0000000013,템퍼링 4호_템퍼1존(4존),0.9915416128581322,0.9695457003600789,0.5539317150156164,0.016986704133303387,,0.22769915466298074,0.47559482983220414
**********01,**********05,6,SS0000000011,템퍼링 4호_템퍼1존(5존),0.5477497452412587,0.26084176858466956,0.3055799256805686,0.659551791519368,,0.7035474253446279,0.6669056440116641
**********01,**********05,3,SS0000000013,템퍼링 4호_템퍼1존(6존),0.29237573796575334,0.35892230856352936,0.31418628254329206,0.08126316393116162,,0.038592512830558756,0.0019533581088180263
**********01,**********05,6,SS0000000031,템퍼링 1호_템퍼1존(1존),0.3661748922690913,0.8714868524453453,0.7220268405528059,0.756949416643438,,0.5111325225168829,0.8588560747473276
**********01,**********05,9,SS0000000016,템퍼링 1호_템퍼1존(2존),0.6669303439662231,0.8035010646938819,0.39530989308504183,0.8537857741596664,,0.8241409722849824,0.960658894609752
**********01,**********05,3,SS0000000017,템퍼링 1호_템퍼1존(3존),0.44759703991433264,0.3234470789730721,0.7228181616803598,0.5099685344518695,,0.7902030159076652,0.9056618479213122
**********01,**********05,9,SS0000000019,템퍼링 1호_템퍼1존(4존),0.07428090422949285,0.4742289882140882,0.4365569413669189,0.5862673608336533,,0.0909650842217371,0.3846127443853111
**********01,**********05,3,SS0000000046,템퍼링 2호_템퍼1존(1존),0.1362285374706751,0.7822324671822056,0.3683647205969416,0.5865376380259292,,0.11757499352296374,0.6474836148811837
**********01,**********05,3,SS0000000039,템퍼링 2호_템퍼1존(2존),0.9496819540862235,0.9980066613287147,0.47903703874521675,0.6809557531621817,,0.8018903942093458,0.996388128116617
**********01,**********05,6,SS0000000016,템퍼링 2호_템퍼1존(3존),0.715172479835895,0.12641883249588814,0.7605825166096499,0.7296200601579809,,0.8203687484684109,0.7061287601923156
**********01,**********05,3,SS0000000015,템퍼링 2호_템퍼1존(4존),0.1272571666612169,0.47256658722109923,0.7452263636116419,0.8880101648012063,,0.31968361932848266,0.1114179997859095
**********01,**********05,6,SS0000000014,템퍼링 2호_템퍼1존(5존),0.9476398855403207,0.9035862393744408,0.7061951161673949,0.6603709258822863,,0.07884590328190333,0.33535652137761895
**********01,**********05,9,SS0000000028,템퍼링 2호_템퍼1존(6존),0.500606287524341,0.60817447603744,0.45090272142687526,0.8924101813196716,,0.9791475187720322,0.5625024020884805
**********01,**********05,6,SS0000000049,템퍼링 3호_템퍼1존(1존),0.5293715622172571,0.006238772759300293,0.2676502762305326,0.6028683892096338,,0.05871296268874482,0.4642552230585395
**********01,**********05,9,SS0000000041,템퍼링 3호_템퍼1존(2존),0.2341023859490695,0.7028479996093596,0.3158708072891311,0.08605384579292841,,0.18579807625022826,0.8579138439073246
**********01,**********05,3,SS0000000022,템퍼링 3호_템퍼1존(3존),0.9090045698482865,0.9604779193541746,0.3412351615188708,0.588175224111398,,0.02646525454445625,0.7626384776608838
**********01,**********05,3,SS0000000046,템퍼링 4호_템퍼1존(1존),0.28371272061922204,0.9674438028997885,0.3451195619023768,0.43754583488220733,,0.9005882636238057,0.01080157372839785
**********01,**********05,3,SS0000000050,템퍼링 4호_템퍼1존(2존),0.024778395396085395,0.4153077220202448,0.26469563401753593,0.7381475838695858,,0.7247409711760228,0.5090426834271765
**********01,**********05,9,SS0000000003,템퍼링 4호_템퍼1존(3존),0.6877335899107334,0.9316640099497143,0.6740408294688065,0.47481192189775834,,0.27145551619698294,0.6052097316910597
**********01,**********05,9,SS0000000047,템퍼링 4호_템퍼1존(4존),0.6909231996244789,0.0042655531747238795,0.7386786594854288,0.5842889581248544,,0.6225280045321082,0.6308842415418547
**********01,**********05,3,SS0000000048,템퍼링 4호_템퍼1존(5존),0.7398425530121715,0.06817769077664593,0.732478443325495,0.5963222004605069,,0.4836217022371858,0.9581085326089948
**********01,**********05,3,SS0000000012,템퍼링 4호_템퍼1존(6존),0.6170954574228911,0.21784533580178245,0.5729569505135726,0.06396622308286515,,0.5134826759661892,0.3623699566679961
**********01,**********05,9,SS0000000030,템퍼링 1호_템퍼1존(1존),0.47447931529169796,0.47464715815881786,0.8034341429245799,0.7190090696195982,,0.248453030646259,0.8763138839779818
**********01,**********05,9,SS0000000015,템퍼링 1호_템퍼1존(2존),0.20459117824179474,0.3989911040979667,0.039393576953912435,0.6150668823001351,,0.23775851023409733,0.5606800546135773
**********01,**********05,6,SS0000000021,템퍼링 1호_템퍼1존(3존),0.12520634045925338,0.323288693065226,0.34267257735487555,0.8748144848031514,,0.3644102510157601,0.6655163172666614
**********01,**********05,3,SS0000000008,템퍼링 1호_템퍼1존(4존),0.7073409386609469,0.4528341747260426,0.171510694895327,0.6494857062595722,,0.14203318287915745,0.8126547438568869
**********01,**********05,3,SS0000000029,템퍼링 2호_템퍼1존(1존),0.7236628227076786,0.629301764952234,0.17655099101276173,0.5471459552440812,,0.8992944152577029,0.47941427584886775
**********01,**********05,3,SS0000000001,템퍼링 2호_템퍼1존(2존),0.36759803502622956,0.768925356156536,0.9623876066241368,0.7907966767579214,,0.855363962519663,0.7740577683110795
**********01,**********05,6,SS0000000048,템퍼링 2호_템퍼1존(3존),0.39338720191225207,0.7041671234221947,0.6083662543687656,0.5105322557443985,,0.986710249277933,0.4802172008171476
**********01,**********05,9,SS0000000039,템퍼링 2호_템퍼1존(4존),0.46346264693848227,0.6489738364751579,0.6880423533858557,0.08073886174885836,,0.05617416946843301,0.7824838142728436
**********01,**********05,6,SS0000000031,템퍼링 2호_템퍼1존(5존),0.09094263322375118,0.2688692193758859,0.8886751159022377,0.7169066569962862,,0.92601925350275,0.8017267518828737
**********01,**********05,6,SS0000000016,템퍼링 2호_템퍼1존(6존),0.9610301082554878,0.2419100933906818,0.5767948166964149,0.04464221687864911,,0.11085522528699387,0.039275942593748114
**********01,**********05,6,SS0000000020,템퍼링 3호_템퍼1존(1존),0.07752624509496009,0.2439165239407739,0.4937007623894871,0.12791460039844116,,0.6782181297946027,0.6147557856843605
**********01,**********05,3,SS0000000026,템퍼링 3호_템퍼1존(2존),0.732155625723208,0.633747306802954,0.5431447351069036,0.6969454866553317,,0.08122282459289909,0.3947829509817552
**********01,**********05,6,SS0000000018,템퍼링 3호_템퍼1존(3존),0.9627291817004562,0.3716271239350917,0.4012123353940127,0.6779886494428212,,0.07338487685726924,0.33243632410974844
**********01,**********05,9,SS0000000048,템퍼링 4호_템퍼1존(1존),0.7243235497354327,0.2514819958185769,0.0866801848446963,0.8750557902929145,,0.4186013845704517,0.10191643295557573
**********01,**********05,3,SS0000000045,템퍼링 4호_템퍼1존(2존),0.11332973572726035,0.308970204841577,0.42375300309316755,0.8541539836380772,,0.34823913603125367,0.08322592043915289
**********01,**********05,9,SS0000000046,템퍼링 4호_템퍼1존(3존),0.22539684100582846,0.4398962160529206,0.7441366253285523,0.25773168081322384,,0.5695414938033858,0.8952290784674518
**********01,**********05,3,SS0000000007,템퍼링 4호_템퍼1존(4존),0.13506787395390607,0.5875192751336576,0.8625821244803097,0.4980418694464904,,0.05545045075768884,0.9453622515453184
**********01,**********05,9,SS0000000018,템퍼링 4호_템퍼1존(5존),0.030859832986183333,0.2440046063970065,0.14716821687315107,0.35977857564651206,,0.006599060441962901,0.9726814179775938
**********01,**********05,9,SS0000000037,템퍼링 4호_템퍼1존(6존),0.6626602092733609,0.696528629154574,0.36787408910952357,0.08980393347295335,,0.1724263082205305,0.30408329067384365
**********01,**********05,9,SS0000000014,템퍼링 1호_템퍼1존(1존),0.2773013567555235,0.6235664962345527,0.04679680718507684,0.8393408674667715,,0.5768828824696038,0.4550050161017396
**********01,**********05,6,SS0000000022,템퍼링 1호_템퍼1존(2존),0.5449600058428493,0.40453569467601447,0.21134114729864228,0.7705441087274406,,0.25098458694114556,0.9273472284089532
**********01,**********05,3,SS0000000009,템퍼링 1호_템퍼1존(3존),0.5091893803762585,0.7882818561477528,0.9015894575769273,0.9987862671762179,,0.8296182612738925,0.4772219704491921
**********01,**********05,3,SS0000000034,템퍼링 1호_템퍼1존(4존),0.19101613376873705,0.7192038299229885,0.8671182221491928,0.9840716842170459,,0.0639839921954578,0.2803273691871909
**********01,**********05,3,SS0000000005,템퍼링 2호_템퍼1존(1존),0.4562636832597372,0.8347444699447206,0.36573643207097095,0.12592956455102744,,0.16963676277192774,0.9470652730117141
**********01,**********05,3,SS0000000004,템퍼링 2호_템퍼1존(2존),0.5170086470096362,0.6008027845293565,0.762198522789634,0.4440720962517817,,0.8519231591872685,0.4170316323445089
**********01,**********05,9,SS0000000029,템퍼링 2호_템퍼1존(3존),0.7053626131764937,0.03970132350895916,0.5490572700095783,0.6588573532882068,,0.6255050643947725,0.694538107002212
**********01,**********05,9,SS0000000032,템퍼링 2호_템퍼1존(4존),0.2616357042901696,0.0543905637390123,0.13219729946859837,0.6494949914470128,,0.5345844754434953,0.019551035951154816
**********01,**********05,3,SS0000000022,템퍼링 2호_템퍼1존(5존),0.9611922446865043,0.15920638835252343,0.3534803269954655,0.02581387061292595,,0.5577640157451785,0.404333429335755
**********01,**********05,6,SS0000000048,템퍼링 2호_템퍼1존(6존),0.2990639992747378,0.7227858302553105,0.8471974183557056,0.9598277297700134,,0.805291056325568,0.7611841262189579
**********01,**********05,3,SS0000000034,템퍼링 3호_템퍼1존(1존),0.1313129127395013,0.3272458710085965,0.6254605686241044,0.644011621283197,,0.4703103873589449,0.024748173425604092
**********01,**********05,9,SS0000000007,템퍼링 3호_템퍼1존(2존),0.3698705963951294,0.5580985701940406,0.6584428423452204,0.743050085570713,,0.6958736738073875,0.6954830585220496
**********01,**********05,9,SS0000000045,템퍼링 3호_템퍼1존(3존),0.41237236279006695,0.9405160715738865,0.14988341078874046,0.05695501565010341,,0.38587747592759913,0.6166219632434787
**********01,**********05,3,SS0000000014,템퍼링 4호_템퍼1존(1존),0.9958259632930264,0.29986882229250855,0.3663988073399864,0.03578394872635182,,0.14453931977153933,0.8919330369920673
**********01,**********05,6,SS0000000019,템퍼링 4호_템퍼1존(2존),0.6130616226742038,0.8295419436310906,0.6553681272902879,0.6252534137015854,,0.7362716115239617,0.3585015492452215
**********01,**********05,6,SS0000000001,템퍼링 4호_템퍼1존(3존),0.036425537898160054,0.9994879269900893,0.715291012812515,0.7735220164012746,,0.16239121767123643,0.08259864133889117
**********01,**********05,6,SS0000000036,템퍼링 4호_템퍼1존(4존),0.7675802110778924,0.6080294886977803,0.43855927720649235,0.2117250748671865,,0.21350039591104808,0.8184941126475453
**********01,**********05,3,SS0000000032,템퍼링 4호_템퍼1존(5존),0.7937903945062084,0.904015564891834,0.14713717141745353,0.806940448682247,,0.5971085662708221,0.0036193057372666537
**********01,**********05,9,SS0000000003,템퍼링 4호_템퍼1존(6존),0.15919809823306152,0.817234754128064,0.7007942627139012,0.4369266733742978,,0.29063993429933765,0.10747204430540225
**********01,**********05,3,SS0000000017,템퍼링 1호_템퍼1존(1존),0.49558280134912347,0.6137376662676,0.910053233140283,0.6665970093699444,,0.3844300034827359,0.15359663079037755
**********01,**********05,3,SS0000000005,템퍼링 1호_템퍼1존(2존),0.5178601834319084,0.5437625058384095,0.6772514133226685,0.29422166708699693,,0.5004960111188329,0.6660749858296335
**********01,**********05,6,SS0000000028,템퍼링 1호_템퍼1존(3존),0.20033603356484964,0.3267293485685424,0.9165684973675087,0.647967745373284,,0.1295286775026534,0.4735222863703309
**********01,**********05,3,SS0000000001,템퍼링 1호_템퍼1존(4존),0.09437155009548603,0.3853373807455601,0.6743924927304605,0.2526684712729895,,0.19433548191932382,0.5401847664220287
**********01,**********05,9,SS0000000002,템퍼링 2호_템퍼1존(1존),0.3970987772898701,0.36946194229769913,0.6976999865466643,0.4524103005311433,,0.5945278421860347,0.5487701415349597
**********01,**********05,9,SS0000000017,템퍼링 2호_템퍼1존(2존),0.7867343376493301,0.27055034246392484,0.9213733080758036,0.5248053504483651,,0.3658719363439057,0.2916932936959534
**********01,**********05,9,SS0000000046,템퍼링 2호_템퍼1존(3존),0.19088083586717786,0.7950866138817623,0.7974003633567897,0.8927889234392745,,0.30411123597184864,0.07292152484499403
**********01,**********05,9,SS0000000004,템퍼링 2호_템퍼1존(4존),0.2863492709111254,0.9880910787727533,0.4365726742462831,0.5581180172134351,,0.25000317167803854,0.5100033788988025
**********01,**********05,3,SS0000000042,템퍼링 2호_템퍼1존(5존),0.7938671548321099,0.07740751723009864,0.1360202523088001,0.8514583448361505,,0.7638243543466151,0.3616729081815431
**********01,**********05,6,SS0000000017,템퍼링 2호_템퍼1존(6존),0.702150294671823,0.20578351995356325,0.08900223568586552,0.8174128271318742,,0.6586486214254366,0.2567609177322838
**********01,**********05,9,SS0000000041,템퍼링 3호_템퍼1존(1존),0.7534994920385255,0.11830045599090833,0.7247946467527857,0.4440426852338648,,0.6820423879745122,0.4100547321236131
**********01,**********05,3,SS0000000013,템퍼링 3호_템퍼1존(2존),0.8172691491245174,0.2878082156176156,0.22248395341733385,0.7720836190256464,,0.02168886222444455,0.022304735773868045
**********01,**********05,3,SS0000000038,템퍼링 3호_템퍼1존(3존),0.22326036816282746,0.004294286854682805,0.5066848816800856,0.5131639700659356,,0.5040615297347849,0.9549136428052357
**********01,**********05,9,SS0000000015,템퍼링 4호_템퍼1존(1존),0.022353067505723856,0.6299316730826737,0.22332462211555548,0.18803726501238927,,0.37998792397596537,0.7183046006643132
**********01,**********05,3,SS0000000033,템퍼링 4호_템퍼1존(2존),0.31807068985510434,0.2540821776278669,0.6125176387441681,0.1469735315755928,,0.6846210658318667,0.40658209119701083
**********01,**********05,9,SS0000000018,템퍼링 4호_템퍼1존(3존),0.9031799712789365,0.8401050815819479,0.9043547463134082,0.8427641802031153,,0.39761817193933713,0.26600493194934616
**********01,**********05,9,SS0000000019,템퍼링 4호_템퍼1존(4존),0.6342251437786125,0.5136774475312672,0.6316963051455993,0.2529055705438945,,0.7067247608254132,0.16038513913131391
**********01,**********05,6,SS0000000044,템퍼링 4호_템퍼1존(5존),0.740945835791179,0.792148533065819,0.1889197139401666,0.424789807410364,,0.5825791341380877,0.8164189288392685
**********01,**********05,9,SS0000000050,템퍼링 4호_템퍼1존(6존),0.7298793609528056,0.8220989345268532,0.8292259145599573,0.8535424857834,,0.5449903569175536,0.7331057381794308
**********01,**********05,6,SS0000000027,템퍼링 1호_템퍼1존(1존),0.002462977023155899,0.3112441793300209,0.5313084416513962,0.05579539274671497,,0.7117020576688285,0.2426325717749378
**********01,**********05,9,SS0000000009,템퍼링 1호_템퍼1존(2존),0.031156549088858343,0.10299288248824134,0.33182469522548963,0.22969804934894256,,0.5428183349110406,0.7187546039313512
**********01,**********05,6,SS0000000029,템퍼링 1호_템퍼1존(3존),0.5473909569470428,0.47341838641586975,0.20213069194062394,0.4060834688332925,,0.9495761876966896,0.8961698338649307
**********01,**********05,3,SS0000000019,템퍼링 1호_템퍼1존(4존),0.4751586831373904,0.15793607474999038,0.5887112394536794,0.47856062448004866,,0.8267516703226635,0.7670903318604926
**********01,**********05,9,SS0000000041,템퍼링 2호_템퍼1존(1존),0.028385515147207552,0.009979218864642703,0.009443913936869608,0.4493543461150751,,0.982908181572347,0.678326417055357
**********01,**********05,9,SS0000000027,템퍼링 2호_템퍼1존(2존),0.9539653889652768,0.41820124521565205,0.5822684143913424,0.5391994576937786,,0.019135393889252228,0.1331265073703759
**********01,**********05,3,SS0000000015,템퍼링 2호_템퍼1존(3존),0.5991595841217555,0.6987332167969975,0.6489648215470429,0.5577190256590248,,0.9986823057129167,0.7346293163548807
**********01,**********05,3,SS0000000013,템퍼링 2호_템퍼1존(4존),0.18024892180279273,0.658678787515789,0.9728074143909299,0.11004528046878903,,0.09296090232539278,0.7794220438445243
**********01,**********05,9,SS0000000010,템퍼링 2호_템퍼1존(5존),0.7709585858811792,0.558600690093882,0.8463721666182858,0.8667058722626605,,0.20015154786276956,0.9290131758654165
**********01,**********05,3,SS0000000012,템퍼링 2호_템퍼1존(6존),0.17396322467591052,0.7391639379742526,0.6249707155552776,0.7548041533559744,,0.5666945233460521,0.5131764117342547
**********01,**********05,9,SS0000000043,템퍼링 3호_템퍼1존(1존),0.8284742720807657,0.9190560648126674,0.28170538194867767,0.8833984953056938,,0.07045333171941581,0.4611821742838942
**********01,**********05,3,SS0000000001,템퍼링 3호_템퍼1존(2존),0.8823519980058687,0.8026002673276188,0.3677534905467038,0.32644544804901887,,0.6375073490152136,0.08194358595854445
**********01,**********05,9,SS0000000042,템퍼링 3호_템퍼1존(3존),0.8050283619548118,0.57534206425598,0.19665997138250668,0.16122999790431747,,0.028273723168912968,0.47883086266796104
**********01,**********05,9,SS0000000019,템퍼링 4호_템퍼1존(1존),0.3537494551453275,0.2853612649778956,0.5859784284111763,0.819499030205229,,0.2824806197726637,0.8952230077590194
**********01,**********05,3,SS0000000032,템퍼링 4호_템퍼1존(2존),0.013942043044447239,0.6174234694276377,0.890739898289034,0.7418790011994035,,0.84090295322716,0.19357710355590108
**********01,**********05,9,SS0000000003,템퍼링 4호_템퍼1존(3존),0.7862656410998891,0.214727142912858,0.9664790392086592,0.6663746676808296,,0.26189246484764905,0.21011914047387448
**********01,**********05,6,SS0000000036,템퍼링 4호_템퍼1존(4존),0.3592723556904227,0.20408048949025726,0.16950584281053294,0.284192005293627,,0.7695657174447894,0.9629598968805703
**********01,**********05,9,SS0000000031,템퍼링 4호_템퍼1존(5존),0.26336722731311535,0.10704677803951701,0.9191846911733388,0.07967399421195565,,0.7845228490225414,0.3204575135653909
**********01,**********05,9,SS0000000047,템퍼링 4호_템퍼1존(6존),0.8943396471641089,0.9378695195205015,0.9767889350792595,0.047677030670061904,,0.7716221708005361,0.6139765056469444
**********01,**********05,6,SS0000000003,템퍼링 1호_템퍼1존(1존),0.3124656232221996,0.1538138676576517,0.9948596302267313,0.4778566606685498,,0.6292936680037494,0.5854609447409457
**********01,**********05,3,SS0000000025,템퍼링 1호_템퍼1존(2존),0.5834637633410314,0.9436652128230683,0.014124645389190227,0.3666129362883598,,0.3375256972241022,0.27134820684245364
**********01,**********05,3,SS0000000029,템퍼링 1호_템퍼1존(3존),0.11381161822862562,0.05726561714878131,0.42844712804275153,0.385643641505958,,0.6691833423520301,0.6296447830672229
**********01,**********05,3,SS0000000011,템퍼링 1호_템퍼1존(4존),0.812423826430015,0.9291674414745068,0.12480637132471128,0.7524096818971266,,0.02876101250153007,0.7983127497113107
**********01,**********05,3,SS0000000022,템퍼링 2호_템퍼1존(1존),0.2469512550514643,0.7822808605480531,0.20543632706743464,0.10202028992218704,,0.44224212130457796,0.5138462147129342
**********01,**********05,3,SS0000000044,템퍼링 2호_템퍼1존(2존),0.18839984129483245,0.6612328466390789,0.7128246320103327,0.4927871818770948,,0.951902999355437,0.5403939957790713
**********01,**********05,6,SS0000000003,템퍼링 2호_템퍼1존(3존),0.8654350242324469,0.8460709331491307,0.13348328341536053,0.4206486366731065,,0.4186244599720721,0.7472697663343806
**********01,**********05,9,SS0000000035,템퍼링 2호_템퍼1존(4존),0.6413412086097678,0.3670176198110061,0.497888943202735,0.296202586872658,,0.6405577645882857,0.974695069881825
**********01,**********05,6,SS0000000029,템퍼링 2호_템퍼1존(5존),0.09887804627496954,0.17064339321340893,0.8135871270735116,0.9938459105571503,,0.16270431139712815,0.6321884826368223
**********01,**********05,6,SS0000000040,템퍼링 2호_템퍼1존(6존),0.5584259373966811,0.30866612950300454,0.7465476768430968,0.9629489030804365,,0.7728904083247496,0.5797466035063421
**********01,**********05,9,SS0000000049,템퍼링 3호_템퍼1존(1존),0.9064476107681819,0.21721286507993365,0.6045782432165778,0.32956354060850923,,0.8094274891431421,0.7802957854426001
**********01,**********05,6,SS0000000035,템퍼링 3호_템퍼1존(2존),0.5281507132558813,0.2267892292279139,0.13218217277797772,0.35423179203016153,,0.3005624784308695,0.39863015158637694
**********01,**********05,3,SS0000000009,템퍼링 3호_템퍼1존(3존),0.5555954731109437,0.19622506056316402,0.026096000031510025,0.4700722370148789,,0.23752780784531968,0.7663135646104231
**********01,**********05,9,SS0000000048,템퍼링 4호_템퍼1존(1존),0.38742876041428087,0.2987054820661056,0.08897890924266105,0.7198625852221132,,0.6251164014685452,0.1698640776766902
**********01,**********05,3,SS0000000005,템퍼링 4호_템퍼1존(2존),0.34550726340564497,0.030108155734842046,0.3375549398549237,0.009757110351190534,,0.3024602633595346,0.4407667812496422
**********01,**********05,6,SS0000000017,템퍼링 4호_템퍼1존(3존),0.18032355105371678,0.0302111673349158,0.5550475581117651,0.6866062303559561,,0.32720576108250987,0.6950679293898147
**********01,**********05,9,SS0000000024,템퍼링 4호_템퍼1존(4존),0.1644606156601286,0.08181752590854874,0.27905772806699436,0.32051650519804353,,0.4414856584181468,0.5248126593960083
**********01,**********05,6,SS0000000040,템퍼링 4호_템퍼1존(5존),0.06777772195373843,0.2655617052820918,0.8754808785343667,0.7545220073432858,,0.8280159684811035,0.8817998951185614
**********01,**********05,9,SS0000000023,템퍼링 4호_템퍼1존(6존),0.14328155184002866,0.23057445471281068,0.1486341642295026,0.5146467823009541,,0.8260931003311419,0.28168491540177465
**********01,**********05,9,SS0000000028,템퍼링 1호_템퍼1존(1존),0.4794934285575041,0.45898516066099015,0.6613340293710949,0.8687563228540444,,0.2811283971708626,0.2683530325801553
**********01,**********05,6,SS0000000001,템퍼링 1호_템퍼1존(2존),0.7396999854887555,0.3410763051509409,0.41683272945895866,0.24521301804943663,,0.6179524343342864,0.19620077473822273
**********01,**********05,9,SS0000000007,템퍼링 1호_템퍼1존(3존),0.7589858747711594,0.6481106234785319,0.5179306846077443,0.2746386549693963,,0.7299287922220862,0.492306638446673
**********01,**********05,3,SS0000000039,템퍼링 1호_템퍼1존(4존),0.043829436666146915,0.15266088044018322,0.7956674141537755,0.14088050832771204,,0.596653245180069,0.7110628580859112
**********01,**********05,6,SS0000000026,템퍼링 2호_템퍼1존(1존),0.7680482406452137,0.7439541667978946,0.2556783816315713,0.13921775314767004,,0.5920162234064442,0.16740006439476018
**********01,**********05,3,SS0000000039,템퍼링 2호_템퍼1존(2존),0.8481733744788466,0.5181345608729863,0.5326980032460897,0.22854575977316927,,0.09142395151611182,0.6330170127278623
**********01,**********05,6,SS0000000017,템퍼링 2호_템퍼1존(3존),0.8631933890231923,0.1115672978972092,0.8185439070554711,0.34358264615464773,,0.118586586961963,0.8726048271383778
**********01,**********05,3,SS0000000004,템퍼링 2호_템퍼1존(4존),0.9507193751089911,0.12853909031064648,0.18383856747063199,0.2153691878770524,,0.39943675083712027,0.7731571857779024
**********01,**********05,3,SS0000000041,템퍼링 2호_템퍼1존(5존),0.45809448723582324,0.2531134645434707,0.4845988789020449,0.14828902167791835,,0.7392948111573803,0.28892371551445706
**********01,**********05,6,SS0000000005,템퍼링 2호_템퍼1존(6존),0.06813686845624034,0.24034972267595567,0.32697853924646836,0.1788888542982514,,0.47413683628271286,0.3401814154326859
**********01,**********05,9,SS0000000009,템퍼링 3호_템퍼1존(1존),0.40889375270551853,0.46192743242418344,0.8964913009833518,0.347788227217112,,0.6965585015832932,0.42955778041677095
**********01,**********05,9,SS0000000043,템퍼링 3호_템퍼1존(2존),0.01904583876425514,0.9621939220222613,0.4705868671033071,0.45573525940304893,,0.8319933696750684,0.37385835314448457
**********01,**********05,6,SS0000000045,템퍼링 3호_템퍼1존(3존),0.9052639921547297,0.6246843052342438,0.3100623923889506,0.9829357894912584,,0.26972223776878324,0.5513116319046918
**********01,**********05,3,SS0000000028,템퍼링 4호_템퍼1존(1존),0.39358766680618074,0.9172138666648414,0.2752373581932053,0.17865248633303155,,0.850080292272678,0.3276435272339203
**********01,**********05,6,SS0000000028,템퍼링 4호_템퍼1존(2존),0.011110206374688958,0.48696576401073,0.6176883709436005,0.3062681843937288,,0.05920205155630465,0.4729622960419395
**********01,**********05,9,SS0000000003,템퍼링 4호_템퍼1존(3존),0.5463243972769224,0.05131088470915002,0.24289635955354794,0.3518799344111436,,0.14105294677837743,0.8947454641336701
**********01,**********05,9,SS0000000042,템퍼링 4호_템퍼1존(4존),0.5389611860436844,0.27510766712915313,0.8470289546887395,0.444728683254377,,0.6664693486515654,0.1786486595106992
**********01,**********05,9,SS0000000019,템퍼링 4호_템퍼1존(5존),0.7419616910940491,0.31938432847081455,0.7273483865530012,0.7612058177966886,,0.5593954764086116,0.5718680280961704
**********01,**********05,3,SS0000000015,템퍼링 4호_템퍼1존(6존),0.6098830462975773,0.5143163542077154,0.8134668693971936,0.6359745570808014,,0.297459669103623,0.9198197766153781
**********01,**********05,6,SS0000000006,템퍼링 1호_템퍼1존(1존),0.24561592031263435,0.9271154332619552,0.3219187456049042,0.28452290393179946,,0.09366100018682033,0.43942881045263604
**********01,**********05,9,SS0000000012,템퍼링 1호_템퍼1존(2존),0.08101817080946949,0.5034026465185054,0.8211956304157021,0.10595831283228252,,0.5020155950693498,0.6796845682435316
**********01,**********05,9,SS0000000013,템퍼링 1호_템퍼1존(3존),0.6565580339997104,0.09654419145372373,0.9164681424713831,0.9552504867315703,,0.051001815887758206,0.20679634104564726
**********01,**********05,3,SS0000000040,템퍼링 1호_템퍼1존(4존),0.8101252501402209,0.9493409408491243,0.6878142145560059,0.6211027118981592,,0.8417644921289743,0.3980746656151465
**********01,**********05,9,SS0000000044,템퍼링 2호_템퍼1존(1존),0.870450259027093,0.14847764587916534,0.4810966213003518,0.7559396892584322,,0.3360421131660448,0.9138149741601644
**********01,**********05,3,SS0000000029,템퍼링 2호_템퍼1존(2존),0.03898965638707763,0.7831999367964945,0.28613826972830936,0.3518471269389677,,0.8990754212212327,0.9177711470803095
**********01,**********05,6,SS0000000023,템퍼링 2호_템퍼1존(3존),0.6410028305464383,0.2606323625151583,0.7892316390122887,0.6195369232676701,,0.21785580778211688,0.26237115364925245
**********01,**********05,6,SS0000000037,템퍼링 2호_템퍼1존(4존),0.17603335643758145,0.3917550059659797,0.45429325867969017,0.9148709620971716,,0.06684657001491845,0.1680823406647226
**********01,**********05,3,SS0000000014,템퍼링 2호_템퍼1존(5존),0.5929236014658679,0.4369474887365168,0.1948070558906122,0.7709610608170036,,0.5614024487007861,0.4016030115550011
**********01,**********05,6,SS0000000011,템퍼링 2호_템퍼1존(6존),0.5848115282893872,0.7288189789189045,0.5904276433205373,0.7089640700044221,,0.21290931653530043,0.442613613981497
**********01,**********05,6,SS0000000001,템퍼링 3호_템퍼1존(1존),0.9536571528334059,0.22730858350154692,0.40603197297114424,0.5095986129437595,,0.3529856971108478,0.6479381401768862
**********01,**********05,3,SS0000000048,템퍼링 3호_템퍼1존(2존),0.5788109720570657,0.10624757848060251,0.12948365723384037,0.8874959872810683,,0.060162031927808446,0.018820662731937943
**********01,**********05,6,SS0000000027,템퍼링 3호_템퍼1존(3존),0.945473889199927,0.31068939877737933,0.9293840581005096,0.9273442995306043,,0.5185182215245884,0.7710349131121438
**********01,**********05,3,SS0000000006,템퍼링 4호_템퍼1존(1존),0.1491559144033725,0.6156787107885913,0.9013712573876312,0.30072523835705334,,0.13565885689432677,0.18751289868362353
**********01,**********05,3,SS0000000023,템퍼링 4호_템퍼1존(2존),0.3542063045097943,0.7393454011543834,0.3694034995422051,0.15999265313616884,,0.48013155908010596,0.06372644882472367
**********01,**********05,6,SS0000000037,템퍼링 4호_템퍼1존(3존),0.25327394399227976,0.2597554454106441,0.44498628434270804,0.580812501957273,,0.205423170899934,0.7036991223948795
**********01,**********05,3,SS0000000042,템퍼링 4호_템퍼1존(4존),0.17137298775975907,0.25008082668435827,0.5614872358813198,0.5254575043736255,,0.4119224429448525,0.5650746534780182
**********01,**********05,9,SS0000000032,템퍼링 4호_템퍼1존(5존),0.985535196040133,0.11522381442324459,0.6145499290477382,0.7317012778095275,,0.7053221966379006,0.4529874763214401
**********01,**********05,9,SS0000000049,템퍼링 4호_템퍼1존(6존),0.930590077234997,0.06502223479854907,0.37696395847798003,0.30428611675048656,,0.3130833649486964,0.66051700870992
**********01,**********05,3,SS0000000037,템퍼링 1호_템퍼1존(1존),0.522404927095367,0.6020051311057153,0.8426229842629157,0.8473528224627316,,0.3459232141566455,0.9857784181433391
**********01,**********05,6,SS0000000011,템퍼링 1호_템퍼1존(2존),0.2800025163143478,0.5555685924352957,0.22540128808616344,0.8026338018676263,,0.24799252354317425,0.3110236218505378
**********01,**********05,3,SS0000000034,템퍼링 1호_템퍼1존(3존),0.7255850045721207,0.8109720383528735,0.14902509815971465,0.33107589740021737,,0.4749787872950393,0.3188098407153678
**********01,**********05,3,SS0000000005,템퍼링 1호_템퍼1존(4존),0.42026911156918245,0.5931598165242435,0.8952113827174715,0.7443389548857632,,0.5180929019950838,0.2310415735246817
**********01,**********05,6,SS0000000031,템퍼링 2호_템퍼1존(1존),0.4254654855140967,0.3289087559050732,0.9408021880109764,0.7071153905785564,,0.3407659034158037,0.297108524865795
**********01,**********05,3,SS0000000013,템퍼링 2호_템퍼1존(2존),0.25780450648827946,0.8213346675657162,0.392198636551472,0.15668468693567683,,0.5038492955503197,0.5156842236967014
**********01,**********05,3,SS0000000011,템퍼링 2호_템퍼1존(3존),0.10918162840458845,0.7779445228647677,0.5564091969629715,0.7771546323722922,,0.41414180760209995,0.7826999910121499
**********01,**********05,6,SS0000000029,템퍼링 2호_템퍼1존(4존),0.5895168774062033,0.7908212559625304,0.7158350414196796,0.5805336956097398,,0.9817680898545187,0.8345855096529968
**********01,**********05,6,SS0000000041,템퍼링 2호_템퍼1존(5존),0.3040752618537119,0.7071477624966728,0.6441532600875127,0.5966333516533889,,0.30364364948835554,0.6843363682089567
**********01,**********05,6,SS0000000023,템퍼링 2호_템퍼1존(6존),0.4129712127460131,0.5738549824369769,0.285629678960692,0.9895701581964754,,0.25747162829380654,0.5499252574559103
**********01,**********05,9,SS0000000014,템퍼링 3호_템퍼1존(1존),0.8799897919152727,0.3035529492863356,0.8703511144697549,0.10787961357436637,,0.04308792827107377,0.20048530218255223
**********01,**********05,6,SS0000000020,템퍼링 3호_템퍼1존(2존),0.0793869167785548,0.37521675712438174,0.4523577706165326,0.618177965875084,,0.6994160044478697,0.4066735444539642
**********01,**********05,3,SS0000000041,템퍼링 3호_템퍼1존(3존),0.4550422796087591,0.4415489803354179,0.8360432045062248,0.6841464818774597,,0.1717499280252085,0.2780573561611931
**********01,**********05,3,SS0000000039,템퍼링 4호_템퍼1존(1존),0.130821937615203,0.9246291748416635,0.3195051098026851,0.4093440813711897,,0.08433974241194886,0.45066857402165605
**********01,**********05,3,SS0000000039,템퍼링 4호_템퍼1존(2존),0.7685126457132088,0.59635525583177,0.4340439640017473,0.0900348046347299,,0.9603991963653363,0.30208381524223105
**********01,**********05,9,SS0000000021,템퍼링 4호_템퍼1존(3존),0.22014031767168984,0.17189923489955372,0.665385465733844,0.45206992557472636,,0.8654354128669015,0.8512029910523408
**********01,**********05,9,SS0000000012,템퍼링 4호_템퍼1존(4존),0.5400190339598134,0.8103124892242708,0.9589572484616131,0.8316569502655264,,0.7483936561713996,0.25875014947267094
**********01,**********05,6,SS0000000026,템퍼링 4호_템퍼1존(5존),0.2533661093757098,0.41532629652517505,0.3820315376266573,0.6627078651536485,,0.3672832558194673,0.8242565207679979
**********01,**********05,9,SS0000000040,템퍼링 4호_템퍼1존(6존),0.7161696829139934,0.05456514347599506,0.9826924513937275,0.8312940061498668,,0.16293621907745248,0.6475613001653987
**********01,**********05,9,SS0000000027,템퍼링 1호_템퍼1존(1존),0.1425795446321486,0.1719270690514113,0.4816238209858077,0.5197942387477203,,0.28218763580470896,0.7947686163017533
**********01,**********05,9,SS0000000025,템퍼링 1호_템퍼1존(2존),0.6201731543991694,0.007093199069836409,0.5704393473479142,0.2564727945169252,,0.1697862017553745,0.42182559280625154
**********01,**********05,6,SS0000000019,템퍼링 1호_템퍼1존(3존),0.39046787994515864,0.9326415407227095,0.9722725742061409,0.29043165812097893,,0.5687370072496449,0.1397794736156841
**********01,**********05,6,SS0000000026,템퍼링 1호_템퍼1존(4존),0.23503181374405935,0.604148206819494,0.4047086091174611,0.945782439356734,,0.28900089128096906,0.49017467746102084
**********01,**********05,9,SS0000000034,템퍼링 2호_템퍼1존(1존),0.8661260030687654,0.6847620861087462,0.17144003457344315,0.1917079527081068,,0.7656555374297758,0.05417888163344009
**********01,**********05,9,SS0000000035,템퍼링 2호_템퍼1존(2존),0.4360528252850965,0.6739237960401048,0.3267830324939851,0.8380943770918672,,0.4667203773419971,0.3724572614853102
**********01,**********05,3,SS0000000045,템퍼링 2호_템퍼1존(3존),0.560722118015317,0.44180336528797437,0.9120477698329182,0.09588987631223345,,0.8552224568942135,0.5698885510273557
**********01,**********05,6,SS0000000007,템퍼링 2호_템퍼1존(4존),0.36775029374021995,0.5614590378668016,0.712578359885321,0.9808884011922925,,0.06908090961671431,0.2176234268192747
**********01,**********05,6,SS0000000015,템퍼링 2호_템퍼1존(5존),0.48021171781710725,0.2387100588280201,0.5973029841776594,0.2845037439960866,,0.012150910185521946,0.5633591780629388
**********01,**********05,3,SS0000000020,템퍼링 2호_템퍼1존(6존),0.18187140596331675,0.900552019436338,0.8030102077673849,0.23662012843302316,,0.9982169158927378,0.7966110237880661
**********01,**********05,9,SS0000000008,템퍼링 3호_템퍼1존(1존),0.8230231323621661,0.9796345398638018,0.7526494755496737,0.469232594453303,,0.6470132260644309,0.1927898729876908
**********01,**********05,6,SS0000000002,템퍼링 3호_템퍼1존(2존),0.7056510832299807,0.5156356054202788,0.7873447692524214,0.9078244211202372,,0.10643439134224353,0.5134059904826408
**********01,**********05,9,SS0000000008,템퍼링 3호_템퍼1존(3존),0.03864371787642329,0.19306887022681862,0.0453179601070699,0.8398944185488196,,0.4720611760393504,0.25947251493359813
**********01,**********05,9,SS0000000016,템퍼링 4호_템퍼1존(1존),0.49928035294983,0.046437145460492046,0.1897556274486114,0.16301046483300052,,0.5532464861423538,0.6532862524651705
**********01,**********05,9,SS0000000028,템퍼링 4호_템퍼1존(2존),0.9166252480430276,0.9864102497843557,0.4521503800210468,0.8908429781625717,,0.422703844117712,0.6358719152665395
**********01,**********05,6,SS0000000039,템퍼링 4호_템퍼1존(3존),0.4048706204033572,0.949947036439207,0.37905150447322333,0.13895669809476008,,0.2329673998909788,0.2476044875966673
**********01,**********05,9,SS0000000024,템퍼링 4호_템퍼1존(4존),0.8430116627844729,0.7419553347173815,0.6587817044731654,0.47937234269847506,,0.3274123747771628,0.7397173595836615
**********01,**********05,9,SS0000000043,템퍼링 4호_템퍼1존(5존),0.5311164679126131,0.905754512764437,0.5079019335337132,0.7305635025335631,,0.6388333531327169,0.1303337088764409
**********01,**********05,9,SS0000000025,템퍼링 4호_템퍼1존(6존),0.3680538048885563,0.9968349819901828,0.30710305239509594,0.6678938200601772,,0.8988421382855695,0.04875921303726605
**********01,**********05,9,SS0000000030,템퍼링 1호_템퍼1존(1존),0.5715450972557148,0.9067178032118702,0.8413805717495465,0.2621459540494031,,0.17728211392093585,0.31347171179758215
**********01,**********05,6,SS0000000043,템퍼링 1호_템퍼1존(2존),0.6471517383802924,0.7632657784940832,0.09368140069142195,0.4212652124088797,,0.3448453695541328,0.7059152249710233
**********01,**********05,6,SS0000000001,템퍼링 1호_템퍼1존(3존),0.6585522789654357,0.6990579709031334,0.08882469250311142,0.16427788206204808,,0.07017867084773177,0.7679273651000165
**********01,**********05,9,SS0000000036,템퍼링 1호_템퍼1존(4존),0.6408179769661512,0.7096269729123637,0.7036572293537804,0.4367074426854748,,0.5941188608572502,0.4518260262875988
**********01,**********05,9,SS0000000012,템퍼링 2호_템퍼1존(1존),0.12463123539832532,0.3931428164260089,0.055317404495187295,0.23526317687256182,,0.0879761669744592,0.25960734098632055
**********01,**********05,3,SS0000000033,템퍼링 2호_템퍼1존(2존),0.03434601566493323,0.7780664099470059,0.020161221551903807,0.10357753524044067,,0.45901670559461727,0.7384020274841524
**********01,**********05,6,SS0000000043,템퍼링 2호_템퍼1존(3존),0.0822011787426955,0.6464627638009681,0.4613596527462942,0.9770507249941476,,0.20143824023358758,0.8386070603687624
**********01,**********05,9,SS0000000047,템퍼링 2호_템퍼1존(4존),0.7990115193654015,0.5055825050646109,0.20049693114975486,0.28513288142606064,,0.11483740785010854,0.6503207297453798
**********01,**********05,9,SS0000000020,템퍼링 2호_템퍼1존(5존),0.8062666458453722,0.34022241708857914,0.4567068210281364,0.4248240199147716,,0.5096397321807545,0.6533086334732596
**********01,**********05,3,SS0000000048,템퍼링 2호_템퍼1존(6존),0.35966051734707427,0.11028665585546837,0.5598823239948107,0.39928062262980735,,0.6192285317165002,0.27674083056205123
**********01,**********05,9,SS0000000021,템퍼링 3호_템퍼1존(1존),0.4528096582902811,0.5120636836293281,0.910389100108521,0.2446069971813446,,0.2866595753551171,0.19823876385396721
**********01,**********05,9,SS0000000019,템퍼링 3호_템퍼1존(2존),0.5456621579976603,0.9157103842020782,0.417422267627204,0.3860454285179641,,0.06560027617509512,0.9313521178851408
**********01,**********05,9,SS0000000008,템퍼링 3호_템퍼1존(3존),0.0624518356449516,0.6667066373324331,0.8066587197981294,0.5300801884505393,,0.5615063966223498,0.07579791231868682
**********01,**********05,6,SS0000000012,템퍼링 4호_템퍼1존(1존),0.7040077667020351,0.6749274913551183,0.00993517374065489,0.30402332314923897,,0.361833949694391,0.6642592283211335
**********01,**********05,6,SS0000000031,템퍼링 4호_템퍼1존(2존),0.1636204202001652,0.6707014982883234,0.09359932717043318,0.462479861751772,,0.32214765570328574,0.5997218169703287
**********01,**********05,3,SS0000000016,템퍼링 4호_템퍼1존(3존),0.7111784771299345,0.6357044030494714,0.2680799673766485,0.2999271883558158,,0.4296165815835826,0.650912892727896
**********01,**********05,3,SS0000000036,템퍼링 4호_템퍼1존(4존),0.6298281545285903,0.5538038878355176,0.7069853400359686,0.3592972425952674,,0.16650543417685604,0.8627704928239142
**********01,**********05,6,SS0000000001,템퍼링 4호_템퍼1존(5존),0.8756818276252031,0.46238684038402234,0.8379758911587976,0.7261965650080694,,0.6396422853696536,0.7830503386562465
**********01,**********05,3,SS0000000004,템퍼링 4호_템퍼1존(6존),0.8714095246534189,0.6387574259739811,0.8231554109755749,0.5413358061708075,,0.13797819169818515,0.015530315700205133
**********01,**********05,9,SS0000000016,템퍼링 1호_템퍼1존(1존),0.718728357780709,0.8789904909506895,0.1775097766006014,0.4879459442096725,,0.4893443359188635,0.4679737060412701
**********01,**********05,9,SS0000000048,템퍼링 1호_템퍼1존(2존),0.15055686349482655,0.06205717418736645,0.6488605389295681,0.728298219866958,,0.6682097918377073,0.5613080471184401
**********01,**********05,9,SS0000000032,템퍼링 1호_템퍼1존(3존),0.0033297659105878674,0.6652193267712369,0.6256123753969387,0.45669111033130705,,0.2389848603009579,0.637953057376397
**********01,**********05,6,SS0000000010,템퍼링 1호_템퍼1존(4존),0.48254557512220464,0.3931315468649733,0.9341353613160333,0.3355318278184618,,0.18271121570701687,0.2154538514980746
**********01,**********05,3,SS0000000024,템퍼링 2호_템퍼1존(1존),0.652056406535528,0.9267240947047102,0.09391160347264527,0.7088710216988721,,0.6048680490616788,0.8437258272193625
**********01,**********05,6,SS0000000002,템퍼링 2호_템퍼1존(2존),0.5890334582896559,0.0443836666135945,0.895801536676945,0.5228006596620262,,0.9354404979471086,0.31064297015448894
**********01,**********05,9,SS0000000006,템퍼링 2호_템퍼1존(3존),0.06421454148708772,0.2608941048819068,0.6807626172757635,0.7446230126640402,,0.5166510435096693,0.4266104567443795
**********01,**********05,6,SS0000000047,템퍼링 2호_템퍼1존(4존),0.09525056314331515,0.6779482971968988,0.47422481062039024,0.2408614503089872,,0.09322664911531675,0.04060843376163059
**********01,**********05,6,SS0000000046,템퍼링 2호_템퍼1존(5존),0.9831474485809065,0.8322404773230776,0.1652014277451811,0.0759678527395462,,0.5419970252629153,0.6144415402299864
**********01,**********05,3,SS0000000049,템퍼링 2호_템퍼1존(6존),0.588059458966394,0.34807694612724593,0.7431183491181148,0.33951531332358276,,0.058781301005648046,0.4436807512759774
**********01,**********05,6,SS0000000035,템퍼링 3호_템퍼1존(1존),0.7591206640762087,0.9521280322156496,0.04900392209289961,0.6883381768585657,,0.3449640185990622,0.505909054182737
**********01,**********05,6,SS0000000001,템퍼링 3호_템퍼1존(2존),0.0604786154529704,0.5324976835839854,0.5792540318244432,0.12543874316224846,,0.013539688840747632,0.724024807429598
**********01,**********05,3,SS0000000030,템퍼링 3호_템퍼1존(3존),0.3423941885619326,0.06276878069805936,0.6824728453186928,0.44082287947239296,,0.41391599022221637,0.35943625206580887
**********01,**********05,3,SS0000000003,템퍼링 4호_템퍼1존(1존),0.446802067515762,0.8147789751490198,0.2848597960559992,0.5066766276568357,,0.009847346347324537,0.13021176316465966
**********01,**********05,6,SS0000000037,템퍼링 4호_템퍼1존(2존),0.7931953447636613,0.5906059188660329,0.3034906175648947,0.3409693247869522,,0.908999003053135,0.5626419039023791
**********01,**********05,9,SS0000000044,템퍼링 4호_템퍼1존(3존),0.4610375212624146,0.033919635000929316,0.6263287926618161,0.8275560610697877,,0.7320121307830469,0.6565575325656212
**********01,**********05,9,SS0000000017,템퍼링 4호_템퍼1존(4존),0.6593644016828352,0.8099894728390646,0.7451987741267625,0.4570608787043131,,0.04036130326851062,0.3437350131669349
**********01,**********05,9,SS0000000031,템퍼링 4호_템퍼1존(5존),0.5941208773228827,0.44523067587851106,0.5185573739717089,0.7900886256256933,,0.3022099721987921,0.9277203232856925
**********01,**********05,9,SS0000000029,템퍼링 4호_템퍼1존(6존),0.20230910024349125,0.8998064649490491,0.11691503384553048,0.3167729059056782,,0.8918479526888595,0.002792828897812627
**********01,**********05,3,SS0000000020,템퍼링 1호_템퍼1존(1존),0.9127744341853204,0.702915629231332,0.9980634548703087,0.7440668670191777,,0.05889006743788838,0.9894172323964066
**********01,**********05,9,SS0000000033,템퍼링 1호_템퍼1존(2존),0.5990587785073761,0.15890921114175605,0.7264492951014421,0.7080946700005184,,0.3651098964143229,0.21157964832658116
**********01,**********05,3,SS0000000016,템퍼링 1호_템퍼1존(3존),0.8439740393744154,0.5679949745731978,0.5005146434590201,0.6922914398932346,,0.6482610456851727,0.1787367459960576
**********01,**********05,3,SS0000000050,템퍼링 1호_템퍼1존(4존),0.43322076977195056,0.7888809340817078,0.9074623942998343,0.6681734527596663,,0.14106218602406084,0.23012660516552697
**********01,**********05,9,SS0000000021,템퍼링 2호_템퍼1존(1존),0.27794663626031624,0.4014028613228674,0.14465006396092261,0.5551066294885485,,0.34963113210041896,0.0821138477360186
**********01,**********05,6,SS0000000022,템퍼링 2호_템퍼1존(2존),0.25614076678871256,0.21656221778796036,0.8723929703103558,0.9422636788239656,,0.7237093328031726,0.6175274790625471
**********01,**********05,9,SS0000000011,템퍼링 2호_템퍼1존(3존),0.21530553981131018,0.11875044740878993,0.8193111876561208,0.9399397829833748,,0.5263311067181854,0.8472067768309527
**********01,**********05,6,SS0000000023,템퍼링 2호_템퍼1존(4존),0.9481503480504785,0.9984137810559521,0.14660800666788876,0.2132743357057958,,0.4614679473241524,0.1089737463890661
**********01,**********05,9,SS0000000050,템퍼링 2호_템퍼1존(5존),0.9346712812455554,0.6147091475019917,0.134947503423534,0.7154883942423478,,0.6375236215239509,0.26299480670538466
**********01,**********05,3,SS0000000031,템퍼링 2호_템퍼1존(6존),0.9362694753477937,0.0002860506528695739,0.9118986494211708,0.15580197362350945,,0.06128104717309968,0.44566368256438293
**********01,**********05,9,SS0000000048,템퍼링 3호_템퍼1존(1존),0.7122534804665571,0.04735678329619175,0.39059147680938955,0.41329310926395857,,0.16484984506874278,0.9230778731279814
**********01,**********05,3,SS0000000007,템퍼링 3호_템퍼1존(2존),0.9968708568519727,0.07780331255796813,0.5053585742166624,0.4762221159642396,,0.4867059656461191,0.8707157332800747
**********01,**********05,9,SS0000000004,템퍼링 3호_템퍼1존(3존),0.21005181383034988,0.1364174716346953,0.3765069137663526,0.4245632490692789,,0.028413851841497695,0.723010908340775
**********01,**********05,3,SS0000000028,템퍼링 4호_템퍼1존(1존),0.8556135238927642,0.795157521261048,0.40944566769723656,0.9465829009538803,,0.7366334261726991,0.034244425585394866
**********01,**********05,9,SS0000000048,템퍼링 4호_템퍼1존(2존),0.5489442415947651,0.6452028596621855,0.8209898909932164,0.09603750795751176,,0.16403021354915504,0.4951763092321271
**********01,**********05,9,SS0000000027,템퍼링 4호_템퍼1존(3존),0.2754862213851885,0.9251564564546627,0.9067426473081851,0.8540399437931627,,0.3913290917334724,0.9431132373412655
**********01,**********05,6,SS0000000015,템퍼링 4호_템퍼1존(4존),0.668870606205267,0.12585210887779885,0.3416416077184963,0.40243005033758483,,0.3641427305889102,0.15350299708964077
**********01,**********05,9,SS0000000021,템퍼링 4호_템퍼1존(5존),0.8990035954316359,0.9802793295641473,0.0914872087833607,0.1594117500584823,,0.28347683299565285,0.5125869647686743
**********01,**********05,9,SS0000000047,템퍼링 4호_템퍼1존(6존),0.32426496375817826,0.23998541153448294,0.8142437761862654,0.03862096743841392,,0.7966350373846978,0.22377604437269383
**********01,**********05,9,SS0000000024,템퍼링 1호_템퍼1존(1존),0.7259991031545492,0.16067650317616122,0.5197648315642991,0.6394936646948091,,0.8477632891217625,0.8982962361709715
**********01,**********05,3,SS0000000004,템퍼링 1호_템퍼1존(2존),0.7124447996509443,0.17659536941297949,0.6867191122943959,0.2548281517585099,,0.505070236005791,0.8467164471518194
**********01,**********05,9,SS0000000016,템퍼링 1호_템퍼1존(3존),0.8571052215277043,0.3164620851915715,0.8571444610416379,0.7146330778246358,,0.22783617881794826,0.12959351074158254
**********01,**********05,6,SS0000000045,템퍼링 1호_템퍼1존(4존),0.9620909291580074,0.5204285668339932,0.520984012538606,0.16164754868289477,,0.8127177846661437,0.6599378025576055
**********01,**********05,9,SS0000000050,템퍼링 2호_템퍼1존(1존),0.9638882088635702,0.7527861501239106,0.3417745185093044,0.6738483312717435,,0.974252251584033,0.824862126538229
**********01,**********05,9,SS0000000035,템퍼링 2호_템퍼1존(2존),0.9026382981272242,0.06388742767474553,0.4142502573184468,0.5255829540235947,,0.7819503536574421,0.7325985654118107
**********01,**********05,6,SS0000000016,템퍼링 2호_템퍼1존(3존),0.4691772187639457,0.9642179298981486,0.6374943823842609,0.8295302966041385,,0.6319977773770027,0.32325381558443855
**********01,**********05,9,SS0000000006,템퍼링 2호_템퍼1존(4존),0.6011570292386142,0.564552025029376,0.8963962142653186,0.9820902364517112,,0.5867440472440413,0.16255731951886132
**********01,**********05,3,SS0000000011,템퍼링 2호_템퍼1존(5존),0.2356079529175269,0.8158127469644599,0.6074307169584967,0.15990142614328673,,0.3503896465654923,0.45414085935666537
**********01,**********05,9,SS0000000008,템퍼링 2호_템퍼1존(6존),0.45972116046176614,0.03326194179514763,0.8124543247430656,0.7162934156373627,,0.9638418930484941,0.43087664771985756
**********01,**********05,6,SS0000000032,템퍼링 3호_템퍼1존(1존),0.6410573874323244,0.6300812316524855,0.5836015629261725,0.06171690838060084,,0.2427288034954317,0.06439509334418447
**********01,**********05,9,SS0000000029,템퍼링 3호_템퍼1존(2존),0.7873659106555352,0.08807349632160788,0.8982399741793672,0.31488309352868715,,0.03482662077152321,0.6270475227394707
**********01,**********05,3,SS0000000031,템퍼링 3호_템퍼1존(3존),0.08622385321808779,0.75196039630575,0.7081566160030212,0.16487880244028597,,0.9773520713465281,0.310955557411271
**********01,**********05,6,SS0000000005,템퍼링 4호_템퍼1존(1존),0.6860082446082897,0.650412854651457,0.1749477925452445,0.7660764061002637,,0.041045369116615826,0.29991947810447106
**********01,**********05,9,SS0000000023,템퍼링 4호_템퍼1존(2존),0.16500212234328004,0.3255305180128283,0.782036930279969,0.16157998801554352,,0.5109694164245525,0.31105483556753377
**********01,**********05,3,SS0000000018,템퍼링 4호_템퍼1존(3존),0.37583139965160606,0.5562952208828611,0.6426331300304189,0.2050513529027912,,0.8184950457515302,0.6783798594655276
**********01,**********05,9,SS0000000026,템퍼링 4호_템퍼1존(4존),0.3484973412190243,0.5223810036610408,0.29660160262027646,0.07720015546977665,,0.8140548202662722,0.9507048303112204
**********01,**********05,9,SS0000000002,템퍼링 4호_템퍼1존(5존),0.0018002926663007734,0.022200798862074378,0.5122681003550396,0.8677444877192245,,0.47654397898069745,0.8118638391409824
**********01,**********05,6,SS0000000034,템퍼링 4호_템퍼1존(6존),0.2937264088610573,0.5794238854445264,0.17188361904383342,0.40608917483398554,,0.10493423282761394,0.10095265432797917
**********01,**********05,3,SS0000000042,템퍼링 1호_템퍼1존(1존),0.2969039622074152,0.6197212918819587,0.8643379624257427,0.9185900662008392,,0.9427403436066297,0.8647788830867512
**********01,**********05,6,SS0000000003,템퍼링 1호_템퍼1존(2존),0.7605438493088,0.012085526066635266,0.25220740155757193,0.10784040784559346,,0.13156480292829398,0.8236765061645086
**********01,**********05,9,SS0000000012,템퍼링 1호_템퍼1존(3존),0.6272426000990051,0.48629595019146377,0.20183116245039456,0.44475392175836326,,0.7836000679214181,0.6752368404202989
**********01,**********05,6,SS0000000047,템퍼링 1호_템퍼1존(4존),0.7363050192572229,0.10493121772439706,0.9730102029739638,0.7991155010068868,,0.7662486806153782,0.6679612446790385
**********01,**********05,6,SS0000000030,템퍼링 2호_템퍼1존(1존),0.8616804692631206,0.7205154351918723,0.15280520786108032,0.46098280137687686,,0.27967769136723664,0.4975084996713244
**********01,**********05,3,SS0000000001,템퍼링 2호_템퍼1존(2존),0.020949283059891965,0.4351252089659462,0.39697710852738755,0.6789282068978842,,0.324411956077968,0.5033356398258144
**********01,**********05,3,SS0000000032,템퍼링 2호_템퍼1존(3존),0.0923495805636666,0.7927476443160651,0.4562713582818526,0.8867997283883071,,0.7213966953235906,0.8567060884615001
**********01,**********05,6,SS0000000020,템퍼링 2호_템퍼1존(4존),0.45592513453581296,0.16738961733904034,0.22414252867933693,0.35477111134436057,,0.24672567448206495,0.6537460621213101
**********01,**********05,9,SS0000000043,템퍼링 2호_템퍼1존(5존),0.5513750482113016,0.6644860577863484,0.41475487688558865,0.29095072805348166,,0.4145654755303464,0.8908781092775012
**********01,**********05,3,SS0000000034,템퍼링 2호_템퍼1존(6존),0.664248415748898,0.4459951731618724,0.965575528188879,0.8405815021740509,,0.20602062621444395,0.9401743085729796
**********01,**********05,9,SS0000000030,템퍼링 3호_템퍼1존(1존),0.17814424671121187,0.5494800753815043,0.9138100577554418,0.7518516672859279,,0.4698345965196956,0.39714075966753504
**********01,**********05,3,SS0000000044,템퍼링 3호_템퍼1존(2존),0.4730141876409045,0.21937229548563775,0.25035577269527487,0.23750554691783443,,0.7049712259313556,0.5741230541131399
**********01,**********05,6,SS0000000015,템퍼링 3호_템퍼1존(3존),0.7106662996294788,0.5641191321680327,0.9569343274337563,0.7782510250343351,,0.25995061341725334,0.058677326826330756
**********01,**********05,3,SS0000000039,템퍼링 4호_템퍼1존(1존),0.3554318027681356,0.3104986868538657,0.19888961940074623,0.1529554301199244,,0.35593909463304285,0.3292748728466026
**********01,**********05,9,SS0000000030,템퍼링 4호_템퍼1존(2존),0.016651633849765424,0.280060611209346,0.5888666694249307,0.2936659387775854,,0.30160338694826627,0.9192872547610778
**********01,**********05,3,SS0000000029,템퍼링 4호_템퍼1존(3존),0.6689551054941489,0.2937737179797104,0.07156439247563262,0.8906549483124433,,0.7421618033929853,0.3240859351007913
**********01,**********05,9,SS0000000046,템퍼링 4호_템퍼1존(4존),0.08426316505275822,0.7403661245363152,0.4434703159358927,0.10016879692897007,,0.14380254900356126,0.09448442188395956
**********01,**********05,6,SS0000000018,템퍼링 4호_템퍼1존(5존),0.5860426400382063,0.3398285452210428,0.23972212260354453,0.3792933661663993,,0.4504824287966023,0.5455569306323165
**********01,**********05,6,SS0000000018,템퍼링 4호_템퍼1존(6존),0.4829917635154468,0.853983569297461,0.7126905849010471,0.41668287750139665,,0.46398753005246884,0.24245429424492637
**********01,**********05,3,SS0000000018,템퍼링 1호_템퍼1존(1존),0.6937281220082829,0.19780853457577885,0.8066660064270985,0.4487129002029986,,0.15916139400859197,0.8230534105322976
**********01,**********05,6,SS0000000043,템퍼링 1호_템퍼1존(2존),0.48424885491721503,0.26465428057256346,0.7871047076832766,0.04799339206278119,,0.11366914067651301,0.682447640285318
**********01,**********05,6,SS0000000008,템퍼링 1호_템퍼1존(3존),0.15973260327717564,0.6190991368233555,0.7926749256789132,0.562770769858546,,0.38224067976461207,0.049563173874270894
**********01,**********05,3,SS0000000023,템퍼링 1호_템퍼1존(4존),0.16000074521827434,0.7469117612992252,0.8127985815030432,0.366086694392071,,0.23293580596961316,0.566598329396627
**********01,**********05,9,SS0000000020,템퍼링 2호_템퍼1존(1존),0.9177872084400884,0.6302553057745363,0.8357433384461864,0.30950593948287075,,0.4508028968673857,0.22968935576252214
**********01,**********05,9,SS0000000005,템퍼링 2호_템퍼1존(2존),0.6797321488926139,0.5515352824261954,0.4885889196666825,0.6862129323496473,,0.17163289317824482,0.32727691544258575
**********01,**********05,6,SS0000000037,템퍼링 2호_템퍼1존(3존),0.7287394562448414,0.9917330375100039,0.011579239936710395,0.6283716315718683,,0.8495687265869366,0.46843933403080384
**********01,**********05,3,SS0000000010,템퍼링 2호_템퍼1존(4존),0.16903655593949019,0.29796222517307736,0.8986655989033565,0.4934589768765347,,0.6923926825279199,0.09095953216659736
**********01,**********05,3,SS0000000008,템퍼링 2호_템퍼1존(5존),0.07763864409662669,0.6214629334940082,0.6927855106080355,0.8132362144897975,,0.9462359626730695,0.8766986145823567
**********01,**********05,3,SS0000000011,템퍼링 2호_템퍼1존(6존),0.057192105142335414,0.696366398528691,0.8273413732978958,0.8097316291917283,,0.3941989763125525,0.2561744625486071
**********01,**********05,9,SS0000000005,템퍼링 3호_템퍼1존(1존),0.591689934492581,0.32320632600020727,0.9155832256751155,0.6539388666157829,,0.06349068107990341,0.9392167888227251
**********01,**********05,9,SS0000000049,템퍼링 3호_템퍼1존(2존),0.03392306866316419,0.6661685709527209,0.2264203533939616,0.9930242993119207,,0.4418267749923219,0.13545618210732258
**********01,**********05,9,SS0000000035,템퍼링 3호_템퍼1존(3존),0.8508926636568496,0.7688931493500698,0.6781821990124249,0.27248949573626624,,0.32686306068731297,0.2664287719177548
**********01,**********05,3,SS0000000012,템퍼링 4호_템퍼1존(1존),0.17742933001519645,0.3542323275606519,0.9654159439220398,0.8002255438379217,,0.8175727246164297,0.4715300038546496
**********01,**********05,9,SS0000000020,템퍼링 4호_템퍼1존(2존),0.6930087988459807,0.3891170157615865,0.8182582735327578,0.07784399235946193,,0.3341672772604676,0.8904595271556343
**********01,**********05,3,SS0000000042,템퍼링 4호_템퍼1존(3존),0.5011946100194787,0.9105165609628417,0.38907673868888426,0.6935667307325014,,0.9568717695406448,0.6965433339905225
**********01,**********05,6,SS0000000001,템퍼링 4호_템퍼1존(4존),0.9771513783566551,0.22532616126631044,0.35961568176441305,0.26224951682606756,,0.7122713171447002,0.4947887946678331
**********01,**********05,9,SS0000000019,템퍼링 4호_템퍼1존(5존),0.24174697919368837,0.4063606515870336,0.6000011239890964,0.01982131416851396,,0.37349919093834383,0.04212886202713495
**********01,**********05,3,SS0000000036,템퍼링 4호_템퍼1존(6존),0.9181359858071921,0.943881493389463,0.5089294253109188,0.8217674520481366,,0.15756356793176596,0.14665245043339337
**********01,**********05,3,SS0000000050,템퍼링 1호_템퍼1존(1존),0.9100696315133338,0.4904346340076944,0.5187672072176405,0.7984842654029566,,0.07623924285009964,0.3822425164898121
**********01,**********05,6,SS0000000049,템퍼링 1호_템퍼1존(2존),0.7236666365761908,0.978073164784416,0.7811066393012994,0.21398289059930908,,0.380126268071338,0.37581133400430333
**********01,**********05,9,SS0000000017,템퍼링 1호_템퍼1존(3존),0.15595331843352644,0.425905400151359,0.8074956146332443,0.8073124943100772,,0.7815632450632132,0.41906353121801987
**********01,**********05,6,SS0000000001,템퍼링 1호_템퍼1존(4존),0.4199673979322045,0.9947150056041512,0.41930057096731566,0.5139641499914418,,0.8970043065958097,0.26593203165181045
**********01,**********05,6,SS0000000004,템퍼링 2호_템퍼1존(1존),0.3497383296587451,0.12159537162409284,0.9310295618457951,0.6975980910104196,,0.3934394103001648,0.07071717681097822
**********01,**********05,3,SS0000000024,템퍼링 2호_템퍼1존(2존),0.5789539891006997,0.5700317148106833,0.5801967754575375,0.669554374524397,,0.24873399612814273,0.27848775373908063
**********01,**********05,3,SS0000000019,템퍼링 2호_템퍼1존(3존),0.850309962703928,0.1686690536960067,0.650883365983665,0.7098593882217946,,0.21386716687408103,0.6902565787646361
**********01,**********05,3,SS0000000003,템퍼링 2호_템퍼1존(4존),0.7418379612298907,0.7334038002032433,0.143488787626179,0.0704112453348712,,0.09953835363024521,0.32402194489128255
**********01,**********05,3,SS0000000004,템퍼링 2호_템퍼1존(5존),0.5777597135653311,0.9381189636998305,0.05077964945245983,0.1814341800685354,,0.861690120137989,0.24476424889719606
**********01,**********05,9,SS0000000042,템퍼링 2호_템퍼1존(6존),0.6546350140843901,0.025941903386828224,0.5931727202554952,0.7915083625823824,,0.345708663831239,0.9035100141839079
**********01,**********05,9,SS0000000017,템퍼링 3호_템퍼1존(1존),0.2766323137991906,0.6985432930401869,0.4520752214924504,0.3601520703714325,,0.15510694585861218,0.18603208498852875
**********01,**********05,3,SS0000000020,템퍼링 3호_템퍼1존(2존),0.1254713805714619,0.8701233405632082,0.6395132108738714,0.009346555119162714,,0.4274205087731756,0.898723873882485
**********01,**********05,3,SS0000000021,템퍼링 3호_템퍼1존(3존),0.1875031169607414,0.5191215857812517,0.22471666684234348,0.776853857775657,,0.24873501678353072,0.6168967491641564
**********01,**********05,3,SS0000000049,템퍼링 4호_템퍼1존(1존),0.6927664163345427,0.1851184407771166,0.5266255921414393,0.8729629389970901,,0.882434307317043,0.8823691167522901
**********01,**********05,9,SS0000000041,템퍼링 4호_템퍼1존(2존),0.9867712926090088,0.8434713592140982,0.5982249755129243,0.16619544984605927,,0.5118136880001621,0.21523324134262323
**********01,**********05,9,SS0000000030,템퍼링 4호_템퍼1존(3존),0.34228944606555767,0.34706293811019207,0.04267908352079819,0.30125389899849564,,0.6283242058495361,0.562344339785352
**********01,**********05,6,SS0000000045,템퍼링 4호_템퍼1존(4존),0.45954425710756197,0.9035007141260749,0.4129140430312904,0.20835198278862754,,0.5266253470293912,0.4725766462295393
**********01,**********05,6,SS0000000035,템퍼링 4호_템퍼1존(5존),0.06969156902237272,0.7534075465897505,0.2215186342676797,0.0791763548688279,,0.16221387270149734,0.7654318608385052
**********01,**********05,9,SS0000000016,템퍼링 4호_템퍼1존(6존),0.60001672100033,0.3685684307595525,0.7291683340821532,0.3752024260350345,,0.46560474255113515,0.8857614045534264
**********01,**********05,3,SS0000000035,템퍼링 1호_템퍼1존(1존),0.6030279139851255,0.845067259249619,0.9037986700776394,0.41100998408254397,,0.815403965622579,0.7858318005744369
**********01,**********05,6,SS0000000001,템퍼링 1호_템퍼1존(2존),0.5051977999372009,0.880794810934864,0.07718897081542164,0.28954684514428264,,0.4076154975692853,0.3710554698101779
**********01,**********05,6,SS0000000010,템퍼링 1호_템퍼1존(3존),0.15975808110913958,0.12856210492751985,0.12805435033409585,0.781963732302018,,0.43371799862178495,0.3520728228797563
**********01,**********05,9,SS0000000035,템퍼링 1호_템퍼1존(4존),0.07000195194421588,0.6096262154829997,0.0372354106227516,0.23915575068364536,,0.7081772986070215,0.989424267994518
**********01,**********05,3,SS0000000025,템퍼링 2호_템퍼1존(1존),0.021448633721512955,0.9686260237967389,0.8291738362095314,0.5153173352965583,,0.929519301328777,0.9374713722994068
**********01,**********05,3,SS0000000021,템퍼링 2호_템퍼1존(2존),0.3876233173478666,0.02577689707402009,0.813763452545347,0.0427606246920349,,0.3371365550061576,0.2971303627957732
**********01,**********05,3,SS0000000014,템퍼링 2호_템퍼1존(3존),0.09344861174176722,0.4156418913593043,0.7213663141440771,0.29504755823266704,,0.8522328386687318,0.8516396455008092
**********01,**********05,3,SS0000000044,템퍼링 2호_템퍼1존(4존),0.48141629770344596,0.3817097628465643,0.33293394502933016,0.7922591755180246,,0.21148556704260046,0.7839683232254717
**********01,**********05,6,SS0000000021,템퍼링 2호_템퍼1존(5존),0.6140761701064597,0.9688377919450994,0.9324430348925931,0.9377130857483412,,0.25797446101467203,0.13969472056841592
**********01,**********05,3,SS0000000005,템퍼링 2호_템퍼1존(6존),0.6873742248793865,0.7077546425579463,0.869184323812776,0.861184286211097,,0.7020275326766439,0.2775021328942945
**********01,**********05,3,SS0000000016,템퍼링 3호_템퍼1존(1존),0.27505311179596614,0.5718575498709354,0.5154157753280427,0.9256926905469789,,0.20116357739173985,0.010339835730085789
**********01,**********05,6,SS0000000002,템퍼링 3호_템퍼1존(2존),0.6944073356697491,0.6369512528642871,0.5956032194928544,0.11956240397546347,,0.11631242170447686,0.9035302612796557
**********01,**********05,6,SS0000000032,템퍼링 3호_템퍼1존(3존),0.786454301775279,0.3839498486229488,0.709326294213169,0.8090966878343206,,0.43346427650727126,0.6700394460487799
**********01,**********05,9,SS0000000045,템퍼링 4호_템퍼1존(1존),0.02286582476655663,0.31060587122856353,0.8590024012103982,0.3677231301177868,,0.04886010743480407,0.11730862627846328
**********01,**********05,9,SS0000000041,템퍼링 4호_템퍼1존(2존),0.1075942229313146,0.0802600587111354,0.7801151000699973,0.3668077253090092,,0.9131212708172136,0.4801205116888124
**********01,**********05,9,SS0000000027,템퍼링 4호_템퍼1존(3존),0.4759047469410205,0.33821274234616117,0.5033722483332619,0.335370422990692,,0.07049453704675435,0.7810870021825864
**********01,**********05,9,SS0000000043,템퍼링 4호_템퍼1존(4존),0.0017107088507393176,0.05434216532049163,0.013147143434540598,0.49391342456694376,,0.7828327356449813,0.24902944136465222
**********01,**********05,3,SS0000000005,템퍼링 4호_템퍼1존(5존),0.5440870334343095,0.18367279710731466,0.8465472137515964,0.2196460517924489,,0.8474657851156073,0.21535677480633952
**********01,**********05,3,SS0000000004,템퍼링 4호_템퍼1존(6존),0.37387054968482547,0.11476509803332591,0.08215347855891886,0.8697356068629669,,0.8085437534250041,0.1962294778663498
**********01,**********05,3,SS0000000030,템퍼링 1호_템퍼1존(1존),0.29379484184199867,0.5878325402809631,0.1601642913432788,0.6473609350856739,,0.49702625475433904,0.9847204731641674
**********01,**********05,9,SS0000000038,템퍼링 1호_템퍼1존(2존),0.140524366870038,0.44376920609184767,0.16208182948188266,0.6137473905909072,,0.4069602182732145,0.2849231307611526
**********01,**********05,6,SS0000000044,템퍼링 1호_템퍼1존(3존),0.3692086781539262,0.8196779869037297,0.1927142655806151,0.5470392118196764,,0.27545144308771075,0.4461640321609247
**********01,**********05,6,SS0000000048,템퍼링 1호_템퍼1존(4존),0.8387363455040566,0.4608645604157613,0.46584156645836106,0.8233597160223646,,0.8019833953156915,0.021555908096030474
**********01,**********05,6,SS0000000022,템퍼링 2호_템퍼1존(1존),0.40430194817624443,0.30619507581496797,0.5517343534312704,0.29993556765274443,,0.5093572299261759,0.27710563329660853
**********01,**********05,9,SS0000000032,템퍼링 2호_템퍼1존(2존),0.7915163341806684,0.4453237440349245,0.3839390113278466,0.14401235741658025,,0.13901280382374048,0.8601671540667717
**********01,**********05,6,SS0000000003,템퍼링 2호_템퍼1존(3존),0.5251538980578077,0.124026033431204,0.6909387138514186,0.01854312249747736,,0.9667600117195214,0.5300502720311623
**********01,**********05,9,SS0000000035,템퍼링 2호_템퍼1존(4존),0.24408129642376775,0.953361455596652,0.5937491382322507,0.537770490498726,,0.6797279868921576,0.039564566175435134
**********01,**********05,3,SS0000000044,템퍼링 2호_템퍼1존(5존),0.45591252211462874,0.8941478508192744,0.07501801707440026,0.5295722133738026,,0.9091423363544096,0.7766420987443383
**********01,**********05,3,SS0000000016,템퍼링 2호_템퍼1존(6존),0.7094486595535814,0.29415563428862457,0.18962485946298313,0.32759644608259875,,0.5354351611251034,0.0845835022108643
**********01,**********05,9,SS0000000049,템퍼링 3호_템퍼1존(1존),0.14139755979718538,0.20468302514296288,0.3104175331452895,0.01278885149291964,,0.09292006469690306,0.30765084014996535
**********01,**********05,6,SS0000000002,템퍼링 3호_템퍼1존(2존),0.10846167453476274,0.3141844298080212,0.1621141971294161,0.6551178578068603,,0.36816119867459485,0.8715416710358702
**********01,**********05,3,SS0000000025,템퍼링 3호_템퍼1존(3존),0.18076156410914346,0.8782855200956395,0.37705824173408586,0.8696498948563275,,0.24499747240915126,0.6374832115689487
**********01,**********05,6,SS0000000045,템퍼링 4호_템퍼1존(1존),0.6492211248732808,0.183059058427831,0.9089033641279379,0.22685001700311325,,0.29458437086197653,0.09260503189832403
**********01,**********05,9,SS0000000006,템퍼링 4호_템퍼1존(2존),0.5066775916164189,0.03174170371767571,0.4867564509111114,0.22723436280058296,,0.4526973925854888,0.890229337540108
**********01,**********05,6,SS0000000010,템퍼링 4호_템퍼1존(3존),0.08395005740389005,0.08288983652472459,0.0899691839269866,0.9010435536954715,,0.24017679707213457,0.9985398907110565
**********01,**********05,3,SS0000000027,템퍼링 4호_템퍼1존(4존),0.8941349896843459,0.47610661814829647,0.4254128061634932,0.9779427017063587,,0.44456430752698983,0.37712775655368047
**********01,**********05,9,SS0000000025,템퍼링 4호_템퍼1존(5존),0.5579190368991259,0.7798241234822607,0.033631720974622525,0.20471987189574747,,0.20068350163950954,0.18671776132448825
**********01,**********05,6,SS0000000029,템퍼링 4호_템퍼1존(6존),0.7090493200730308,0.9737825623640753,0.1990509331206194,0.9320904953206427,,0.24721016094691983,0.19920123044827587
**********01,**********05,9,SS0000000027,템퍼링 1호_템퍼1존(1존),0.9464942007826156,0.9015034749515124,0.236175984340522,0.9560330095787694,,0.18631847723590633,0.9728044061038751
**********01,**********05,6,SS0000000001,템퍼링 1호_템퍼1존(2존),0.5619283732981267,0.4773597069730071,0.9468963975087429,0.3896915109490675,,0.69195324492299,0.5346203786399576
**********01,**********05,6,SS0000000017,템퍼링 1호_템퍼1존(3존),0.41939320503213184,0.02870526556552344,0.5710222242993842,0.6591070081933712,,0.42216560320523844,0.7955547023031876
**********01,**********05,9,SS0000000042,템퍼링 1호_템퍼1존(4존),0.28906360821983546,0.032729886649476625,0.67016319034075,0.9183390345715732,,0.7595767373608576,0.8986179903304091
**********01,**********05,3,SS0000000022,템퍼링 2호_템퍼1존(1존),0.10982139359639509,0.34244662010057225,0.832692743047195,0.12093307455953473,,0.5338228548288833,0.7678152999499476
**********01,**********05,9,SS0000000034,템퍼링 2호_템퍼1존(2존),0.3530225532048835,0.7242163273336376,0.01987672868009316,0.1798745735823225,,0.3372989274977064,0.6208547322471756
**********01,**********05,3,SS0000000027,템퍼링 2호_템퍼1존(3존),0.2775327284954294,0.09749204725095795,0.9573372089421629,0.8704774714860769,,0.09133231597909464,0.9582968019743924
**********01,**********05,9,SS0000000007,템퍼링 2호_템퍼1존(4존),0.8733991380386043,0.3997301360819814,0.8060917703924179,0.8297001998002128,,0.8383646041736206,0.4166633363897495
**********01,**********05,9,SS0000000003,템퍼링 2호_템퍼1존(5존),0.8193266541113903,0.4152090906975785,0.7788099370192311,0.7591378021941122,,0.5588642766768156,0.4478972813612515
**********01,**********05,9,SS0000000043,템퍼링 2호_템퍼1존(6존),0.3223284813558125,0.38745146653779605,0.5957043984749227,0.8910856953917434,,0.6175986996489462,0.25373377790675655
**********01,**********05,3,SS0000000031,템퍼링 3호_템퍼1존(1존),0.6083150600860798,0.6161560241114651,0.5134947563216138,0.9835483574633503,,0.8129912540526467,0.5033643114892413
**********01,**********05,3,SS0000000005,템퍼링 3호_템퍼1존(2존),0.8482864574109356,0.7528781339080174,0.2074509790902046,0.6500437969794538,,0.5589481558768972,0.4256252053877613
**********01,**********05,9,SS0000000033,템퍼링 3호_템퍼1존(3존),0.6832742736257694,0.8640793567263816,0.796755435338692,0.6031488046137122,,0.35921518186543666,0.4826481118406687
**********01,**********05,9,SS0000000024,템퍼링 4호_템퍼1존(1존),0.7222974864950384,0.14718519229411164,0.8481755025901809,0.3972373785756532,,0.5688490264925521,0.022310574165983477
**********01,**********05,6,SS0000000045,템퍼링 4호_템퍼1존(2존),0.3797530335801298,0.008019192651149587,0.1365507614714606,0.7315028202127289,,0.9902529843355512,0.45162982327201473
**********01,**********05,6,SS0000000020,템퍼링 4호_템퍼1존(3존),0.8818504787782109,0.12523227572671713,0.6258611064318618,0.9956273608979777,,0.5112550194741408,0.19165332165000537
**********01,**********05,6,SS0000000007,템퍼링 4호_템퍼1존(4존),0.6773319584837408,0.6919230886768036,0.12589350761505447,0.057726990665618705,,0.17523244645511327,0.6853737739907979
**********01,**********05,9,SS0000000016,템퍼링 4호_템퍼1존(5존),0.49450135128438477,0.7970865156062491,0.16607309882193677,0.23855931916681705,,0.6319358222029506,0.8943674099703122
**********01,**********05,3,SS0000000022,템퍼링 4호_템퍼1존(6존),0.7931873223523821,0.6203552864733475,0.4232398595123902,0.4153603060681713,,0.9563156670389833,0.3750816379111256
**********01,**********05,9,SS0000000035,템퍼링 1호_템퍼1존(1존),0.5782028086352968,0.017548661031252744,0.17692716824914712,0.16250437916208527,,0.8831189918546904,0.8972954654150831
**********01,**********05,3,SS0000000011,템퍼링 1호_템퍼1존(2존),0.898047735245728,0.6263977401836366,0.7693208345434763,0.5809542268808255,,0.365748657782229,0.7311196321762076
**********01,**********05,9,SS0000000045,템퍼링 1호_템퍼1존(3존),0.894866121891737,0.796578564578602,0.20282283334803275,0.5032924083399279,,0.07351382289099406,0.11402451757752796
**********01,**********05,3,SS0000000030,템퍼링 1호_템퍼1존(4존),0.65538498906561,0.11753447909254278,0.3936014224524912,0.6366425624520118,,0.5783078021704227,0.008421008090458093
**********01,**********05,3,SS0000000035,템퍼링 2호_템퍼1존(1존),0.5704149332312992,0.5695039473394539,0.4913099122335497,0.08398609854114292,,0.35680705835124094,0.9825673217811614
**********01,**********05,9,SS0000000034,템퍼링 2호_템퍼1존(2존),0.7149151405031888,0.3879391744029189,0.21599498218601343,0.35393616797473726,,0.3309300344348951,0.6077519955346378
**********01,**********05,6,SS0000000009,템퍼링 2호_템퍼1존(3존),0.9512660838080165,0.9838602193919999,0.4706368053429869,0.4082426251215274,,0.9092219324952363,0.7651442132486693
**********01,**********05,9,SS0000000036,템퍼링 2호_템퍼1존(4존),0.16224480005488617,0.6503819172875857,0.4724973309520708,0.7801886961637691,,0.8239289605734472,0.6727394019753401
**********01,**********05,3,SS0000000003,템퍼링 2호_템퍼1존(5존),0.9541446337349173,0.1948959304162391,0.10719699291675244,0.3091204876047424,,0.2522403137550542,0.4366347669678188
**********01,**********05,3,SS0000000004,템퍼링 2호_템퍼1존(6존),0.2501011563192045,0.10420634707170706,0.1333227874482199,0.31258607560152984,,0.19698672628261693,0.5653721688069838
**********01,**********05,6,SS0000000002,템퍼링 3호_템퍼1존(1존),0.6105298688855755,0.41292710525164855,0.2639713096250469,0.12901468839934294,,0.3942035133789318,0.6325439092216473
**********01,**********05,6,SS0000000039,템퍼링 3호_템퍼1존(2존),0.72431566169251,0.27145727088390414,0.03776342548355227,0.6402558228603825,,0.27443703612941117,0.12807393200860595
**********01,**********05,6,SS0000000002,템퍼링 3호_템퍼1존(3존),0.4468046779056406,0.8945670834935231,0.24889807698056632,0.6097812587601995,,0.723072496368269,0.3843320583719052
**********01,**********05,6,SS0000000026,템퍼링 4호_템퍼1존(1존),0.5732880787725388,0.8331639247613682,0.6319342252849014,0.4300089835688614,,0.6077871742628215,0.5009700966410117
**********01,**********05,3,SS0000000032,템퍼링 4호_템퍼1존(2존),0.847750404774546,0.8316177735124922,0.6414687872108091,0.5151319288883343,,0.4457211450262031,0.7054944541212108
**********01,**********05,3,SS0000000020,템퍼링 4호_템퍼1존(3존),0.9785294246523036,0.04052807774476486,0.24243971849336243,0.8120105221177389,,0.6577898709223451,0.4111756246376348
**********01,**********05,9,SS0000000032,템퍼링 4호_템퍼1존(4존),0.09584777038028458,0.018565013331710234,0.09977780156066607,0.2867021859978599,,0.10690154565838983,0.09634245697802069
**********01,**********05,3,SS0000000039,템퍼링 4호_템퍼1존(5존),0.8610725519523197,0.20482709064141247,0.006431534471390887,0.40565093178280076,,0.04216848353242342,0.4959647304285363
**********01,**********05,9,SS0000000034,템퍼링 4호_템퍼1존(6존),0.6203464584292817,0.9895735238195493,0.31193689741613206,0.5223490231983224,,0.24097493831662486,0.6192310226199502
**********01,**********05,6,SS0000000002,템퍼링 1호_템퍼1존(1존),0.7626035229272667,0.13309936099063935,0.8649892786511013,0.5735095870006082,,0.787649196369058,0.22397282881127956
**********01,**********05,6,SS0000000015,템퍼링 1호_템퍼1존(2존),0.46416610578418005,0.44894550132093336,0.9104316636407259,0.7721062223331606,,0.18561803765767337,0.032057607511457586
**********01,**********05,9,SS0000000019,템퍼링 1호_템퍼1존(3존),0.6211630547858068,0.8446140325164373,0.5770326238040803,0.031727721306564316,,0.01837266232028667,0.7354338645311239
**********01,**********05,3,SS0000000028,템퍼링 1호_템퍼1존(4존),0.5292844702754156,0.6624731699096116,0.2073556172825154,0.5856162585602532,,0.8383281491784517,0.7411275455669495
**********01,**********05,3,SS0000000008,템퍼링 2호_템퍼1존(1존),0.03364281986869455,0.40853552704745344,0.7980462992894699,0.2555631639703225,,0.20008571126878583,0.9221932384332124
**********01,**********05,9,SS0000000014,템퍼링 2호_템퍼1존(2존),0.2045630428937848,0.5943984707321094,0.581802256443304,0.9021481910200955,,0.90137959643442,0.4323869037183815
**********01,**********05,3,SS0000000016,템퍼링 2호_템퍼1존(3존),0.09915731963383467,0.4638685718452702,0.4859559025241402,0.12017620527667516,,0.8285525646657023,0.5438055996918673
**********01,**********05,9,SS0000000049,템퍼링 2호_템퍼1존(4존),0.25529641650313895,0.6692242688472988,0.8133887668575155,0.35410697629754373,,0.19950720368265407,0.760757306040556
**********01,**********05,3,SS0000000028,템퍼링 2호_템퍼1존(5존),0.8992397353553429,0.4442687819613149,0.4888989932101757,0.3171209940532791,,0.6340163086406223,0.8039930131667853
**********01,**********05,6,SS0000000008,템퍼링 2호_템퍼1존(6존),0.40081828476177983,0.22281836923013099,0.7944363315216183,0.4655362617548706,,0.7911109896834916,0.03963000330183475
**********01,**********05,9,SS0000000013,템퍼링 3호_템퍼1존(1존),0.6221689418717482,0.7460921739259814,0.9029438015081374,0.208109866677765,,0.5317300865476708,0.6906031442998566
**********01,**********05,6,SS0000000046,템퍼링 3호_템퍼1존(2존),0.500025059585191,0.9353810644953464,0.3292705260832829,0.2328273954395884,,0.09199699766328084,0.5814654199708621
**********01,**********05,3,SS0000000011,템퍼링 3호_템퍼1존(3존),0.7565149564989385,0.20690965691007412,0.8178584082246005,0.7149087762680656,,0.5264722520489402,0.9834384699620109
**********01,**********05,6,SS0000000003,템퍼링 4호_템퍼1존(1존),0.3352961261785483,0.01584244133354329,0.08961281537977372,0.5489027628725249,,0.4845468349568959,0.5124883122738214
**********01,**********05,3,SS0000000007,템퍼링 4호_템퍼1존(2존),0.08397395324978019,0.4532649461529674,0.03324915991407762,0.9213495368349021,,0.23338196585845927,0.3039449348692409
**********01,**********05,3,SS0000000015,템퍼링 4호_템퍼1존(3존),0.633975241926198,0.042851809310266664,0.4347809899966719,0.3857109614117583,,0.6309016201613954,0.5569654950432803
**********01,**********05,9,SS0000000001,템퍼링 4호_템퍼1존(4존),0.8595329553699956,0.6190002538345999,0.9702756759452491,0.7592562540422596,,0.2886533945767362,0.3747241001747521
**********01,**********05,6,SS0000000018,템퍼링 4호_템퍼1존(5존),0.6053281915435396,0.41368993417608746,0.6846568694822651,0.16106673666376226,,0.813749532864012,0.38480752257820927
**********01,**********05,9,SS0000000021,템퍼링 4호_템퍼1존(6존),0.28383874181664903,0.26449806769322126,0.6075064234010701,0.10146366125677875,,0.503638715754048,0.3465132197786678
**********01,**********05,3,SS0000000025,템퍼링 1호_템퍼1존(1존),0.5514100507081958,0.2148228605312854,0.7746150424144946,0.07004348792617932,,0.9202002177518169,0.4719732406272016
**********01,**********05,6,SS0000000021,템퍼링 1호_템퍼1존(2존),0.9247248776428986,0.033251144161088986,0.2757881890522875,0.5287145021177728,,0.9262096833808507,0.3911489344430794
**********01,**********05,9,SS0000000014,템퍼링 1호_템퍼1존(3존),0.18644972657010594,0.9442901664710249,0.6047187564383247,0.9215574613126757,,0.6614374097719582,0.5578306669683559
**********01,**********05,6,SS0000000010,템퍼링 1호_템퍼1존(4존),0.7505199473454303,0.020230214060559804,0.7899367336927613,0.8080848065026347,,0.08025460346569135,0.7269374100298299
**********01,**********05,9,SS0000000022,템퍼링 2호_템퍼1존(1존),0.2883461898235531,0.9656932464278767,0.30763353245606984,0.05452833188702755,,0.7902166738320388,0.9223944146816755
**********01,**********05,9,SS0000000020,템퍼링 2호_템퍼1존(2존),0.4753360971308679,0.031937685987805664,0.03754199003179415,0.8554939849734904,,0.5358536474924068,0.043436815419692354
**********01,**********05,3,SS0000000002,템퍼링 2호_템퍼1존(3존),0.10968466769717522,0.667095090777243,0.06901091134830395,0.9580994861605933,,0.2941172119661134,0.7900866005867653
**********01,**********05,9,SS0000000015,템퍼링 2호_템퍼1존(4존),0.6885826120807385,0.4203859345107058,0.8475520450786205,0.02688080187170372,,0.7525704036415168,0.7899102001928741
**********01,**********05,3,SS0000000014,템퍼링 2호_템퍼1존(5존),0.4011199338779986,0.06019256286178465,0.9907483251179938,0.4912690417748671,,0.7462904728838733,0.42516177162417645
**********01,**********05,3,SS0000000018,템퍼링 2호_템퍼1존(6존),0.6703961978811152,0.08533372778033321,0.37906476756649754,0.16699535606864024,,0.6638155921273031,0.36454429643117203
**********01,**********05,9,SS0000000028,템퍼링 3호_템퍼1존(1존),0.6691850812038943,0.887174624726674,0.5818507910711213,0.06756163461563947,,0.6770507598734783,0.8790051374818442
**********01,**********05,3,SS0000000004,템퍼링 3호_템퍼1존(2존),0.35443708056375,0.6854631061349556,0.9566486138713848,0.9188108267086919,,0.5026557939402294,0.4554524392562149
**********01,**********05,3,SS0000000050,템퍼링 3호_템퍼1존(3존),0.18129334360329674,0.4484335007986062,0.4713883667451275,0.42053253663560664,,0.07779309993630057,0.78229131432029
**********01,**********05,3,SS0000000030,템퍼링 4호_템퍼1존(1존),0.02367952055026834,0.919475159845526,0.6948633818519014,0.05271165054156124,,0.18155799341592027,0.998486933293475
**********01,**********05,6,SS0000000050,템퍼링 4호_템퍼1존(2존),0.9435329562870628,0.6235814179181962,0.8851306388666086,0.2267906735645011,,0.656318921759922,0.5945658937212216
**********01,**********05,6,SS0000000018,템퍼링 4호_템퍼1존(3존),0.4460936990375307,0.693416824405529,0.5391671384177396,0.535654839606601,,0.6669163917207475,0.4207257574628782
**********01,**********05,6,SS0000000033,템퍼링 4호_템퍼1존(4존),0.8237296868394937,0.19304434658352432,0.022390913132786405,0.561047905503101,,0.14808827232775457,0.003711228066821226
**********01,**********05,9,SS0000000011,템퍼링 4호_템퍼1존(5존),0.2130144582888499,0.009022759585892492,0.10450427864037337,0.8548946224869534,,0.6600722560218861,0.5793651664332798
**********01,**********05,6,SS0000000049,템퍼링 4호_템퍼1존(6존),0.11784627341661102,0.006722662147301772,0.928300168882193,0.6008398747615102,,0.326791320315693,0.10499933527745897
**********01,**********05,9,SS0000000049,템퍼링 1호_템퍼1존(1존),0.5802345962090475,0.6673281933533934,0.2261725756212949,0.2393011094473636,,0.06477728298951146,0.4365860068169771
**********01,**********05,9,SS0000000005,템퍼링 1호_템퍼1존(2존),0.7505535878795859,0.800026662896637,0.39638330847575565,0.29018582884596866,,0.9726713120517163,0.9985403089961757
**********01,**********05,6,SS0000000040,템퍼링 1호_템퍼1존(3존),0.6901046977014345,0.8773424083949005,0.094424079495522,0.22124037331305424,,0.5251126240203315,0.08100886965588627
**********01,**********05,3,SS0000000041,템퍼링 1호_템퍼1존(4존),0.3876848565558295,0.8656884698392361,0.2552524140279657,0.14824098095493188,,0.28223426212303604,0.825498679608322
**********01,**********05,9,SS0000000030,템퍼링 2호_템퍼1존(1존),0.19189763028580942,0.4396918201207275,0.2654748335248521,0.08522522153395184,,0.8273812261661508,0.8854303344195724
**********01,**********05,3,SS0000000018,템퍼링 2호_템퍼1존(2존),0.03449365822226469,0.6727846723747279,0.1863846877489822,0.5598125287675321,,0.9571841853444305,0.6834292963078523
**********01,**********05,9,SS0000000018,템퍼링 2호_템퍼1존(3존),0.6832602805644014,0.16745799651090798,0.2773611787573258,0.6064251918672049,,0.07669493122970061,0.5836545941941982
**********01,**********05,9,SS0000000046,템퍼링 2호_템퍼1존(4존),0.7708277144888002,0.8428298190712626,0.4365054963772218,0.6349784569994217,,0.7541405530702313,0.1415967883074113
**********01,**********05,3,SS0000000007,템퍼링 2호_템퍼1존(5존),0.557800857635895,0.6802924393862976,0.7680263553700425,0.960048626317654,,0.17098301441143582,0.8839970185935926
**********01,**********05,9,SS0000000036,템퍼링 2호_템퍼1존(6존),0.20998778958201747,0.3022815544381011,0.025936518763798766,0.008693548591806488,,0.7659415938765781,0.825297534852291
**********01,**********05,9,SS0000000017,템퍼링 3호_템퍼1존(1존),0.050990741007610696,0.9423303092297326,0.3862981570636854,0.9750573579866771,,0.516029192561713,0.7002889215067417
**********01,**********05,3,SS0000000014,템퍼링 3호_템퍼1존(2존),0.6493261437234479,0.7935025029783144,0.4570653970822234,0.5144833068226945,,0.9511994342087167,0.0598448870590248
**********01,**********05,3,SS0000000044,템퍼링 3호_템퍼1존(3존),0.5182027068222209,0.10421080800679727,0.7957629364050588,0.4979695290024123,,0.34503480075141957,0.4567455669300511
**********01,**********05,3,SS0000000020,템퍼링 4호_템퍼1존(1존),0.9801320503648095,0.13469566338020023,0.8281155219797721,0.6489461147818626,,0.3228877165278353,0.31926669128441676
**********01,**********05,3,SS0000000008,템퍼링 4호_템퍼1존(2존),0.09745781715603019,0.6241738568809347,0.29976548536939407,0.8605954442043228,,0.9960885624874705,0.19559304899872754
**********01,**********05,9,SS0000000019,템퍼링 4호_템퍼1존(3존),0.20550432302962562,0.9463219465937508,0.700584207074359,0.8556220024748159,,0.27100682114067354,0.7432489096423758
**********01,**********05,6,SS0000000013,템퍼링 4호_템퍼1존(4존),0.7484619605379677,0.9166692836214897,0.1255205701718748,0.05874929676972762,,0.31753000518858077,0.7434077031986754
**********01,**********05,6,SS0000000034,템퍼링 4호_템퍼1존(5존),0.9345309118639268,0.8927450352500684,0.6356521198500542,0.7183986468031296,,0.39575949803423893,0.7703563548453782
**********01,**********05,9,SS0000000016,템퍼링 4호_템퍼1존(6존),0.718624664192198,0.6609697600540902,0.1300073005772957,0.609792657113814,,0.9050961644829136,0.8341281091783136
**********01,**********05,6,SS0000000023,템퍼링 1호_템퍼1존(1존),0.17300039015504154,0.9865885605577881,0.6289829937799379,0.709080826504895,,0.09217333169812603,0.6374888309004336
**********01,**********05,3,SS0000000011,템퍼링 1호_템퍼1존(2존),0.9417106297747636,0.7226167273218473,0.24101909560314816,0.6795915866471727,,0.6825030373359071,0.03478676709515238
**********01,**********05,6,SS0000000024,템퍼링 1호_템퍼1존(3존),0.23474237510643647,0.00862878764951136,0.3933493340717842,0.8001138627253805,,0.18943377315976406,0.6959903656477838
**********01,**********05,9,SS0000000030,템퍼링 1호_템퍼1존(4존),0.6277231852832713,0.675309974978053,0.6052879712064053,0.5616956141676173,,0.93787739024114,0.5044846275301714
**********01,**********05,9,SS0000000039,템퍼링 2호_템퍼1존(1존),0.31817652585803147,0.061466934070851464,0.2991487475232447,0.5205897504128846,,0.056169048711997904,0.6794225370824969
**********01,**********05,6,SS0000000047,템퍼링 2호_템퍼1존(2존),0.3330997455631891,0.2740537470580797,0.8898162918106933,0.695785537959849,,0.8350036655971343,0.1841717568057354
**********01,**********05,3,SS0000000047,템퍼링 2호_템퍼1존(3존),0.7936559422953532,0.6947470344986038,0.5226531527738494,0.1282054848804347,,0.9363489169888846,0.08858118198908704
**********01,**********05,6,SS0000000013,템퍼링 2호_템퍼1존(4존),0.6568889144636082,0.9075859371586917,0.1712965311950666,0.3012852368357155,,0.6592704298586002,0.13582210852883403
**********01,**********05,6,SS0000000029,템퍼링 2호_템퍼1존(5존),0.8654014982775547,0.25165679415344344,0.9925109401772766,0.8841594232797575,,0.3538997749051873,0.18211044753001293
**********01,**********05,3,SS0000000050,템퍼링 2호_템퍼1존(6존),0.2691739443720943,0.5992574653132311,0.6284407290947507,0.9872021559827437,,0.324437631844645,0.9183885580460089
**********01,**********05,9,SS0000000012,템퍼링 3호_템퍼1존(1존),0.6473985536938559,0.36349219258727705,0.4628056502608331,0.1796959761223883,,0.8464337131953034,0.31370583852492206
**********01,**********05,3,SS0000000043,템퍼링 3호_템퍼1존(2존),0.64974395264884,0.6425016872723752,0.34541950128014187,0.49291377902038336,,0.748280780734944,0.1152275494386853
**********01,**********05,9,SS0000000015,템퍼링 3호_템퍼1존(3존),0.23661558936925975,0.7960991786800822,0.5586900990923876,0.14698702949878129,,0.22947391304384546,0.9285013800461159
**********01,**********05,3,SS0000000007,템퍼링 4호_템퍼1존(1존),0.7859725714500085,0.6118866886964451,0.25662781927439426,0.2819031150122646,,0.6167770330309105,0.39671212550007484
**********01,**********05,9,SS0000000042,템퍼링 4호_템퍼1존(2존),0.465952010233157,0.6354112657275267,0.00948731801774838,0.06313990777096556,,0.06866634842883934,0.9381357309178037
**********01,**********05,9,SS0000000011,템퍼링 4호_템퍼1존(3존),0.48857075147261975,0.8769093989725447,0.5420738344090887,0.44008204080808544,,0.28291029495892306,0.8522400545326475
**********01,**********05,6,SS0000000025,템퍼링 4호_템퍼1존(4존),0.44916351994552006,0.1631969482043718,0.9825070733162968,0.3553177838623265,,0.3104839118764503,0.7172723626983684
**********01,**********05,6,SS0000000036,템퍼링 4호_템퍼1존(5존),0.9689679547473399,0.6012414841981699,0.8467846296223636,0.23619405963381512,,0.6455838191656603,0.5659477005138348
**********01,**********05,9,SS0000000031,템퍼링 4호_템퍼1존(6존),0.8107207754504108,0.7508990737776138,0.32983393587167775,0.19734143976791163,,0.6111897303204117,0.831548734679707
**********01,**********05,9,SS0000000049,템퍼링 1호_템퍼1존(1존),0.031214308636380084,0.71756571065161,0.05657255696659247,0.007941725080338413,,0.4322164142107907,0.607198295285953
**********01,**********05,9,SS0000000042,템퍼링 1호_템퍼1존(2존),0.24125994968665443,0.07120961076270538,0.9446912857556957,0.6060129726566198,,0.172219574230853,0.3614984190017252
**********01,**********05,3,SS0000000017,템퍼링 1호_템퍼1존(3존),0.4042720128735686,0.41772501897825,0.3605719114504652,0.7523687124451485,,0.7787414601142882,0.5127013796195591
**********01,**********05,9,SS0000000038,템퍼링 1호_템퍼1존(4존),0.6464395720365397,0.4895871079093591,0.8662363464365371,0.9532015427620837,,0.6543131571090062,0.6555137150104404
**********01,**********05,3,SS0000000027,템퍼링 2호_템퍼1존(1존),0.2708120509590193,0.6321029834030617,0.331379789133578,0.5618445579627783,,0.7444180549799229,0.5610660047630903
**********01,**********05,3,SS0000000013,템퍼링 2호_템퍼1존(2존),0.21437757115400613,0.7173752649336077,0.6577514282877462,0.958534645024879,,0.06074034870247147,0.8958973810395944
**********01,**********05,3,SS0000000006,템퍼링 2호_템퍼1존(3존),0.8032856702425893,0.421896577452465,0.6751029873805819,0.5148590073646822,,0.7386771550139607,0.752284147170416
**********01,**********05,6,SS0000000030,템퍼링 2호_템퍼1존(4존),0.19001580349867597,0.9256382344843558,0.29548195079605144,0.7402259018008617,,0.09738190994638674,0.9893092701109962
**********01,**********05,6,SS0000000009,템퍼링 2호_템퍼1존(5존),0.4038849146717981,0.5522718127661906,0.9932601261679963,0.5142193439365521,,0.6280780125697383,0.6943324681140081
**********01,**********05,6,SS0000000046,템퍼링 2호_템퍼1존(6존),0.6680720120812833,0.4408560962589595,0.5754669272428938,0.09114103499766846,,0.6960951112143495,0.6706621075351004
**********01,**********05,9,SS0000000026,템퍼링 3호_템퍼1존(1존),0.3724014483384481,0.03290365231694037,0.9959383392059995,0.30301702127612795,,0.37827071408513624,0.47591002977742436
**********01,**********05,3,SS0000000015,템퍼링 3호_템퍼1존(2존),0.8946344757470156,0.2671570137008721,0.3768432300851374,0.04494360927718977,,0.019115380432585538,0.01583265815396917
**********01,**********05,9,SS0000000047,템퍼링 3호_템퍼1존(3존),0.20549291658945001,0.6494864006955486,0.7245553667124609,0.12117096356275403,,0.27963665681867533,0.07092045183614659
**********01,**********05,3,SS0000000003,템퍼링 4호_템퍼1존(1존),0.42348359550458026,0.3048895899928047,0.8721230277933777,0.9151130200049321,,0.8247197188879707,0.7142603765397559
**********01,**********05,3,SS0000000003,템퍼링 4호_템퍼1존(2존),0.05257153887729471,0.783582713639069,0.5077166685293627,0.38905317261436756,,0.33929401432385153,0.508311744439559
**********01,**********05,6,SS0000000015,템퍼링 4호_템퍼1존(3존),0.9673150353215842,0.16212838983660072,0.7777689586713429,0.5574642043172174,,0.869346762922114,0.47883249757641866
**********01,**********05,3,SS0000000013,템퍼링 4호_템퍼1존(4존),0.7310106060747156,0.8178499508436968,0.213083433091093,0.98458573206677,,0.4017688921946605,0.41574012632508883
**********01,**********05,3,SS0000000047,템퍼링 4호_템퍼1존(5존),0.3624036907571384,0.9407247148208223,0.005247113925232361,0.7792866320456675,,0.2999330007611427,0.23158571811563722
**********01,**********05,6,SS0000000025,템퍼링 4호_템퍼1존(6존),0.23950341301123568,0.6783099937654342,0.25871535535768575,0.5178892611980195,,0.16914148078982227,0.011173588342800578
**********01,**********05,6,SS0000000034,템퍼링 1호_템퍼1존(1존),0.5234806981422728,0.9910293213573975,0.8717497601265427,0.8906018057158279,,0.5155283398956315,0.5288226160322104
**********01,**********05,6,SS0000000011,템퍼링 1호_템퍼1존(2존),0.3980093210994521,0.01603794292414351,0.9793487141889154,0.024227165012600915,,0.1669940277284947,0.8498542601523666
**********01,**********05,6,SS0000000041,템퍼링 1호_템퍼1존(3존),0.06464586100258451,0.19872022248236343,0.06511259957255633,0.7970636932973466,,0.9427729824899223,0.6013749138910575
**********01,**********05,6,SS0000000024,템퍼링 1호_템퍼1존(4존),0.8742427243006139,0.9248165699786783,0.20581102723008993,0.018875141113296467,,0.9417721095944058,0.49650365934685325
**********01,**********05,6,SS0000000027,템퍼링 2호_템퍼1존(1존),0.049308923341550015,0.039773057461970796,0.6681809418431605,0.371439932246455,,0.45943576055623003,0.5280578550653192
**********01,**********05,9,SS0000000029,템퍼링 2호_템퍼1존(2존),0.536351643411377,0.030118506295747416,0.6639152627406067,0.5166304152515288,,0.8284910603965047,0.434784785337599
**********01,**********05,9,SS0000000026,템퍼링 2호_템퍼1존(3존),0.9761600500201253,0.49964282984803465,0.5476421415573682,0.876386750414701,,0.46364787827921916,0.6590677624999849
**********01,**********05,6,SS0000000029,템퍼링 2호_템퍼1존(4존),0.05103117171812288,0.8991485852543383,0.7915380488764425,0.8921824298291678,,0.00021588085030621595,0.7532153567476368
**********01,**********05,3,SS0000000003,템퍼링 2호_템퍼1존(5존),0.1587016829859237,0.444679163339583,0.26290042296948724,0.44409222845601704,,0.10897851460874752,0.983762832291891
**********01,**********05,6,SS0000000017,템퍼링 2호_템퍼1존(6존),0.7314246902814788,0.6219202111411897,0.2986497401504755,0.040664979638788346,,0.2473521726696446,0.9031653919250889
**********01,**********05,6,SS0000000047,템퍼링 3호_템퍼1존(1존),0.5652301889841331,0.28336616421847227,0.28758014661154196,0.5552731480395947,,0.9037130158677145,0.07642788959154445
**********01,**********05,3,SS0000000049,템퍼링 3호_템퍼1존(2존),0.5903942275917642,0.9425966735657861,0.11588637648727063,0.6925115986678144,,0.0673516172786831,0.017691069059148634
**********01,**********05,9,SS0000000015,템퍼링 3호_템퍼1존(3존),0.8103721721208171,0.6801592080367741,0.014451215866512657,0.23051265117818664,,0.23402164683315774,0.6255814875809846
**********01,**********05,6,SS0000000015,템퍼링 4호_템퍼1존(1존),0.6784884565706318,0.0774113803899823,0.15546495625565548,0.45093121085440646,,0.4300355035178788,0.5173863142621926
**********01,**********05,9,SS0000000015,템퍼링 4호_템퍼1존(2존),0.05365126349235794,0.20664024801202807,0.1572980497460148,0.43431650348115114,,0.2627952525936267,0.742039395894803
**********01,**********05,6,SS0000000045,템퍼링 4호_템퍼1존(3존),0.09887031905252208,0.7148837911738415,0.7932902547355499,0.8951147739922657,,0.5183949376353504,0.78387725334628
**********01,**********05,3,SS0000000016,템퍼링 4호_템퍼1존(4존),0.8633705632179084,0.43590438915629826,0.976721744654005,0.04507494085576813,,0.8698814088202929,0.2932232334832454
**********01,**********05,9,SS0000000007,템퍼링 4호_템퍼1존(5존),0.43004842242373587,0.6846093550179516,0.6715828404628312,0.4926810052829671,,0.4952784124914851,0.3694092836533609
**********01,**********05,6,SS0000000036,템퍼링 4호_템퍼1존(6존),0.48208611278069524,0.09870506591320094,0.5272498177122786,0.17908540626192393,,0.7574237652438895,0.9708254086699546
**********01,**********05,6,SS0000000008,템퍼링 1호_템퍼1존(1존),0.9536031117545917,0.43767601329774664,0.5632828250922622,0.9664868602938015,,0.9747207944809091,0.025561148308254733
**********01,**********05,9,SS0000000030,템퍼링 1호_템퍼1존(2존),0.48886048312153074,0.023659265939143026,0.9371080007799218,0.7092125227582556,,0.8409028147195522,0.23588239208941664
**********01,**********05,9,SS0000000032,템퍼링 1호_템퍼1존(3존),0.4828208458962463,0.1168075691129824,0.764787630644879,0.5470742489940005,,0.9364566137285955,0.7380611321911839
**********01,**********05,3,SS0000000033,템퍼링 1호_템퍼1존(4존),0.6966818951514021,0.2503652534451203,0.013575529146303889,0.24894923708015637,,0.8321557495415313,0.5421165361735563
**********01,**********05,6,SS0000000018,템퍼링 2호_템퍼1존(1존),0.0010414449639872814,0.15781486394417088,0.3495109349606229,0.4872324001216827,,0.6830176588770852,0.29904512893411717
**********01,**********05,3,SS0000000039,템퍼링 2호_템퍼1존(2존),0.5252981232319547,0.00825145669963423,0.25483759828500363,0.67249000647622,,0.22109913461257147,0.7860687504703281
**********01,**********05,3,SS0000000003,템퍼링 2호_템퍼1존(3존),0.11541178729030943,0.7723210595254378,0.9345301957591388,0.36368398960765747,,0.5570941744069425,0.2204666703738456
**********01,**********05,3,SS0000000038,템퍼링 2호_템퍼1존(4존),0.4176311740421227,0.03436195419266874,0.2783435716121442,0.5499258390333598,,0.6063759651792265,0.911927049080814
**********01,**********05,6,SS0000000047,템퍼링 2호_템퍼1존(5존),0.6211744033609854,0.38355136446621785,0.22971918863816043,0.492717111136023,,0.037237993528438706,0.12474093440545253
**********01,**********05,6,SS0000000026,템퍼링 2호_템퍼1존(6존),0.24256735517561478,0.9647604183880845,0.805535780971916,0.9070636058105702,,0.5152903521412315,0.9984192373279334
**********01,**********05,9,SS0000000002,템퍼링 3호_템퍼1존(1존),0.7707552419730078,0.7171664867726866,0.7180506576872582,0.8862188688657274,,0.639885546464365,0.7868963437906867
**********01,**********05,6,SS0000000047,템퍼링 3호_템퍼1존(2존),0.10584746505110787,0.21880936851448873,0.6085981108593718,0.6026575178952328,,0.08910683258333874,0.21334909703809002
**********01,**********05,6,SS0000000029,템퍼링 3호_템퍼1존(3존),0.073703220975597,0.8711200980295231,0.003528433106429807,0.9159295120713067,,0.48742182234675213,0.015535578299463837
**********01,**********05,6,SS0000000012,템퍼링 4호_템퍼1존(1존),0.6052198016799246,0.9305560902722145,0.7412301992072127,0.7480602300258963,,0.4538557220133981,0.7639112344337582
**********01,**********05,3,SS0000000004,템퍼링 4호_템퍼1존(2존),0.06159714076499456,0.30468685826623654,0.6939998691316352,0.7745166848827827,,0.5089913054680807,0.42238456794809986
**********01,**********05,9,SS0000000010,템퍼링 4호_템퍼1존(3존),0.23127219437259894,0.08913484443444653,0.9712086764346003,0.03337698880176532,,0.6661654403471974,0.5934752598040537
**********01,**********05,6,SS0000000002,템퍼링 4호_템퍼1존(4존),0.16977622108180634,0.6558614696802257,0.5774745214387448,0.9178163980156622,,0.29801982651087455,0.07840685601743125
**********01,**********05,6,SS0000000009,템퍼링 4호_템퍼1존(5존),0.49892444047364215,0.18718719311719267,0.7233840873546767,0.47892813823069147,,0.5509144541668427,0.14896645897853888
**********01,**********05,9,SS0000000026,템퍼링 4호_템퍼1존(6존),0.39110898625934853,0.2974261331847914,0.851863089101845,0.3269403552343889,,0.7883936536924819,0.9476069605210374
**********01,**********05,6,SS0000000041,템퍼링 1호_템퍼1존(1존),0.2961769578656539,0.44406883086754545,0.8015280962318353,0.24761818821298665,,0.9122799873266372,0.01563919294256899
**********01,**********05,6,SS0000000010,템퍼링 1호_템퍼1존(2존),0.4057365017174108,0.4538344260613679,0.3907363921968978,0.7689002878482172,,0.27024316065343645,0.15387169491522923
**********01,**********05,3,SS0000000037,템퍼링 1호_템퍼1존(3존),0.4231144726534203,0.5379617245354039,0.07724432699028627,0.4764647801680678,,0.575315878884154,0.8491957727089622
**********01,**********05,6,SS0000000023,템퍼링 1호_템퍼1존(4존),0.15040925214540268,0.02752687680244459,0.2735851872005888,0.27506837082425195,,0.18645771622941432,0.11023151909856543
**********01,**********05,9,SS0000000035,템퍼링 2호_템퍼1존(1존),0.9385512754714582,0.6142303515203309,0.6912130998707783,0.8544298811269877,,0.9378052394341697,0.5180536483616008
**********01,**********05,9,SS0000000006,템퍼링 2호_템퍼1존(2존),0.11359199640611728,0.7891171720015804,0.1807333930015378,0.08324346564753782,,0.7732341052346419,0.45436896279474237
**********01,**********05,9,SS0000000039,템퍼링 2호_템퍼1존(3존),0.34061054049363304,0.6039502481276393,0.49577740431041883,0.03778545149663781,,0.739031917786863,0.23465769187034824
**********01,**********05,3,SS0000000016,템퍼링 2호_템퍼1존(4존),0.3345814119426026,0.6675849208762048,0.8450873754798565,0.5377716752575027,,0.3885051792854205,0.12196868735064814
**********01,**********05,3,SS0000000024,템퍼링 2호_템퍼1존(5존),0.8345075325213582,0.8147053939978642,0.8347388349259428,0.05787497812001052,,0.5803975411931025,0.35055393471063934
**********01,**********05,3,SS0000000027,템퍼링 2호_템퍼1존(6존),0.9717637469949583,0.7582895952856524,0.32264266095228866,0.9487075135749458,,0.4678919527542791,0.6932013257570834
**********01,**********05,9,SS0000000047,템퍼링 3호_템퍼1존(1존),0.7258581784281618,0.07294038440828177,0.1691297541761022,0.3712800392653349,,0.5384511727128013,0.2830461368441324
**********01,**********05,3,SS0000000036,템퍼링 3호_템퍼1존(2존),0.07598754595846036,0.9727957956189086,0.7358560952991013,0.5938244750653593,,0.24741729529274847,0.3813153647746572
**********01,**********05,3,SS0000000032,템퍼링 3호_템퍼1존(3존),0.30946589344270536,0.4077509057877702,0.1008448608638931,0.26806606985167025,,0.1589728674110531,0.2756750872511434
**********01,**********05,6,SS0000000025,템퍼링 4호_템퍼1존(1존),0.9303969276217369,0.9420825579088523,0.5857770032146837,0.1524568816793006,,0.9465270609925918,0.4368653118739293
**********01,**********05,3,SS0000000016,템퍼링 4호_템퍼1존(2존),0.7463640884148708,0.9815636416700424,0.25068674742724073,0.5216283531653713,,0.876900935268164,0.04460955672474021
**********01,**********05,6,SS0000000043,템퍼링 4호_템퍼1존(3존),0.09122258972255093,0.8836841978425105,0.09353794759948997,0.16253106222032276,,0.35723098058125924,0.96044680973831
**********01,**********05,6,SS0000000043,템퍼링 4호_템퍼1존(4존),0.3929281272949461,0.19468977305790391,0.2587537640970099,0.2384586020678663,,0.41334216849257643,0.5672978474004533
**********01,**********05,3,SS0000000034,템퍼링 4호_템퍼1존(5존),0.6688181583511098,0.4046830871100512,0.5135403024817873,0.08258079702460264,,0.2561625926200837,0.8648658678187371
**********01,**********05,9,SS0000000010,템퍼링 4호_템퍼1존(6존),0.3488814389215461,0.07171990687914331,0.6579448973288863,0.8733517549137904,,0.7390113121518992,0.28404976367825696
**********01,**********05,3,SS0000000028,템퍼링 1호_템퍼1존(1존),0.08703557703008769,0.8817694798924088,0.09375332198099307,0.7322249320796087,,0.26562538661222224,0.015742882657030277
**********01,**********05,6,SS0000000044,템퍼링 1호_템퍼1존(2존),0.2718804336909941,0.7186599789499378,0.41305520918839156,0.6159325537963652,,0.0655416069080782,0.3402260590971501
**********01,**********05,3,SS0000000037,템퍼링 1호_템퍼1존(3존),0.6083113684742599,0.3720563612990292,0.8347055806914826,0.21959666847377535,,0.24026458339165513,0.5807946413973182
**********01,**********05,6,SS0000000005,템퍼링 1호_템퍼1존(4존),0.7901792892743252,0.13911322086934907,0.9055131052836044,0.22816658148153623,,0.18366571963583134,0.1273622249324694
**********01,**********05,9,SS0000000019,템퍼링 2호_템퍼1존(1존),0.5911775932626168,0.47264432223449904,0.7765583047185164,0.6161817386386337,,0.9341211124065933,0.48742408257514924
**********01,**********05,3,SS0000000031,템퍼링 2호_템퍼1존(2존),0.7272479578785285,0.5337749708631065,0.9388976164659392,0.14290999879852517,,0.5074959291106923,0.6006655959701755
**********01,**********05,3,SS0000000021,템퍼링 2호_템퍼1존(3존),0.7771099324661112,0.6769592593471856,0.7870210261962608,0.8755018171395847,,0.9400338319891005,0.24090850048288992
**********01,**********05,3,SS0000000006,템퍼링 2호_템퍼1존(4존),0.3091809878395654,0.744727023768757,0.7101715706366971,0.5756424374650083,,0.4880946090476197,0.397095334731824
**********01,**********05,3,SS0000000001,템퍼링 2호_템퍼1존(5존),0.7950543211048089,0.5897087859644132,0.1782468281458114,0.6128428699080989,,0.6180246913813289,0.7300648964766483
**********01,**********05,3,SS0000000003,템퍼링 2호_템퍼1존(6존),0.08397012099741896,0.7499512151371243,0.2704958879491315,0.637631578880267,,0.45305554739941134,0.8008870362225584
**********01,**********05,6,SS0000000047,템퍼링 3호_템퍼1존(1존),0.06307562158430025,0.018059886503390965,0.5501146967597438,0.3532891478607135,,0.6678181338289914,0.018083737903748176
**********01,**********05,3,SS0000000031,템퍼링 3호_템퍼1존(2존),0.5181181509519129,0.646902925259745,0.28238317226444887,0.7414542588483564,,0.7317765192013908,0.9728974949238898
**********01,**********05,9,SS0000000013,템퍼링 3호_템퍼1존(3존),0.6704786511317229,0.2224123440286352,0.33674419615272866,0.8844397140081458,,0.8774302051090135,0.20606294701254768
**********01,**********05,9,SS0000000023,템퍼링 4호_템퍼1존(1존),0.9591002961075435,0.5974128863430586,0.3222080789507481,0.36520140173732796,,0.035272542049592626,0.8774946471580329
**********01,**********05,6,SS0000000016,템퍼링 4호_템퍼1존(2존),0.04197460138433129,0.05594299407928749,0.769231608628576,0.7951181124831133,,0.20890523796062266,0.5264888316499563
**********01,**********05,9,SS0000000019,템퍼링 4호_템퍼1존(3존),0.7241520628361805,0.9704073020038739,0.02108358285690981,0.46020370169675784,,0.7253983340797564,0.9216865719591957
**********01,**********05,6,SS0000000028,템퍼링 4호_템퍼1존(4존),0.8796682243692515,0.2268745594089776,0.3546354273835808,0.4366095484423185,,0.9462726060915874,0.29498357271919484
**********01,**********05,6,SS0000000007,템퍼링 4호_템퍼1존(5존),0.9369386743636506,0.501796441466428,0.09574830730490969,0.21790378294895973,,0.33238386255141017,0.47089742009796176
**********01,**********05,3,SS0000000024,템퍼링 4호_템퍼1존(6존),0.6658343687314616,0.20092362940948594,0.668151700566445,0.8973473667311279,,0.8249958499343465,0.979902209982371
**********01,**********05,6,SS0000000012,템퍼링 1호_템퍼1존(1존),0.3473437917812999,0.6441402886675335,0.39964013519883734,0.7577024958070504,,0.17289675974642404,0.442165250379956
**********01,**********05,9,SS0000000010,템퍼링 1호_템퍼1존(2존),0.7094122197078471,0.8116079414213724,0.6047073974547438,0.7227868543418178,,0.3731028028531853,0.04060815747355273
**********01,**********05,9,SS0000000043,템퍼링 1호_템퍼1존(3존),0.31231094517935065,0.353342582019586,0.6994003502120851,0.9514068163688973,,0.7953527561349976,0.10100821367930846
**********01,**********05,3,SS0000000036,템퍼링 1호_템퍼1존(4존),0.014678215474049239,0.5881489246812869,0.23717958303937903,0.9845593739654729,,0.39613288730882423,0.9857387558534532
**********01,**********05,9,SS0000000029,템퍼링 2호_템퍼1존(1존),0.7333010134341578,0.48746246918060787,0.12227631535474348,0.23769112797173508,,0.8589676019008979,0.4779902103062347
**********01,**********05,9,SS0000000036,템퍼링 2호_템퍼1존(2존),0.6718879611949734,0.4624087711374325,0.461114579648109,0.6409535317931454,,0.07698051757755398,0.6040411704728239
**********01,**********05,9,SS0000000037,템퍼링 2호_템퍼1존(3존),0.023218246636953044,0.07862113197700538,0.6327755263902283,0.8786482913011205,,0.2447681396758966,0.5079610583597187
**********01,**********05,3,SS0000000004,템퍼링 2호_템퍼1존(4존),0.0715620337161832,0.7542237589009699,0.15358840334118606,0.3394964290416881,,0.8069483629142887,0.9763424715940902
**********01,**********05,9,SS0000000014,템퍼링 2호_템퍼1존(5존),0.3165656067887703,0.7284720754644459,0.3162864215935971,0.009223387557395601,,0.1807138702772496,0.1279561720200033
**********01,**********05,9,SS0000000038,템퍼링 2호_템퍼1존(6존),0.8195717280577701,0.7487853051532045,0.8485113918655894,0.9777117955380695,,0.3378476158839261,0.009371899014168572
**********01,**********05,3,SS0000000050,템퍼링 3호_템퍼1존(1존),0.1473093043320589,0.1684653448936364,0.9337162389119338,0.18750140990401765,,0.47737026649519076,0.9410625526120799
**********01,**********05,3,SS0000000003,템퍼링 3호_템퍼1존(2존),0.9782970087820484,0.9300141993166285,0.1636575303646305,0.8423267983927661,,0.3133738278342594,0.693880287123717
**********01,**********05,3,SS0000000035,템퍼링 3호_템퍼1존(3존),0.1657765750459136,0.9076650885227273,0.6058640547211119,0.36402967882658954,,0.26476024287827626,0.8625270418520214
**********01,**********05,3,SS0000000007,템퍼링 4호_템퍼1존(1존),0.762980341505603,0.5944482608221249,0.10404115669511471,0.9603923091255417,,0.5086115288642319,0.3412248891017384
**********01,**********05,9,SS0000000033,템퍼링 4호_템퍼1존(2존),0.37172213992386816,0.9237637793774665,0.7164647409477346,0.41908342678992605,,0.7554069097747189,0.8030145071379096
**********01,**********05,3,SS0000000012,템퍼링 4호_템퍼1존(3존),0.9643674435332966,0.7856177404050407,0.7183980960960885,0.2707174979734861,,0.5076184346622568,0.9552872707457429
**********01,**********05,9,SS0000000019,템퍼링 4호_템퍼1존(4존),0.7679873767582563,0.6143930578022334,0.2508165252740523,0.12220431543725141,,0.7178834416841849,0.5111444072108563
**********01,**********05,3,SS0000000032,템퍼링 4호_템퍼1존(5존),0.3984157305666195,0.6704527507637386,0.9939067563583603,0.40681024576460023,,0.6074436468442597,0.5240926290750093
**********01,**********05,3,SS0000000035,템퍼링 4호_템퍼1존(6존),0.16424499863402564,0.5396057882497272,0.6779724872144586,0.34064711373185086,,0.20550075630135156,0.1180099211718808
**********01,**********05,3,SS0000000009,템퍼링 1호_템퍼1존(1존),0.42934084433176445,0.9350068593646385,0.7411906164976305,0.529991429781884,,0.508508087876958,0.869649811277958
**********01,**********05,6,SS0000000048,템퍼링 1호_템퍼1존(2존),0.2155634828371611,0.6776386981076076,0.008734573535313372,0.1299802179477597,,0.7188865880127836,0.6005659405439839
**********01,**********05,9,SS0000000030,템퍼링 1호_템퍼1존(3존),0.7122592065512995,0.9859425064480702,0.7179566136633357,0.5675506190113317,,0.12465356606456868,0.5758552813319311
**********01,**********05,9,SS0000000030,템퍼링 1호_템퍼1존(4존),0.20742582191131975,0.26745046535626826,0.7776511753390347,0.5976637981023414,,0.6933381732089132,0.10434867812882953
**********01,**********05,6,SS0000000050,템퍼링 2호_템퍼1존(1존),0.3623052343621612,0.08232712059998015,0.32076625545083437,0.09283744908798008,,0.14746373327916273,0.07234235674419831
**********01,**********05,6,SS0000000037,템퍼링 2호_템퍼1존(2존),0.8493864638241917,0.08980775595576163,0.48629864565542125,0.16361012981458178,,0.2513068910869507,0.9952198029667052
**********01,**********05,6,SS0000000005,템퍼링 2호_템퍼1존(3존),0.88921828586318,0.4980402563259053,0.03078756321509335,0.9586382618793661,,0.5847288156921685,0.9734109964287581
**********01,**********05,9,SS0000000050,템퍼링 2호_템퍼1존(4존),0.6368418715395495,0.46832791134271456,0.6189790613549142,0.5440644502401282,,0.9792202918224506,0.19219449400714372
**********01,**********05,9,SS0000000035,템퍼링 2호_템퍼1존(5존),0.7508574641456323,0.7276076257930365,0.7772135585080762,0.4603361914665678,,0.7406441028575912,0.3048238789000355
**********01,**********05,3,SS0000000002,템퍼링 2호_템퍼1존(6존),0.9865160504897769,0.14688359789146743,0.1801736799290483,0.1775456374070482,,0.6986845162918369,0.3926493434063262
**********01,**********05,3,SS0000000039,템퍼링 3호_템퍼1존(1존),0.8170892310121975,0.9816359173639034,0.7899140829667152,0.36735544862263325,,0.6590227323047756,0.5435215624317693
**********01,**********05,6,SS0000000045,템퍼링 3호_템퍼1존(2존),0.4240754327195396,0.4400932930000089,0.5443772384173011,0.6647715780395307,,0.48873778078961205,0.2509131943358357
**********01,**********05,3,SS0000000013,템퍼링 3호_템퍼1존(3존),0.3371311354714377,0.5958095448454966,0.07395578106589173,0.19607707236189176,,0.29146647163817274,0.2588022965489878
**********01,**********05,3,SS0000000042,템퍼링 4호_템퍼1존(1존),0.5330577307472095,0.09880196696495214,0.9009772144253506,0.7826747166044625,,0.003250197621996076,0.3661461505445077
**********01,**********05,3,SS0000000046,템퍼링 4호_템퍼1존(2존),0.703677933326135,0.546081036100976,0.7020430977539485,0.28990310794836727,,0.08472293088629279,0.5006365342930237
**********01,**********05,3,SS0000000010,템퍼링 4호_템퍼1존(3존),0.6142402648487233,0.862467003583355,0.6898986022186675,0.33267324953413946,,0.9466157316836415,0.9490204523722158
**********01,**********05,6,SS0000000013,템퍼링 4호_템퍼1존(4존),0.1337731122639676,0.9871772354419437,0.34307878553756066,0.1621268665505745,,0.63083185298829,0.9183957449361843
**********01,**********05,3,SS0000000003,템퍼링 4호_템퍼1존(5존),0.4997895278002721,0.4545740782009633,0.37771212296616175,0.9461913832042955,,0.008985265728410852,0.8727906511236941
**********01,**********05,6,SS0000000001,템퍼링 4호_템퍼1존(6존),0.8653356951767293,0.48177284148971955,0.7058396436252774,0.7864468622478074,,0.27522667953910007,0.8640823525555236
**********01,**********05,6,SS0000000006,템퍼링 1호_템퍼1존(1존),0.12827467145986438,0.4111665353896121,0.8192705712609544,0.2853191756330128,,0.1486076782232706,0.7736153175437379
**********01,**********05,6,SS0000000020,템퍼링 1호_템퍼1존(2존),0.6442531913268845,0.7033322350549576,0.42525263304857186,0.25470373745147756,,0.36824340795659727,0.3489464629894108
**********01,**********05,6,SS0000000019,템퍼링 1호_템퍼1존(3존),0.12658744454017834,0.9568232016065297,0.5804030832806928,0.34374625992999086,,0.9183486332995273,0.41958116702547055
**********01,**********05,6,SS0000000013,템퍼링 1호_템퍼1존(4존),0.6558548946641416,0.7112340365482341,0.007207713586958375,0.3431628844309408,,0.3026237671300305,0.7236637939560224
**********01,**********05,3,SS0000000005,템퍼링 2호_템퍼1존(1존),0.8421136823036673,0.5683219040212615,0.9900096464741724,0.25450931983065095,,0.7377515848672411,0.6813218337948332
**********01,**********05,6,SS0000000044,템퍼링 2호_템퍼1존(2존),0.8794849866429936,0.05968093484136594,0.33757791486476596,0.1393540781355096,,0.2845174859602415,0.9223070754753372
**********01,**********05,6,SS0000000016,템퍼링 2호_템퍼1존(3존),0.6652788718388981,0.18751799881825937,0.8110344174712578,0.6003178588131944,,0.8585641663362424,0.06052073515538814
**********01,**********05,3,SS0000000046,템퍼링 2호_템퍼1존(4존),0.4562400948471128,0.507074847270204,0.20228603139622958,0.9590426475831175,,0.30546614471858113,0.0018708799205375826
**********01,**********05,6,SS0000000047,템퍼링 2호_템퍼1존(5존),0.34434300662393225,0.4372319543832641,0.6901806579400919,0.8033408150049801,,0.9720581167776831,0.08625936684099444
**********01,**********05,3,SS0000000048,템퍼링 2호_템퍼1존(6존),0.7113604602422474,0.3039564255852657,0.34884247707663474,0.28889064152878907,,0.6477255125160422,0.959091251758112
**********01,**********05,9,SS0000000036,템퍼링 3호_템퍼1존(1존),0.16001503338282397,0.05576216932324973,0.9939988650128135,0.5409356597501963,,0.09785024304854761,0.22809369206894425
**********01,**********05,6,SS0000000004,템퍼링 3호_템퍼1존(2존),0.2616877067581046,0.07867809622342359,0.6722323237553712,0.8400682456852695,,0.3701938320825764,0.5061120481943833
**********01,**********05,6,SS0000000015,템퍼링 3호_템퍼1존(3존),0.469669288650328,0.7450168656961738,0.3902181219001427,0.4672698393766237,,0.831787585861607,0.6550217719537689
**********01,**********05,6,SS0000000036,템퍼링 4호_템퍼1존(1존),0.40264876787329373,0.11833175844774235,0.5508168833481346,0.857342031118534,,0.24908021073539555,0.6500336275338441
**********01,**********05,3,SS0000000001,템퍼링 4호_템퍼1존(2존),0.3318015199914336,0.9487737791501887,0.8209468039530802,0.7624038277730381,,0.8733981475285688,0.03541854756797158
**********01,**********05,3,SS0000000014,템퍼링 4호_템퍼1존(3존),0.08022426083726653,0.34711674895841305,0.05256974587467855,0.6914430069435992,,0.7670596754341911,0.8179467268083176
**********01,**********05,9,SS0000000006,템퍼링 4호_템퍼1존(4존),0.6580758042019973,0.18998559470111187,0.5940490729868199,0.3110841966472446,,0.7526387976208383,0.7868381252769628
**********01,**********05,9,SS0000000030,템퍼링 4호_템퍼1존(5존),0.02116195862884207,0.3785870981434002,0.4374588129405328,0.09127776007443411,,0.1451981565922823,0.16330534406804031
**********01,**********05,6,SS0000000020,템퍼링 4호_템퍼1존(6존),0.24933484512091542,0.5370762152351126,0.41993383106412485,0.3632469585520549,,0.881788641851585,0.5838905372972849
**********01,**********05,3,SS0000000041,템퍼링 1호_템퍼1존(1존),0.5080658784429516,0.245264051350346,0.7890221694937942,0.1540280438446594,,0.7218577257328597,0.9022933493175637
**********01,**********05,6,SS0000000013,템퍼링 1호_템퍼1존(2존),0.4472418765522338,0.031920966881520574,0.8224314408852836,0.9498596616234313,,0.35109894097626393,0.8253926728637785
**********01,**********05,9,SS0000000049,템퍼링 1호_템퍼1존(3존),0.10160126408751857,0.259582558377609,0.1203640524886771,0.10180149931560889,,0.23302270944513326,0.6517460303789556
**********01,**********05,3,SS0000000015,템퍼링 1호_템퍼1존(4존),0.8097444010212133,0.5568132804862919,0.1321169860651945,0.6264840990952593,,0.4270681417468717,0.7752275998427214
**********01,**********05,6,SS0000000022,템퍼링 2호_템퍼1존(1존),0.38646645988371153,0.06302981330610402,0.306860726288846,0.815969358219844,,0.9201213366301759,0.974562008882224
**********01,**********05,9,SS0000000018,템퍼링 2호_템퍼1존(2존),0.5429652275413434,0.004575655620616237,0.4207516467359883,0.4330423909201775,,0.34074051260580884,0.8353523383649044
**********01,**********05,6,SS0000000002,템퍼링 2호_템퍼1존(3존),0.8049600235108461,0.7264820251133098,0.9432797223618721,0.9449984990269917,,0.5162449747162631,0.8864327728057224
**********01,**********05,9,SS0000000017,템퍼링 2호_템퍼1존(4존),0.19672459874863812,0.09064931988343972,0.043380582604792384,0.9753301215614795,,0.6120738796547951,0.27820777654618056
**********01,**********05,3,SS0000000035,템퍼링 2호_템퍼1존(5존),0.11011327868476872,0.8870091853281755,0.3786696987182081,0.5540233687425268,,0.42808759089638593,0.12828623688300467
**********01,**********05,6,SS0000000027,템퍼링 2호_템퍼1존(6존),0.42872050194074873,0.272313089406078,0.12214106492418653,0.7605735675961868,,0.34732438560165835,0.0787380265530615
**********01,**********05,6,SS0000000049,템퍼링 3호_템퍼1존(1존),0.5260353881518005,0.9828111998528423,0.46590456434252936,0.4704988714624586,,0.6045739866896724,0.3478710030164549
**********01,**********05,9,SS0000000021,템퍼링 3호_템퍼1존(2존),0.3878512135754216,0.6202873822725459,0.8130616768578732,0.5903365887303508,,0.5893271555471155,0.8157231843259991
**********01,**********05,6,SS0000000017,템퍼링 3호_템퍼1존(3존),0.4395807264053815,0.7236706057319876,0.31668056966982305,0.1479290661508793,,0.315419731526946,0.2925353204726451
**********01,**********05,3,SS0000000003,템퍼링 4호_템퍼1존(1존),0.9589807990132,0.6593998101757347,0.6248126418809454,0.4216428877195716,,0.34258132498579896,0.16016604138435497
**********01,**********05,6,SS0000000006,템퍼링 4호_템퍼1존(2존),0.662040564338454,0.9418105766010494,0.4329371901070733,0.40579317181423213,,0.9391223012739575,0.5273499080094688
**********01,**********05,3,SS0000000025,템퍼링 4호_템퍼1존(3존),0.4118525453024353,0.2849890511288796,0.7007502097421069,0.9772214569935261,,0.8879377985174417,0.055867658957529986
**********01,**********05,9,SS0000000016,템퍼링 4호_템퍼1존(4존),0.6840434241241785,0.10594722824585912,0.10064343276465282,0.07075760215875959,,0.7686976548143332,0.40893896141153085
**********01,**********05,9,SS0000000008,템퍼링 4호_템퍼1존(5존),0.4939478823272875,0.49557035606105004,0.5664858161349964,0.949467022563458,,0.9978980298139926,0.7964549093107122
**********01,**********05,3,SS0000000014,템퍼링 4호_템퍼1존(6존),0.9422973303451996,0.006269786261356214,0.5825341419514636,0.34473632724165626,,0.357111635251421,0.17662971377616343
**********01,**********05,9,SS0000000010,템퍼링 1호_템퍼1존(1존),0.23085793151287937,0.3483303787059846,0.7740976963924451,0.5733274981137483,,0.3177587385502264,0.10129622253320791
**********01,**********05,6,SS0000000009,템퍼링 1호_템퍼1존(2존),0.9554074118779926,0.9501067088503619,0.026219985287218583,0.9445692777790253,,0.6980403931312592,0.8197239882595404
**********01,**********05,6,SS0000000017,템퍼링 1호_템퍼1존(3존),0.705574461893986,0.5042219320766255,0.20569322354288755,0.10109713761423544,,0.35614964045948383,0.24387215978085408
**********01,**********05,3,SS0000000010,템퍼링 1호_템퍼1존(4존),0.8159415724730639,0.548607909078128,0.09402924235475985,0.802238621892194,,0.5449903914959872,0.969317850557081
**********01,**********05,6,SS0000000014,템퍼링 2호_템퍼1존(1존),0.9947414984518897,0.44046074685730463,0.8104999883912676,0.8611119796673063,,0.2249825372698122,0.34230135492936653
**********01,**********05,3,SS0000000033,템퍼링 2호_템퍼1존(2존),0.9849948068328128,0.33467553704983855,0.1302374319902151,0.4159319895035182,,0.24610927335034016,0.5352216753877183
**********01,**********05,6,SS0000000011,템퍼링 2호_템퍼1존(3존),0.6553264386458963,0.16186896573985798,0.8613282244651508,0.5590926773351903,,0.07987358690963031,0.2522802961266424
**********01,**********05,3,SS0000000048,템퍼링 2호_템퍼1존(4존),0.4445156985746537,0.6844143999879292,0.8619755223380042,0.07271297595148307,,0.7645475839055894,0.1824910166228383
**********01,**********05,9,SS0000000001,템퍼링 2호_템퍼1존(5존),0.743316019338452,0.16487381664802547,0.8856947923299617,0.9544481043528515,,0.3304678495319745,0.058907617937321355
**********01,**********05,9,SS0000000018,템퍼링 2호_템퍼1존(6존),0.27147535007351564,0.3615356739393093,0.81073869104146,0.763661267019441,,0.863325143063667,0.8624990801341793
**********01,**********05,6,SS0000000001,템퍼링 3호_템퍼1존(1존),0.19992578609132539,0.10413497329836363,0.6640235941095614,0.33144577366077177,,0.1798376525889268,0.15062620284799844
**********01,**********05,3,SS0000000049,템퍼링 3호_템퍼1존(2존),0.20882465410396678,0.6536921065145461,0.5089751294056021,0.31438323694108095,,0.3547608071532202,0.4288671610170576
**********01,**********05,3,SS0000000041,템퍼링 3호_템퍼1존(3존),0.49092044265455315,0.6476582830195192,0.17420228892840284,0.5978574681946506,,0.8689753276853651,0.863064982986073
**********01,**********05,6,SS0000000025,템퍼링 4호_템퍼1존(1존),0.09622500191623184,0.4025264308097074,0.9724861059466862,0.845244583165674,,0.7206078826303369,0.14287613986472802
**********01,**********05,9,SS0000000022,템퍼링 4호_템퍼1존(2존),0.4610264043151625,0.611900413886234,0.7497621350589495,0.012730825975859617,,0.47322889294865744,0.08988050101178235
**********01,**********05,6,SS0000000022,템퍼링 4호_템퍼1존(3존),0.24077980314069503,0.14213871237776687,0.5258492689821663,0.655287299484205,,0.014901249344004386,0.003041558449608295
**********01,**********05,9,SS0000000024,템퍼링 4호_템퍼1존(4존),0.5311000012486247,0.6269208434913276,0.9132993922409018,0.06349311822862913,,0.5570512557382382,0.10629634727251414
**********01,**********06,3,SS0000000001,템퍼링 4호_템퍼1존(5존),0.22467364907131926,0.22948380089689768,0.5173595538542375,0.7839067347248392,,0.8564352748518997,0.7028796018434986
**********01,**********06,3,SS0000000034,템퍼링 4호_템퍼1존(6존),0.18339647137226944,0.8236732197865947,0.4408639451830596,0.11048567002464671,,0.09513005595787094,0.24544044234123408
**********01,**********06,3,SS0000000039,템퍼링 1호_템퍼1존(1존),0.5416802841303981,0.5936179220303146,0.9518614951270753,0.1817005414210916,,0.9006873848319662,0.9262733047720029
**********01,**********06,3,SS0000000004,템퍼링 1호_템퍼1존(2존),0.43301749148551916,0.338006803187638,0.4150351312763022,0.2058691217538724,,0.600687111297867,0.8374005931302753
**********01,**********06,3,SS0000000027,템퍼링 1호_템퍼1존(3존),0.08552548248358116,0.38153462427785745,0.6149650043140303,0.5374997291399947,,0.9992724710181429,0.6261211935498399
**********01,**********06,6,SS0000000030,템퍼링 1호_템퍼1존(4존),0.6151929591631569,0.3408512276205379,0.551489543453713,0.2895384011124281,,0.2802011248524512,0.5056765462992626
**********01,**********06,3,SS0000000005,템퍼링 2호_템퍼1존(1존),0.7003119280580565,0.7989529880356104,0.36377419962362656,0.8029748914136287,,0.27135624556873006,0.18311700735754122
**********01,**********06,9,SS0000000040,템퍼링 2호_템퍼1존(2존),0.3276716270002591,0.9478145134477907,0.09559054872882133,0.4887507379774778,,0.8245877383706359,0.6139391607036986
**********01,**********06,6,SS0000000031,템퍼링 2호_템퍼1존(3존),0.9343518809079252,0.8951656528402749,0.4938143495288082,0.9696180079466515,,0.35708660814697035,0.8918558496409451
**********01,**********06,9,SS0000000014,템퍼링 2호_템퍼1존(4존),0.5853858966599437,0.32023217276837146,0.33553201770433605,0.9221959168022543,,0.8280248430898542,0.9538197445622432
**********01,**********06,9,SS0000000020,템퍼링 2호_템퍼1존(5존),0.3172438844768495,0.8464925355148729,0.6401551372210913,0.988447301572183,,0.37225119694873965,0.4876695800265475
**********01,**********06,3,SS0000000011,템퍼링 2호_템퍼1존(6존),0.9316428272075238,0.9784603689539229,0.48882566777223824,0.697641595468017,,0.4468364390082641,0.3009961868186495
**********01,**********06,6,SS0000000040,템퍼링 3호_템퍼1존(1존),0.9793790583682332,0.9422044371550318,0.61743575837004,0.7002793569918052,,0.5799094958456852,0.3137516053247278
**********01,**********06,6,SS0000000013,템퍼링 3호_템퍼1존(2존),0.5686605732785314,0.4918181014884241,0.8433888910219501,0.49875234267226387,,0.9147997777788826,0.6606297651979675
**********01,**********06,9,SS0000000015,템퍼링 3호_템퍼1존(3존),0.18125356726290098,0.22029406373919402,0.5089357567997206,0.4342148524618197,,0.7124694930073197,0.6034623909138985
**********01,**********06,3,SS0000000017,템퍼링 4호_템퍼1존(1존),0.659488797808416,0.5804460856376746,0.22150238466243044,0.06301830288248944,,0.125889244869955,0.9576307654599595
**********01,**********06,3,SS0000000050,템퍼링 4호_템퍼1존(2존),0.0788418783832181,0.8198257078815211,0.41292214078838574,0.04386898511373205,,0.4409902228255099,0.16719751201319877
**********01,**********06,6,SS0000000050,템퍼링 4호_템퍼1존(3존),0.2904931831761076,0.24112143007299525,0.7579528422012176,0.7264390868837954,,0.7433002960602698,0.059944995261967615
**********01,**********06,9,SS0000000006,템퍼링 4호_템퍼1존(4존),0.17421662833482943,0.7447240647099957,0.5620317007570842,0.14226831824739994,,0.9829695022121663,0.6858335230899131
**********01,**********06,3,SS0000000047,템퍼링 4호_템퍼1존(5존),0.4932906578250469,0.8408201630071377,0.5882490146038136,0.6006413276653592,,0.5144797344583607,0.4024356940061198
**********01,**********06,3,SS0000000009,템퍼링 4호_템퍼1존(6존),0.35529605935775754,0.644191962908206,0.6787349233945837,0.8317458773770421,,0.6117036034912193,0.5724588107765891
**********01,**********06,9,SS0000000016,템퍼링 1호_템퍼1존(1존),0.49934674995276884,0.6514123533276298,0.960618173696708,0.5329168171643961,,0.49109828645946474,0.19583877519265014
**********01,**********06,6,SS0000000029,템퍼링 1호_템퍼1존(2존),0.6585345951670422,0.29147660783144835,0.22506535440445996,0.04133182176719219,,0.17335833412122137,0.6904990573733994
**********01,**********06,3,SS0000000037,템퍼링 1호_템퍼1존(3존),0.4647065030556241,0.608113589416284,0.4619801246815519,0.8720147582304961,,0.6739231248722676,0.988443135543934
**********01,**********06,6,SS0000000038,템퍼링 1호_템퍼1존(4존),0.9885586935738572,0.6526601493344598,0.7886167763790644,0.13588038868663443,,0.7411971536924727,0.6713126857294061
**********01,**********06,9,SS0000000023,템퍼링 2호_템퍼1존(1존),0.5611079812694516,0.9813522250859358,0.14294390765664056,0.006879638209542849,,0.7269211552072122,0.5580886841512591
**********01,**********06,6,SS0000000050,템퍼링 2호_템퍼1존(2존),0.7628821207279985,0.39589010424074045,0.2486677537126244,0.8271634971639159,,0.18600990152696117,0.30269159715422955
**********01,**********06,3,SS0000000031,템퍼링 2호_템퍼1존(3존),0.5142287760090832,0.22916442305193185,0.22782953634098013,0.0442532406445878,,0.7293944403455164,0.4663343202494239
**********01,**********06,3,SS0000000005,템퍼링 2호_템퍼1존(4존),0.8749732450146805,0.0840937269541433,0.3593682008573589,0.5513777144371771,,0.7183166687218687,0.42281405828662166
**********01,**********06,9,SS0000000030,템퍼링 2호_템퍼1존(5존),0.17486384083210837,0.5538648607735296,0.5511880842944515,0.7455463968374496,,0.3235427068082817,0.8786094799972103
**********01,**********06,3,SS0000000039,템퍼링 2호_템퍼1존(6존),0.39482332629803985,0.8016391510691776,0.636025620554727,0.9602899014373258,,0.29990629474699915,0.011233677731354197
**********01,**********06,3,SS0000000010,템퍼링 3호_템퍼1존(1존),0.18756298283424433,0.5691156271053887,0.8572870216973977,0.2830282261180268,,0.11501872080663034,0.9163529263127053
**********01,**********06,9,SS0000000049,템퍼링 3호_템퍼1존(2존),0.6061629803105095,0.40262739565329564,0.9520257869150425,0.07922758043179357,,0.4469231620550299,0.7121755963946305
**********01,**********06,6,SS0000000009,템퍼링 3호_템퍼1존(3존),0.5015638792054201,0.6444493668448499,0.4938062987669154,0.06897938461197028,,0.6182550838628661,0.01993357168737664
**********01,**********06,6,SS0000000022,템퍼링 4호_템퍼1존(1존),0.5276746973127389,0.31111040747207963,0.022759339590238237,0.7737373540391125,,0.5900698664383017,0.6471681247672679
**********01,**********06,6,SS0000000009,템퍼링 4호_템퍼1존(2존),0.003009743011567312,0.5910034275463447,0.7186960727733681,0.6416133201461975,,0.006557512260458087,0.7751418952915907
**********01,**********06,9,SS0000000018,템퍼링 4호_템퍼1존(3존),0.07814414447574558,0.3630768756870435,0.5369846620098789,0.9699972087195768,,0.8143501626361788,0.32873259815418265
**********01,**********06,6,SS0000000045,템퍼링 4호_템퍼1존(4존),0.134215358047567,0.7233615558598459,0.9119457584969891,0.011845606600579983,,0.8180278294774572,0.6770323009366842
**********01,**********06,6,SS0000000039,템퍼링 4호_템퍼1존(5존),0.22175797870245717,0.5795653845052205,0.502995106633841,0.8321884269191179,,0.5625631391811036,0.37942147184612374
**********01,**********06,9,SS0000000040,템퍼링 4호_템퍼1존(6존),0.33222501431097773,0.2556808373243049,0.8160344498884343,0.7189762371193242,,0.9304763450308354,0.14837333716245749
**********01,**********06,6,SS0000000049,템퍼링 1호_템퍼1존(1존),0.8996136112085782,0.6984262929149997,0.39271137478480644,0.4905715473825514,,0.5516051991793838,0.27191256997000857
**********01,**********06,9,SS0000000003,템퍼링 1호_템퍼1존(2존),0.01433734947203924,0.28435337730412014,0.7078506971934087,0.10487109652503324,,0.5746860352072465,0.44160935808071733
**********01,**********06,6,SS0000000037,템퍼링 1호_템퍼1존(3존),0.7314845407996579,0.2630262112078684,0.6228957510528342,0.30294550669180254,,0.3924936857973158,0.00832070744273039
**********01,**********06,3,SS0000000025,템퍼링 1호_템퍼1존(4존),0.5270578901053402,0.4280078925550054,0.6037331917721549,0.37357528338290624,,0.5858914914167461,0.7090460071475692
**********01,**********06,3,SS0000000017,템퍼링 2호_템퍼1존(1존),0.22954758868662106,0.3481677835214908,0.13688535364642018,0.9424535784100588,,0.9155487719795043,0.7476816132293355
**********01,**********06,6,SS0000000015,템퍼링 2호_템퍼1존(2존),0.215583394959589,0.9413639421790068,0.12588800853106652,0.17928609441272036,,0.20152708241815898,0.6465680120603494
**********01,**********06,6,SS0000000010,템퍼링 2호_템퍼1존(3존),0.9859781973838876,0.1414219606090934,0.6077202043565709,0.2766050591694883,,0.0013374087674942192,0.5461037917858278
**********01,**********06,3,SS0000000049,템퍼링 2호_템퍼1존(4존),0.6812300138174395,0.5345746948545292,0.7480767838621021,0.08704026411614119,,0.18962235151109896,0.264581679916569
**********01,**********06,3,SS0000000025,템퍼링 2호_템퍼1존(5존),0.40790007944225704,0.6316259099667126,0.2835874649573822,0.2332388166387609,,0.515355571317002,0.11764942449759819
**********01,**********06,3,SS0000000032,템퍼링 2호_템퍼1존(6존),0.15104069810138587,0.14110322851457358,0.020368711680328944,0.9194507843436975,,0.4319325926870957,0.7386786469891234
**********01,**********06,9,SS0000000041,템퍼링 3호_템퍼1존(1존),0.17961720591248387,0.4675666540297746,0.8555475907888075,0.9792562639335597,,0.8023567300235699,0.6306895330812099
**********01,**********06,6,SS0000000031,템퍼링 3호_템퍼1존(2존),0.2724411784222789,0.7877964755319142,0.10115228950094923,0.5456049905582377,,0.6973774263873095,0.5635742393413798
**********01,**********06,6,SS0000000023,템퍼링 3호_템퍼1존(3존),0.2790162223622431,0.6166773512850601,0.0949376919155479,0.7317601528964346,,0.30247121782642183,0.7732372996279593
**********01,**********06,3,SS0000000029,템퍼링 4호_템퍼1존(1존),0.45916896306264576,0.055242869168042885,0.4081593119822874,0.7277161624823146,,0.547565851639985,0.6091065871746453
**********01,**********06,3,SS0000000005,템퍼링 4호_템퍼1존(2존),0.3910840431411011,0.21347894843428827,0.0031072296900991336,0.16553278173915753,,0.2617836669782482,0.8278271606203566
**********01,**********06,9,SS0000000049,템퍼링 4호_템퍼1존(3존),0.5512911125054505,0.1694285291568336,0.8678550788041075,0.16749053230878475,,0.6574913018234924,0.7926914471079655
**********01,**********06,6,SS0000000012,템퍼링 4호_템퍼1존(4존),0.7592081247121306,0.6070726892737108,0.2009050678614106,0.4686333143704363,,0.47046355155421826,0.0953894663192636
**********01,**********06,3,SS0000000008,템퍼링 4호_템퍼1존(5존),0.2517990985784798,0.45167380978278926,0.4951840716834488,0.7639440044676012,,0.8852523334258596,0.5428076851793231
**********01,**********06,6,SS0000000008,템퍼링 4호_템퍼1존(6존),0.9645453947183947,0.40649633932524376,0.665629525863904,0.7886773713052097,,0.6655704243376113,0.02976299608726085
**********01,**********06,3,SS0000000016,템퍼링 1호_템퍼1존(1존),0.2977899778954265,0.8062000993274774,0.19670859463977153,0.4815229157448483,,0.32847882500910974,0.3427061698431033
**********01,**********06,9,SS0000000019,템퍼링 1호_템퍼1존(2존),0.4570209207694488,0.8222880826738528,0.11922060491937847,0.5829837325206055,,0.11169905891679943,0.5094115995561052
**********01,**********06,9,SS0000000010,템퍼링 1호_템퍼1존(3존),0.5083935922533501,0.03762532326172785,0.2602815555743939,0.4854464601369427,,0.7160225015808034,0.6138217834263978
**********01,**********06,3,SS0000000019,템퍼링 1호_템퍼1존(4존),0.818014562635107,0.28936309054586973,0.9730825551658427,0.6852721401256002,,0.8650878098476618,0.6267441934713645
**********01,**********06,6,SS0000000033,템퍼링 2호_템퍼1존(1존),0.7944949276177274,0.668474860408922,0.5187147198673605,0.6262625190540952,,0.012053262211972005,0.8965949975840808
**********01,**********06,6,SS0000000013,템퍼링 2호_템퍼1존(2존),0.5962627296671587,0.5250290915122948,0.1067917547159648,0.6512901485560358,,0.28174624997525743,0.5252989786138121
**********01,**********06,6,SS0000000041,템퍼링 2호_템퍼1존(3존),0.9287785766723989,0.4154866775488183,0.6210324509123413,0.45497740739551407,,0.6817652195815848,0.07163834542072767
**********01,**********06,6,SS0000000013,템퍼링 2호_템퍼1존(4존),0.837426472584216,0.5128124797081172,0.7290059188970536,0.765160344051272,,0.25826876067318594,0.5006605423711038
**********01,**********06,3,SS0000000026,템퍼링 2호_템퍼1존(5존),0.041219718579911246,0.8120821098792302,0.8403327553142838,0.021362052058459313,,0.9966050042792297,0.12173551102366131
**********01,**********06,3,SS0000000043,템퍼링 2호_템퍼1존(6존),0.9904593317062672,0.027425682925592443,0.11682632686966099,0.2827777219769799,,0.6700023795444277,0.15248764061279918
**********01,**********06,3,SS0000000019,템퍼링 3호_템퍼1존(1존),0.10729145174421928,0.3799524990941151,0.24174093201299796,0.6689461994999075,,0.534285523218099,0.7059456333508914
**********01,**********06,6,SS0000000002,템퍼링 3호_템퍼1존(2존),0.6133096332273474,0.8260249283183478,0.9308750000236257,0.3695601666702897,,0.5419914863953424,0.2647963201359771
**********01,**********06,3,SS0000000012,템퍼링 3호_템퍼1존(3존),0.4632694933397502,0.12654857202227887,0.7741333074861368,0.13485483044764401,,0.30388148328115694,0.6928257206830573
**********01,**********06,9,SS0000000017,템퍼링 4호_템퍼1존(1존),0.7959101065188525,0.44617958413770953,0.12043184437512378,0.6620175684793499,,0.4595350849997051,0.11501027365431615
**********01,**********06,6,SS0000000015,템퍼링 4호_템퍼1존(2존),0.43071634354261856,0.13680725770057833,0.693009063375498,0.8057809394264361,,0.686969503611254,0.4790545983136564
**********01,**********06,6,SS0000000023,템퍼링 4호_템퍼1존(3존),0.8930700809475368,0.47437882975411017,0.5422300929459118,0.7256080024803471,,0.23599727337273846,0.9717713997245093
**********01,**********06,3,SS0000000024,템퍼링 4호_템퍼1존(4존),0.6360571653320907,0.750145207896321,0.9431316425407893,0.16285085460951665,,0.4368397410015159,0.3021192083729308
**********01,**********06,9,SS0000000044,템퍼링 4호_템퍼1존(5존),0.9330399171811542,0.9801647158659201,0.3593905593380483,0.2335472289470225,,0.6994165423838656,0.008521855729607175
**********01,**********06,9,SS0000000023,템퍼링 4호_템퍼1존(6존),0.1373167108504475,0.40784036196471074,0.8473682256594923,0.6963332428326167,,0.4871795538584909,0.9947781416187537
**********01,**********06,3,SS0000000048,템퍼링 1호_템퍼1존(1존),0.1925281081008915,0.5508840779452046,0.015756899300452543,0.8736479502220573,,0.7941535880125004,0.5491721301508562
**********01,**********06,3,SS0000000032,템퍼링 1호_템퍼1존(2존),0.21106452827942035,0.20331896635680335,0.014378377079736326,0.7442065551995801,,0.36957708410146173,0.5231262356280686
**********01,**********06,9,SS0000000006,템퍼링 1호_템퍼1존(3존),0.7916123969896166,0.7682667450427071,0.09514393798601117,0.2671588659228338,,0.026175244577380297,0.8596298414370378
**********01,**********06,6,SS0000000022,템퍼링 1호_템퍼1존(4존),0.623516165349913,0.8470696121020845,0.7237933552840644,0.046311968313586416,,0.9666646905296834,0.016915604590019284
**********01,**********06,9,SS0000000038,템퍼링 2호_템퍼1존(1존),0.1865257938446706,0.14165162823004274,0.3060262683105117,0.2846010528786619,,0.6081647936197798,0.49837149671710734
**********01,**********06,3,SS0000000006,템퍼링 2호_템퍼1존(2존),0.08422243510249883,0.7406355767981315,0.6715502971414423,0.43873073516224037,,0.8137660639689306,0.22594187944566146
**********01,**********06,3,SS0000000024,템퍼링 2호_템퍼1존(3존),0.36483829777919097,0.04809488885057822,0.7104022156049473,0.02551698321644924,,0.04099262521186331,0.15977441685513338
**********01,**********06,9,SS0000000043,템퍼링 2호_템퍼1존(4존),0.34972787415656215,0.47297176768923754,0.4512308826565623,0.6635143420358307,,0.2303244696492709,0.7069646826470732
**********01,**********06,6,SS0000000033,템퍼링 2호_템퍼1존(5존),0.7327220755430123,0.40360933514532416,0.1569684088412846,0.6006224877323262,,0.4686306748368514,0.5835893585842032
**********01,**********06,9,SS0000000009,템퍼링 2호_템퍼1존(6존),0.43230362270460365,0.39791573972315064,0.29424338746453327,0.3490632622996698,,0.14960643104387983,0.9189798624051894
**********01,**********06,3,SS0000000034,템퍼링 3호_템퍼1존(1존),0.6309178437132774,0.4907082912408809,0.1650752000418244,0.6739232681928969,,0.05150246659605484,0.4140405619382378
**********01,**********06,9,SS0000000028,템퍼링 3호_템퍼1존(2존),0.9689745232701488,0.38936231535998134,0.917340618035509,0.443740326235014,,0.9634417900926098,0.12648449445511634
**********01,**********06,3,SS0000000033,템퍼링 3호_템퍼1존(3존),0.582068665072967,0.20860475060755868,0.7820270789444069,0.867618874965631,,0.1673796855236661,0.04964861472966675
**********01,**********06,3,SS0000000036,템퍼링 4호_템퍼1존(1존),0.9152563177794318,0.37638588858891164,0.17718590638899356,0.9604175531828288,,0.43160756635095865,0.5320593630965913
**********01,**********06,3,SS0000000003,템퍼링 4호_템퍼1존(2존),0.559365959387478,0.33004199849348825,0.41361292813905726,0.7196861451772455,,0.039035090532338335,0.26802621518465586
**********01,**********06,9,SS0000000028,템퍼링 4호_템퍼1존(3존),0.03935972548151612,0.7629399358552055,0.046929582945742454,0.5545915176100124,,0.9333672503284433,0.08479696865322672
**********01,**********06,3,SS0000000037,템퍼링 4호_템퍼1존(4존),0.22987175104716973,0.5591756279039127,0.23346328499494506,0.427169895570899,,0.22554369207362657,0.47948093473144726
**********01,**********06,3,SS0000000011,템퍼링 4호_템퍼1존(5존),0.9825836968820233,0.9938256892926216,0.21531847656356518,0.34736424163080326,,0.9180463733849448,0.5087860743589594
**********01,**********06,6,SS0000000037,템퍼링 4호_템퍼1존(6존),0.8693283847903807,0.34835005231900873,0.590140532761159,0.5361179580045745,,0.07917336092837479,0.18502381403804857
**********01,**********06,3,SS0000000006,템퍼링 1호_템퍼1존(1존),0.6605697861031584,0.2254862622081062,0.13604011768579105,0.9488192644100605,,0.9487478515035443,0.21416301289524664
**********01,**********06,9,SS0000000038,템퍼링 1호_템퍼1존(2존),0.9221004829296995,0.28627043305993516,0.08760320121790721,0.26645915248177354,,0.7407062662537748,0.7662905647376053
**********01,**********06,6,SS0000000008,템퍼링 1호_템퍼1존(3존),0.18709318299166922,0.4311274720319991,0.8025578415135577,0.20129857821125907,,0.5566742086487227,0.792705053953273
**********01,**********06,9,SS0000000032,템퍼링 1호_템퍼1존(4존),0.8926788374426203,0.6643552142117419,0.9780239161425411,0.3995242796224032,,0.017062777608264024,0.355962675730747
**********01,**********06,3,SS0000000042,템퍼링 2호_템퍼1존(1존),0.894759339062206,0.6627779255100992,0.5347909353335104,0.7757786017958408,,0.7347048555677862,0.5277562811661222
**********01,**********06,9,SS0000000011,템퍼링 2호_템퍼1존(2존),0.2427810116176471,0.0015914751038135222,0.39968104076869526,0.5379718703388111,,0.28807731897454925,0.9896670071763513
**********01,**********06,6,SS0000000017,템퍼링 2호_템퍼1존(3존),0.13033226586282343,0.45546633507098067,0.24780146913987655,0.6039854384687448,,0.29662663302095493,0.6289238796358642
**********01,**********06,9,SS0000000016,템퍼링 2호_템퍼1존(4존),0.11260180908587769,0.8837716700384272,0.37205969063775957,0.6352257326071111,,0.4643638797286087,0.7978649882408213
**********01,**********06,6,SS0000000001,템퍼링 2호_템퍼1존(5존),0.4779267094474313,0.27890015823211467,0.10836532843739177,0.09913783011661847,,0.46368328545837445,0.6129117074047452
**********01,**********06,9,SS0000000020,템퍼링 2호_템퍼1존(6존),0.7587899649097176,0.34039041245595136,0.6861286847487548,0.9150787999098986,,0.6841641755988933,0.5652373995903401
**********01,**********06,6,SS0000000035,템퍼링 3호_템퍼1존(1존),0.1801317101288935,0.3562273596855754,0.07722653512493738,0.40111353945750705,,0.05673367633835236,0.5560627754219503
**********01,**********06,9,SS0000000046,템퍼링 3호_템퍼1존(2존),0.9908610479188908,0.6344971520407177,0.08362999787916037,0.31197655423285375,,0.8377261220374725,0.7913117907313095
**********01,**********06,6,SS0000000026,템퍼링 3호_템퍼1존(3존),0.9212393522153505,0.044156795621578704,0.1537777963665813,0.8784800900773341,,0.46774849388822337,0.9791584864213848
**********01,**********06,6,SS0000000025,템퍼링 4호_템퍼1존(1존),0.520284709901971,0.8739299937101472,0.9634710740250795,0.30005000790782344,,0.9995016163547367,0.41992836216929585
**********01,**********06,6,SS0000000002,템퍼링 4호_템퍼1존(2존),0.2143821083126174,0.7573863352032757,0.567439630089107,0.6954844147228828,,0.524827480132795,0.8915525902450269
**********01,**********06,9,SS0000000009,템퍼링 4호_템퍼1존(3존),0.05723613544722472,0.5549701393990873,0.9790359784437528,0.8911020253199606,,0.32207648787867815,0.49857248481804683
**********01,**********06,9,SS0000000031,템퍼링 4호_템퍼1존(4존),0.9914821052098183,0.9806218043345263,0.4454774713042896,0.2033727431813126,,0.6361170468716398,0.8597186308551904
**********01,**********06,9,SS0000000038,템퍼링 4호_템퍼1존(5존),0.7896068124558124,0.7661259137435079,0.5582374004296362,0.9641363987405597,,0.8909433508981086,0.8942323040917445
**********01,**********06,3,SS0000000014,템퍼링 4호_템퍼1존(6존),0.8170312291680943,0.9992320859621557,0.7243562963843924,0.32090260193043885,,0.35958335743830483,0.23704538387769236
**********01,**********06,9,SS0000000016,템퍼링 1호_템퍼1존(1존),0.0277297738287563,0.16413448344328296,0.8066722602577467,0.23648466690323966,,0.9285199898387383,0.2952188752738749
**********01,**********06,6,SS0000000046,템퍼링 1호_템퍼1존(2존),0.44195070785089907,0.3566243442902407,0.3844319691917045,0.13026962907094608,,0.013954658153985666,0.38911054948586454
**********01,**********06,9,SS0000000021,템퍼링 1호_템퍼1존(3존),0.46576966847503587,0.2537806688871219,0.4050076313787785,0.23210648837690018,,0.9623939558937044,0.1580959322097999
**********01,**********06,6,SS0000000023,템퍼링 1호_템퍼1존(4존),0.9915709578505553,0.1214591867342737,0.20344151797022092,0.508970874150841,,0.008703334015886743,0.2804493044271317
**********01,**********06,9,SS0000000031,템퍼링 2호_템퍼1존(1존),0.3448540918991888,0.16954499977505155,0.0344641436803792,0.43592907273909987,,0.2869447641803331,0.011909893842111385
**********01,**********06,3,SS0000000038,템퍼링 2호_템퍼1존(2존),0.8270248081075117,0.5722510343515488,0.011983715800100159,0.4820682751050813,,0.8052584924277454,0.6637997573240861
**********01,**********06,6,SS0000000031,템퍼링 2호_템퍼1존(3존),0.7216314279044748,0.4107120869010651,0.6642605166167853,0.9193196434717522,,0.7598356727539771,0.11119611848422284
**********01,**********06,3,SS0000000024,템퍼링 2호_템퍼1존(4존),0.2535629956746024,0.2072711617781131,0.3797269898718292,0.1355917774966493,,0.8129349524860304,0.249057627304348
**********01,**********06,3,SS0000000013,템퍼링 2호_템퍼1존(5존),0.02686455365987306,0.39944359440776633,0.9712277678999204,0.2658862980392418,,0.241261563687441,0.5878808280035338
**********01,**********06,3,SS0000000015,템퍼링 2호_템퍼1존(6존),0.673783574727976,0.009723206431540232,0.11396731084095457,0.6381213468791188,,0.8323484298825435,0.5233040922899246
**********01,**********06,9,SS0000000011,템퍼링 3호_템퍼1존(1존),0.915749870014384,0.8351230962581081,0.6098051358807453,0.3364366829343004,,0.8088177589752876,0.2042124985197492
**********01,**********06,3,SS0000000028,템퍼링 3호_템퍼1존(2존),0.054343251408681015,0.4048576419536031,0.3273922753058055,0.8028797212859284,,0.16816585140129192,0.847467367943921
**********01,**********06,3,SS0000000026,템퍼링 3호_템퍼1존(3존),0.5892825258028073,0.29364006349293914,0.9612625033148873,0.48915258266748873,,0.37901393325830257,0.5303164084468937
**********01,**********06,6,SS0000000002,템퍼링 4호_템퍼1존(1존),0.36827290664414636,0.3550667792346893,0.6602730089297338,0.2592615316971174,,0.870875643627283,0.9111697629828115
**********01,**********06,6,SS0000000014,템퍼링 4호_템퍼1존(2존),0.44601658950598644,0.23456935005965918,0.38061801190977473,0.5238569854489808,,0.060598519202865186,0.34209392829411356
**********01,**********06,6,SS0000000026,템퍼링 4호_템퍼1존(3존),0.884057518472083,0.25494565269757197,0.2963987252131016,0.9647271710152618,,0.23940002556265727,0.8775013262216587
**********01,**********06,6,SS0000000026,템퍼링 4호_템퍼1존(4존),0.45597099198916335,0.08552458574957322,0.6463585977646761,0.24892067418988228,,0.2047637063920541,0.5381397019139438
**********01,**********06,9,SS0000000004,템퍼링 4호_템퍼1존(5존),0.8681434188296236,0.7345086011930227,0.2750364613213071,0.8048219793912935,,0.4306443224791402,0.5810746375006355
**********01,**********06,6,SS0000000044,템퍼링 4호_템퍼1존(6존),0.2286281961062071,0.2716251048235083,0.1834748604622508,0.4143458259742788,,0.22038823192003054,0.2716935899342936
**********01,**********06,6,SS0000000026,템퍼링 1호_템퍼1존(1존),0.7562647239069887,0.8347854966000782,0.9013706291088008,0.21335393668884062,,0.45202650982787707,0.029634793719220176
**********01,**********06,9,SS0000000034,템퍼링 1호_템퍼1존(2존),0.9974525838111907,0.47590597376686283,0.35950239188656496,0.8498626160857327,,0.8136826809709141,0.6116159481096873
**********01,**********06,6,SS0000000011,템퍼링 1호_템퍼1존(3존),0.9699040584909775,0.8257809843667595,0.24936710395738915,0.9922966148619975,,0.4149182800296063,0.7425950011860702
**********01,**********06,9,SS0000000012,템퍼링 1호_템퍼1존(4존),0.8640313648793109,0.6974080907878446,0.4091242934235042,0.9752658220818867,,0.151254217123878,0.723009293039007
**********01,**********06,9,SS0000000043,템퍼링 2호_템퍼1존(1존),0.5133119345846321,0.30590930123659044,0.012647082708623913,0.48802425966568874,,0.9562011125563187,0.4646332960288143
**********01,**********06,6,SS0000000003,템퍼링 2호_템퍼1존(2존),0.6738831329101578,0.45378605127551275,0.5837789835380676,0.8783221451751386,,0.28927249830355684,0.04087875598499524
**********01,**********06,9,SS0000000010,템퍼링 2호_템퍼1존(3존),0.4509379314607873,0.6111073227954625,0.43491440032462236,0.9220678299389168,,0.030573208638222327,0.736434062549159
**********01,**********06,9,SS0000000022,템퍼링 2호_템퍼1존(4존),0.09645577209286782,0.36182132110072873,0.7540967250495816,0.06597129975487481,,0.5049011972290418,0.6756491414190293
**********01,**********06,6,SS0000000028,템퍼링 2호_템퍼1존(5존),0.4771800218371559,0.48180450081465775,0.4266330633450751,0.9676029856166158,,0.07148961985318603,0.6030120489573985
**********01,**********06,9,SS0000000029,템퍼링 2호_템퍼1존(6존),0.7093396446273837,0.827685935753049,0.5553790817907159,0.09344717385445289,,0.461807181213853,0.915697799543982
**********01,**********06,9,SS0000000011,템퍼링 3호_템퍼1존(1존),0.3420999252402209,0.6415334014186527,0.8158501295446434,0.3997413215406229,,0.5307896470088556,0.5054047806924894
**********01,**********06,6,SS0000000033,템퍼링 3호_템퍼1존(2존),0.30537195690653895,0.7256717785882649,0.6390121428161849,0.8378657603653129,,0.18782119691802757,0.3886080526220621
**********01,**********06,3,SS0000000028,템퍼링 3호_템퍼1존(3존),0.15054942171268548,0.6832867813659301,0.6630100243132213,0.3868621472706324,,0.5502594294153005,0.973638055607817
**********01,**********06,3,SS0000000024,템퍼링 4호_템퍼1존(1존),0.9990942100237558,0.7074233914915354,0.1636643065798764,0.520064766551955,,0.8009571562571327,0.18987362427106436
**********01,**********06,3,SS0000000046,템퍼링 4호_템퍼1존(2존),0.5514636667975206,0.9343922807673747,0.6748592889485652,0.3461744314287166,,0.16553818433900958,0.34279344223800545
**********01,**********06,6,SS0000000046,템퍼링 4호_템퍼1존(3존),0.13079606957149226,0.8551966521932897,0.53683050539148,0.29046229914702837,,0.027420174208664383,0.6146642028699765
**********01,**********06,6,SS0000000003,템퍼링 4호_템퍼1존(4존),0.007722187668924296,0.790457120921086,0.8471386116257897,0.7329658275930127,,0.3504290905190319,0.1248354763951528
**********01,**********06,9,SS0000000026,템퍼링 4호_템퍼1존(5존),0.6016559042249642,0.5415417623162543,0.5108682310896622,0.3273529278135333,,0.420527196502109,0.46318317861660274
**********01,**********06,6,SS0000000037,템퍼링 4호_템퍼1존(6존),0.1342939066611043,0.0903756024650938,0.8627470448183854,0.40590959172992935,,0.8023855045825025,0.8807645414075277
**********01,**********06,6,SS0000000006,템퍼링 1호_템퍼1존(1존),0.5407825464020083,0.9125879396400849,0.9365910211561418,0.5194064263071445,,0.8189786277693759,0.3712530167625554
**********01,**********06,6,SS0000000029,템퍼링 1호_템퍼1존(2존),0.8981281519220408,0.3190829406725717,0.17782234184362888,0.43063651710557105,,0.17721259632584008,0.3821307567415022
**********01,**********06,6,SS0000000033,템퍼링 1호_템퍼1존(3존),0.7087525190004184,0.06021248981133709,0.5478738893086402,0.6935851070538624,,0.9946318109499604,0.06390071542251008
**********01,**********06,6,SS0000000022,템퍼링 1호_템퍼1존(4존),0.9135142779027008,0.10124944994582585,0.39008116006367477,0.9929773278499434,,0.23874225469900046,0.16395382962761418
**********01,**********06,3,SS0000000025,템퍼링 2호_템퍼1존(1존),0.5490265162998137,0.41874436837294826,0.29339361734715996,0.5526622921620035,,0.13975419437782022,0.5986991359729168
**********01,**********06,9,SS0000000038,템퍼링 2호_템퍼1존(2존),0.5921412528858684,0.8104703276839125,0.44316069705467087,0.7796525858528625,,0.16630530689625023,0.5929295626182838
**********01,**********06,6,SS0000000046,템퍼링 2호_템퍼1존(3존),0.713492534554317,0.6802608407583456,0.6270840280592634,0.7331827723982661,,0.12110780670914567,0.029944241468381816
**********01,**********06,3,SS0000000015,템퍼링 2호_템퍼1존(4존),0.08412526188994074,0.8122313202124369,0.307507975135908,0.8011115166208665,,0.28457596331644863,0.06016665873084215
**********01,**********06,9,SS0000000040,템퍼링 2호_템퍼1존(5존),0.24317974359657846,0.9168975509677242,0.15495303387151227,0.9086646482992002,,0.3379814915873742,0.47163662999719447
**********01,**********06,9,SS0000000019,템퍼링 2호_템퍼1존(6존),0.08262172464370232,0.3243070285242716,0.13308546935986776,0.29035941997161097,,0.9708282302182683,0.769766142867996
**********01,**********06,3,SS0000000015,템퍼링 3호_템퍼1존(1존),0.9095730846111241,0.7550398830671872,0.34270842202610585,0.6285639847846709,,0.20848536433825793,0.03718226865282248
**********01,**********06,9,SS0000000033,템퍼링 3호_템퍼1존(2존),0.7781290695875347,0.907071754045328,0.25963003918917626,0.06683726076562235,,0.5491101704262961,0.23130899636517988
**********01,**********06,3,SS0000000024,템퍼링 3호_템퍼1존(3존),0.7906157484574664,0.39443863024232717,0.9051260761099038,0.551219018360008,,0.13212293394654573,0.31828812084410574
**********01,**********06,9,SS0000000050,템퍼링 4호_템퍼1존(1존),0.9168986838153026,0.09203000201053146,0.16919447927928222,0.7507600984845703,,0.5347364201017367,0.6170440373964726
**********01,**********06,3,SS0000000003,템퍼링 4호_템퍼1존(2존),0.5340689599955651,0.8189187342647786,0.9689476041644883,0.7626697781444962,,0.6397283061635862,0.3487466611388267
**********01,**********06,3,SS0000000019,템퍼링 4호_템퍼1존(3존),0.14330631911056058,0.7219440834394948,0.4675134007915315,0.13912435902739562,,0.7429841355246893,0.44591041867588743
**********01,**********06,6,SS0000000015,템퍼링 4호_템퍼1존(4존),0.9725269772656407,0.6324545616925061,0.12389425032531265,0.19300924798750219,,0.015543712347033112,0.6948394791014606
**********01,**********06,6,SS0000000047,템퍼링 4호_템퍼1존(5존),0.29323748418605,0.4555222521615867,0.8443638358049482,0.05699029766276653,,0.3888878378313376,0.5545375715527119
**********01,**********06,6,SS0000000048,템퍼링 4호_템퍼1존(6존),0.8847873456217109,0.41986009549572734,0.5887308605388414,0.3189243703025695,,0.8122800566633159,0.8839201254508853
**********01,**********06,3,SS0000000046,템퍼링 1호_템퍼1존(1존),0.07155024903060725,0.8930933119298529,0.588734687886064,0.27972732191908967,,0.36112842592491434,0.06340337741280755
**********01,**********06,3,SS0000000014,템퍼링 1호_템퍼1존(2존),0.08003711401373981,0.3213831561593431,0.17952182623670032,0.5144260841651594,,0.27299441529481694,0.5981980401278391
**********01,**********06,6,SS0000000034,템퍼링 1호_템퍼1존(3존),0.40883191451057954,0.1443062623092426,0.3170849559729163,0.9327355061018853,,0.37417374150293115,0.4734041448160653
**********01,**********06,3,SS0000000023,템퍼링 1호_템퍼1존(4존),0.20445564097509628,0.6394969055330395,0.18993609614503837,0.6646585612776355,,0.41947085712047316,0.15767121557792463
**********01,**********06,6,SS0000000037,템퍼링 2호_템퍼1존(1존),0.17959596623070284,0.7695455569512627,0.43351648474283866,0.4891287025247436,,0.4225004837344226,0.34992652830941273
**********01,**********06,3,SS0000000041,템퍼링 2호_템퍼1존(2존),0.377735938199402,0.40414869437004985,0.8714716496909074,0.1260054083948826,,0.6010395545385186,0.9929705521823339
**********01,**********06,6,SS0000000028,템퍼링 2호_템퍼1존(3존),0.5944161764815974,0.4784900912203468,0.15262467941973634,0.11806305364195913,,0.612300525864271,0.01923923113643866
**********01,**********06,9,SS0000000027,템퍼링 2호_템퍼1존(4존),0.26639862992510144,0.1915451713425418,0.8064683893664792,0.6943873996317597,,0.7390824280047642,0.8929955960298148
**********01,**********06,3,SS0000000010,템퍼링 2호_템퍼1존(5존),0.7211979422210651,0.9638490931238661,0.5791630297893884,0.7579226861516112,,0.9139226402665408,0.8599942644311795
**********01,**********06,6,SS0000000019,템퍼링 2호_템퍼1존(6존),0.6706094895144297,0.48287390403416386,0.4503269784099234,0.49420781416458137,,0.7273516536148338,0.5223882341945416
**********01,**********06,6,SS0000000033,템퍼링 3호_템퍼1존(1존),0.9378325299226441,0.114228547424441,0.7690322286917919,0.11457195181300661,,0.15319930614721955,0.5775084670543871
**********01,**********06,3,SS0000000010,템퍼링 3호_템퍼1존(2존),0.8488334374712162,0.43883019855758565,0.6648167311372238,0.1739669394889144,,0.760833230764719,0.6257157763132173
**********01,**********06,6,SS0000000027,템퍼링 3호_템퍼1존(3존),0.33542065281791966,0.6177688234459515,0.6558840940024909,0.8085288437517716,,0.16382922681015633,0.4146034290872457
**********01,**********06,3,SS0000000043,템퍼링 4호_템퍼1존(1존),0.8505007053953189,0.14281683614729446,0.5933236798519805,0.5785493857534374,,0.9052056065235446,0.06367550068750538
**********01,**********06,9,SS0000000009,템퍼링 4호_템퍼1존(2존),0.8492988705131108,0.2999751327107597,0.33124680205815227,0.35869941021688945,,0.6139212884349727,0.027296989696555474
**********01,**********06,9,SS0000000008,템퍼링 4호_템퍼1존(3존),0.3167424659778413,0.8933088226608871,0.822056165737595,0.34693139202565737,,0.9392885528306105,0.9758127255766404
**********01,**********06,9,SS0000000015,템퍼링 4호_템퍼1존(4존),0.5695089817714614,0.9716372013496963,0.3475537775839329,0.5567063790438094,,0.7453197170300847,0.1666081616808367
**********01,**********06,3,SS0000000033,템퍼링 4호_템퍼1존(5존),0.28274689933228536,0.11546509844131403,0.5262675755050146,0.10993939274037234,,0.7752888035966712,0.48328831042443365
**********01,**********06,6,SS0000000038,템퍼링 4호_템퍼1존(6존),0.06588513733145884,0.7218056220667391,0.6252038274474138,0.29851300201882447,,0.609182907604327,0.4438592249936891
**********01,**********06,3,SS0000000044,템퍼링 1호_템퍼1존(1존),0.496337469395822,0.15212641248278347,0.9136649892902239,0.5048991904396964,,0.715284869142942,0.2930409000444941
**********01,**********06,6,SS0000000030,템퍼링 1호_템퍼1존(2존),0.2561062111758703,0.47964893777543516,0.9517619616618995,0.5754677047331493,,0.5890402305901137,0.6314178018258478
**********01,**********06,3,SS0000000035,템퍼링 1호_템퍼1존(3존),0.3240535395686486,0.6933470052906426,0.39778249159062684,0.3657395485253654,,0.005616458829751592,0.7603730862846163
**********01,**********06,9,SS0000000021,템퍼링 1호_템퍼1존(4존),0.7022566893813288,0.04476627274512324,0.2755816994089938,0.675306471845218,,0.37174742722956133,0.445791866718636
**********01,**********06,3,SS0000000003,템퍼링 2호_템퍼1존(1존),0.5050340516249174,0.3872743578199306,0.018973540921556564,0.4912211893399401,,0.4983364281356213,0.788765750479516
**********01,**********06,3,SS0000000019,템퍼링 2호_템퍼1존(2존),0.16344166962468243,0.3601800369511424,0.6825841331147012,0.8507508578913962,,0.08305229237380629,0.35129709042753043
**********01,**********06,9,SS0000000006,템퍼링 2호_템퍼1존(3존),0.7197903140353202,0.324404252506975,0.004473136094458985,0.6711823232432558,,0.9206813015833781,0.2917888365736031
**********01,**********06,3,SS0000000029,템퍼링 2호_템퍼1존(4존),0.006654313988829319,0.4047505109676499,0.9209763450627412,0.07883348278313151,,0.6128641890901801,0.27271340390789023
**********01,**********06,3,SS0000000014,템퍼링 2호_템퍼1존(5존),0.9035129032059491,0.06854168583916498,0.3011434577406451,0.7994221250092233,,0.7514751106109592,0.7249156891196881
**********01,**********06,6,SS0000000026,템퍼링 2호_템퍼1존(6존),0.2390827289842099,0.6971269708458478,0.9427252513589209,0.49659213754919707,,0.28853622448484906,0.10307890712588719
**********01,**********06,3,SS0000000001,템퍼링 3호_템퍼1존(1존),0.17014637227253393,0.9703232819835201,0.2196750601142332,0.1522507186869274,,0.1462603790186484,0.273111632471719
**********01,**********06,3,SS0000000032,템퍼링 3호_템퍼1존(2존),0.711272284366901,0.7421489729368288,0.6458212769823829,0.5769669200567691,,0.01777508505881542,0.372819633749893
**********01,**********06,6,SS0000000046,템퍼링 3호_템퍼1존(3존),0.782091779497688,0.06292696387619123,0.25123395565106355,0.33124128457149515,,0.6057847594440283,0.129554721104974
**********01,**********06,9,SS0000000036,템퍼링 4호_템퍼1존(1존),0.9595305325139749,0.9500986716798787,0.3834604270530598,0.7587993627394217,,0.6139538353696574,0.19710357146336321
**********01,**********06,3,SS0000000023,템퍼링 4호_템퍼1존(2존),0.5450959030791399,0.5445744207507182,0.9315026908986294,0.4207157744737281,,0.23474191822255486,0.3638385440993612
**********01,**********06,9,SS0000000046,템퍼링 4호_템퍼1존(3존),0.5936921116163105,0.9097274678827283,0.8964491825003965,0.20576812436291914,,0.3749135058069556,0.8899421613197019
**********01,**********06,9,SS0000000035,템퍼링 4호_템퍼1존(4존),0.4802318229547752,0.5192618462674572,0.7613650476764238,0.5227385361558594,,0.17110435090542753,0.6012711715046664
**********01,**********06,9,SS0000000025,템퍼링 4호_템퍼1존(5존),0.7979627666239745,0.658424468705294,0.3521260913491471,0.5242406694681115,,0.5309827825730241,0.7676110353959615
**********01,**********06,3,SS0000000021,템퍼링 4호_템퍼1존(6존),0.07986993752825533,0.7894691150639035,0.43135741398551,0.03847808770608707,,0.9589444155998594,0.4797249726881505
**********01,**********06,3,SS0000000032,템퍼링 1호_템퍼1존(1존),0.3172373472416824,0.16412627343646613,0.003958638890710464,0.04586736046075457,,0.15815708535584705,0.5436720669078781
**********01,**********06,9,SS0000000001,템퍼링 1호_템퍼1존(2존),0.7056206187601217,0.8832416151732035,0.44276654331161047,0.9775018230708629,,0.5123307364318868,0.6148256637664821
**********01,**********06,3,SS0000000013,템퍼링 1호_템퍼1존(3존),0.15756382542556335,0.07139704366160027,0.17572961244361662,0.38997797891406527,,0.35533873694943596,0.005984325735470586
**********01,**********06,3,SS0000000022,템퍼링 1호_템퍼1존(4존),0.5701412155983199,0.02222266445426868,0.19851045003894863,0.4250800460429741,,0.7588860855393901,0.24943141610441977
**********01,**********06,6,SS0000000032,템퍼링 2호_템퍼1존(1존),0.9826256150122508,0.375925138316729,0.9595149228657628,0.8774107562999419,,0.13726658984912454,0.02303180822986506
**********01,**********06,6,SS0000000018,템퍼링 2호_템퍼1존(2존),0.9269140800350701,0.4138621181361961,0.7876002959020568,0.41324103105329735,,0.6809980598532556,0.349398904231938
**********01,**********06,3,SS0000000006,템퍼링 2호_템퍼1존(3존),0.1450811543084093,0.2653761292163149,0.02298757744470603,0.20962728356235805,,0.6895181902093214,0.4944319709968664
**********01,**********06,3,SS0000000008,템퍼링 2호_템퍼1존(4존),0.29135484674809364,0.34833258636544806,0.762858117976276,0.16109822934808826,,0.0870022313934875,0.6399270728231523
**********01,**********06,3,SS0000000035,템퍼링 2호_템퍼1존(5존),0.3592556600756449,0.6763972290292772,0.08559416632782424,0.5047593821102867,,0.3856236520543257,0.5521076628859912
**********01,**********06,6,SS0000000028,템퍼링 2호_템퍼1존(6존),0.06497460364186025,0.47713773654984215,0.01704330176884994,0.9582089775859901,,0.45800187893502986,0.3733759478577223
**********01,**********06,3,SS0000000017,템퍼링 3호_템퍼1존(1존),0.6140789708971026,0.9772709478067465,0.7844972246736159,0.4123416562597655,,0.750841162348295,0.32139560851641613
**********01,**********06,9,SS0000000003,템퍼링 3호_템퍼1존(2존),0.9825392452955074,0.1879984800330915,0.8384437402451185,0.20061485568183324,,0.3780013667725106,0.4913068130787366
**********01,**********06,3,SS0000000046,템퍼링 3호_템퍼1존(3존),0.2643012492714223,0.3752255472081196,0.8310765053013132,0.8917026016846853,,0.5870251122035585,0.6224203198223195
**********01,**********06,3,SS0000000010,템퍼링 4호_템퍼1존(1존),0.3936155381383567,0.6058701988254613,0.4454672675065322,0.08616985105169706,,0.36764981598963997,0.5332865070419787
**********01,**********06,3,SS0000000045,템퍼링 4호_템퍼1존(2존),0.6940147636261093,0.29479374728047036,0.03255958786319335,0.9026815733829641,,0.2975530951861637,0.8066156276725772
**********01,**********06,9,SS0000000047,템퍼링 4호_템퍼1존(3존),0.5368565189369642,0.09086920616096983,0.6549574896878543,0.9059878744967772,,0.2411008714389914,0.17331693199221632
**********01,**********06,3,SS0000000002,템퍼링 4호_템퍼1존(4존),0.0328341202594018,0.09225074225053298,0.8603953643301044,0.8216095064365644,,0.43136818102005503,0.8782116780397108
**********01,**********06,3,SS0000000043,템퍼링 4호_템퍼1존(5존),0.3148165389095451,0.927464992107673,0.5169000986943398,0.429279854514671,,0.6798126531732068,0.08566142480890626
**********01,**********06,6,SS0000000036,템퍼링 4호_템퍼1존(6존),0.9235410886395305,0.7841052396506416,0.22150848216154229,0.5014465536714785,,0.7734799555362262,0.42913307471933915
**********01,**********06,3,SS0000000039,템퍼링 1호_템퍼1존(1존),0.07893852956390124,0.34063328222837874,0.2868828582362364,0.196352668325124,,0.5678927522031355,0.7955699608345703
**********01,**********06,3,SS0000000042,템퍼링 1호_템퍼1존(2존),0.7105070572496143,0.008475808965229592,0.6683525785240042,0.2944985435471985,,0.20584089282301632,0.925107094232045
**********01,**********06,9,SS0000000033,템퍼링 1호_템퍼1존(3존),0.6831001731399841,0.4639423342275184,0.35539323725923233,0.5169599358663117,,0.34567897797239144,0.9276144271985597
**********01,**********06,6,SS0000000005,템퍼링 1호_템퍼1존(4존),0.318821213721465,0.9779290685193621,0.6324069004032526,0.799734804213394,,0.5732469217517541,0.09087073040440052
**********01,**********06,9,SS0000000016,템퍼링 2호_템퍼1존(1존),0.7761165045437028,0.6848436353177386,0.36785021236521154,0.7672738206190418,,0.880721606874584,0.6427801039642532
**********01,**********06,3,SS0000000005,템퍼링 2호_템퍼1존(2존),0.9214068923103674,0.6406020440110061,0.3776227046301326,0.8649016468545973,,0.891997854745914,0.01562918794102519
**********01,**********06,9,SS0000000007,템퍼링 2호_템퍼1존(3존),0.39481594108009277,0.4708095320698179,0.6787521683838751,0.5072667859548603,,0.5966817075328666,0.6806640333042395
**********01,**********06,9,SS0000000003,템퍼링 2호_템퍼1존(4존),0.7492077591615599,0.38279381690244996,0.6081166737379055,0.720500314958658,,0.19465184753715625,0.24765157612733735
**********01,**********06,6,SS0000000009,템퍼링 2호_템퍼1존(5존),0.5392598307727705,0.2636947132580444,0.534322731626372,0.8143197667006558,,0.5317014847428346,0.026029315102244377
**********01,**********06,3,SS0000000038,템퍼링 2호_템퍼1존(6존),0.6601875255442908,0.17201291314487632,0.2417507450485351,0.7281961381477289,,0.7951566421080292,0.5902572949324699
**********01,**********06,3,SS0000000021,템퍼링 3호_템퍼1존(1존),0.6756395648217868,0.42099435556776377,0.5347955927966119,0.10016255885655023,,0.40007581991920527,0.731767315998682
**********01,**********06,9,SS0000000028,템퍼링 3호_템퍼1존(2존),0.05540752176438968,0.46821388103673633,0.6943369316229956,0.5227435478925003,,0.8903310302328942,0.17427042230546363
**********01,**********06,6,SS0000000004,템퍼링 3호_템퍼1존(3존),0.8014105249963986,0.884362800809235,0.5932016348361888,0.19405184783579377,,0.4094816454776029,0.8525035465512886
**********01,**********06,9,SS0000000049,템퍼링 4호_템퍼1존(1존),0.02628255705276039,0.871569788117819,0.06861348253493971,0.3402262344135565,,0.5809845085951134,0.954629853336988
**********01,**********06,9,SS0000000007,템퍼링 4호_템퍼1존(2존),0.9264671779617973,0.982537595365638,0.10379412707265812,0.3368135581885138,,0.7793373064841279,0.5777868668323537
**********01,**********06,3,SS0000000048,템퍼링 4호_템퍼1존(3존),0.37531443242824924,0.34168641518743603,0.5490548977108077,0.16479006865050383,,0.1735385204816292,0.964473777114394
**********01,**********06,9,SS0000000036,템퍼링 4호_템퍼1존(4존),0.35706961765901124,0.9039320729615888,0.9119777360305352,0.5551439989400653,,0.7249870897336688,0.9940354865900133
**********01,**********06,9,SS0000000030,템퍼링 4호_템퍼1존(5존),0.628083311784988,0.08872792686498587,0.3599137037846881,0.9417165947508837,,0.841342674145065,0.21683047855726723
**********01,**********06,3,SS0000000010,템퍼링 4호_템퍼1존(6존),0.6053796884915459,0.21300672471031434,0.9708377849601646,0.18922578426469006,,0.07550295424072417,0.7238343882472658
**********01,**********06,9,SS0000000022,템퍼링 1호_템퍼1존(1존),0.3062524479006732,0.43797718073458325,0.9400098513670166,0.025202946388542924,,0.816603953157077,0.34707730902990075
**********01,**********06,6,SS0000000040,템퍼링 1호_템퍼1존(2존),0.3228947605882634,0.46437922379535934,0.5778224577156021,0.8366186033590013,,0.3968848259714324,0.51969370699846
**********01,**********06,6,SS0000000042,템퍼링 1호_템퍼1존(3존),0.7766760889636491,0.5762587902858081,0.14587284601351558,0.488497355101844,,0.12110697717094487,0.6293277283517836
**********01,**********06,3,SS0000000025,템퍼링 1호_템퍼1존(4존),0.8202166420511768,0.9448869293682266,0.8080316249786929,0.8853148321319554,,0.9744879591656447,0.15733620238792845
**********01,**********06,3,SS0000000025,템퍼링 2호_템퍼1존(1존),0.3771819768057584,0.8029922987990872,0.6980752281746601,0.8764031242526571,,0.7933523890430209,0.01469942389068668
**********01,**********06,6,SS0000000005,템퍼링 2호_템퍼1존(2존),0.7452304653186831,0.8437291324764089,0.8841201974219349,0.4073258617686978,,0.8234073415100387,0.9946581616082288
**********01,**********06,3,SS0000000035,템퍼링 2호_템퍼1존(3존),0.07775180700861162,0.25303600116147007,0.2704914317591295,0.7047716744969146,,0.7161682959532855,0.11620486730383528
**********01,**********06,3,SS0000000042,템퍼링 2호_템퍼1존(4존),0.7872222742290333,0.6495428082455504,0.8924866918947851,0.3903431430868032,,0.3823532507684777,0.502672251580208
**********01,**********06,3,SS0000000047,템퍼링 2호_템퍼1존(5존),0.2294380297147326,0.7796486364937771,0.8095109505287156,0.32776707789126014,,0.20532745515568218,0.7826341722337665
**********01,**********06,6,SS0000000001,템퍼링 2호_템퍼1존(6존),0.6260678942842062,0.15080218779349963,0.7221847979262668,0.6195565344098227,,0.047033393520892086,0.780571422651649
**********01,**********06,9,SS0000000031,템퍼링 3호_템퍼1존(1존),0.599355150005504,0.8787825773436435,0.16404669756011403,0.30838905019881857,,0.9377512648920608,0.6590089928376709
**********01,**********06,6,SS0000000008,템퍼링 3호_템퍼1존(2존),0.5563148476569906,0.6698637435875191,0.21944665761399507,0.4834397369128899,,0.15258654338460154,0.8816043706699038
**********01,**********06,9,SS0000000037,템퍼링 3호_템퍼1존(3존),0.8170771587385035,0.8677706010228496,0.9498276667863877,0.7370219469011101,,0.44213636145736157,0.847805953593287
**********01,**********06,6,SS0000000036,템퍼링 4호_템퍼1존(1존),0.36123945554792936,0.45593329652766246,0.6118014205321244,0.9253983761592255,,0.16027937181402896,0.210643293371511
**********01,**********06,9,SS0000000035,템퍼링 4호_템퍼1존(2존),0.17564166608234566,0.15775061988004524,0.9008559394237075,0.8391000557985575,,0.8069291348318633,0.7299593315671845
**********01,**********06,6,SS0000000018,템퍼링 4호_템퍼1존(3존),0.8283555213729861,0.7447822559420854,0.2142949184714421,0.9347704416109133,,0.577829992073269,0.4816871147659779
**********01,**********06,3,SS0000000005,템퍼링 4호_템퍼1존(4존),0.8111496138833146,0.34393013432496466,0.669874113196423,0.4099590777189356,,0.8328493349024644,0.0173351231312443
**********01,**********06,6,SS0000000013,템퍼링 4호_템퍼1존(5존),0.9220660528384653,0.9730192155693621,0.01847291415657326,0.652232432141235,,0.8436890084584843,0.9051311895848578
**********01,**********06,6,SS0000000002,템퍼링 4호_템퍼1존(6존),0.7493588549037612,0.5524129548600184,0.32300434069767203,0.36325950894300196,,0.16700173987014166,0.19269456965391574
**********01,**********06,3,SS0000000001,템퍼링 1호_템퍼1존(1존),0.8550962003974772,0.6183089659990942,0.23978257933262737,0.7823029908317503,,0.45252329813345793,0.38417639540941395
**********01,**********06,9,SS0000000014,템퍼링 1호_템퍼1존(2존),0.9814615569425658,0.5460653579498812,0.8832836634936028,0.9808197894927752,,0.7077271400237625,0.27312075277855674
**********01,**********06,9,SS0000000004,템퍼링 1호_템퍼1존(3존),0.037582310205589775,0.3637074737614455,0.553406736951171,0.6458994007868369,,0.7895658169099279,0.012971198561834263
**********01,**********06,3,SS0000000027,템퍼링 1호_템퍼1존(4존),0.0008081512926636503,0.08492955098023791,0.2739293723774152,0.6882286994264625,,0.2434882213376962,0.6050848389098922
**********01,**********06,9,SS0000000002,템퍼링 2호_템퍼1존(1존),0.42899986434292137,0.07408756102564873,0.4831194059136248,0.26581834247345615,,0.980830992680669,0.05961275685882106
**********01,**********06,3,SS0000000050,템퍼링 2호_템퍼1존(2존),0.22836838950000216,0.8610279648259088,0.7000101331964903,0.41238712167988245,,0.6578529560867755,0.5164026658969177
**********01,**********06,6,SS0000000019,템퍼링 2호_템퍼1존(3존),0.31043702994127964,0.7488683846918791,0.39119442478308775,0.9849407214436469,,0.9699499904052118,0.9586384871222832
**********01,**********06,3,SS0000000033,템퍼링 2호_템퍼1존(4존),0.09133276374469268,0.6665154484166849,0.5116581333657686,0.47680430564403975,,0.6221137516046232,0.1302667413710592
**********01,**********06,9,SS0000000028,템퍼링 2호_템퍼1존(5존),0.8269925517808363,0.5870944530209594,0.03359288080511058,0.42695195292067456,,0.8871908980586938,0.28032494776197814
**********01,**********06,9,SS0000000012,템퍼링 2호_템퍼1존(6존),0.1151971269346812,0.6694438786867939,0.8684353778553943,0.9830999899264715,,0.21582103280852472,0.033592742338920956
**********01,**********06,3,SS0000000034,템퍼링 3호_템퍼1존(1존),0.2423024776466125,0.4388193146673317,0.8400621624788825,0.7546890639728859,,0.9545183892371182,0.10366533586694815
**********01,**********06,6,SS0000000015,템퍼링 3호_템퍼1존(2존),0.00012798353906395832,0.42021050086245404,0.8711284360769276,0.07823253461094237,,0.3422395082378167,0.4649680829250673
**********01,**********06,3,SS0000000004,템퍼링 3호_템퍼1존(3존),0.40747650084692877,0.8244761178741256,0.37556455490140206,0.7687901729731231,,0.46201335760123396,0.7730661532850768
**********01,**********06,6,SS0000000050,템퍼링 4호_템퍼1존(1존),0.8253855611698466,0.3940885733031314,0.8837528338625026,0.9549389343440353,,0.1215510142894467,0.8961566270184832
**********01,**********06,3,SS0000000002,템퍼링 4호_템퍼1존(2존),0.48570290717541476,0.8294057427616098,0.33066231646302024,0.4846318984817791,,0.010903709476867585,0.30049851445527354
**********01,**********06,9,SS0000000001,템퍼링 4호_템퍼1존(3존),0.971698784531084,0.388931506882614,0.8096595701685686,0.23005754927320843,,0.29525120998269017,0.897826802819791
**********01,**********06,3,SS0000000012,템퍼링 4호_템퍼1존(4존),0.404897161924641,0.49371467047815665,0.3982276372107909,0.936466697401739,,0.5098486897275449,0.9688244413991806
**********01,**********06,3,SS0000000015,템퍼링 4호_템퍼1존(5존),0.18447264550079878,0.12379315933108859,0.5731829652034903,0.36966131892740817,,0.7954373644816191,0.9756646256261507
**********01,**********06,6,SS0000000011,템퍼링 4호_템퍼1존(6존),0.24905865052939669,0.28271462427870775,0.7469486914345701,0.5922026417575139,,0.6242567388216248,0.04995980389649024
**********01,**********06,6,SS0000000027,템퍼링 1호_템퍼1존(1존),0.9496281616408485,0.6100144999933376,0.4871191312114542,0.04759875001930569,,0.8787556509824991,0.1011855876271206
**********01,**********06,3,SS0000000047,템퍼링 1호_템퍼1존(2존),0.3411367840996664,0.0494991685792745,0.22191857590718445,0.5949240013779713,,0.6654754857835106,0.5912737997246329
**********01,**********06,3,SS0000000037,템퍼링 1호_템퍼1존(3존),0.19558857655660933,0.8429531566586362,0.036166210789806974,0.772127322186619,,0.5410802260896547,0.781144158839175
**********01,**********06,3,SS0000000010,템퍼링 1호_템퍼1존(4존),0.3151654265956879,0.3082260084844748,0.886397730141425,0.1647478107345326,,0.21825567546533398,0.8295872853190731
**********01,**********06,6,SS0000000041,템퍼링 2호_템퍼1존(1존),0.6678795779017557,0.5202487892495975,0.3665764232802402,0.4261645534663341,,0.46009075737658156,0.46409236102039797
**********01,**********06,3,SS0000000020,템퍼링 2호_템퍼1존(2존),0.6077896410992991,0.6642844526046493,0.9065545599821828,0.6007412729345665,,0.22684808808654777,0.8788839049582166
**********01,**********06,3,SS0000000006,템퍼링 2호_템퍼1존(3존),0.006846094141065628,0.36478563847715606,0.042476246133110296,0.10917054341305987,,0.52272908268814,0.6138560908233389
**********01,**********06,9,SS0000000019,템퍼링 2호_템퍼1존(4존),0.9111610313283622,0.08790982626071386,0.7583640419244835,0.5463512632904219,,0.1551176716162911,0.5952617763763828
**********01,**********06,6,SS0000000004,템퍼링 2호_템퍼1존(5존),0.06814358484589533,0.006910697572469093,0.15542049208678987,0.8857304792952735,,0.6625653243180792,0.8256646402610864
**********01,**********06,9,SS0000000014,템퍼링 2호_템퍼1존(6존),0.2273806738023596,0.1992038477470498,0.8895833217735941,0.8507965500045246,,0.5263338766206418,0.23430429713425405
**********01,**********06,9,SS0000000024,템퍼링 3호_템퍼1존(1존),0.8148754377820163,0.6991412716520645,0.9414186332398601,0.08086272414235529,,0.5655587573501529,0.23172935305210318
**********01,**********06,6,SS0000000024,템퍼링 3호_템퍼1존(2존),0.13992673481152695,0.9453829345101146,0.01794179150806996,0.9195884059570708,,0.0580362921862958,0.5637567994943022
**********01,**********06,3,SS0000000005,템퍼링 3호_템퍼1존(3존),0.5120895249390369,0.660160979099815,0.7173302820125024,0.6353084078018748,,0.9115404570053335,0.17507748860611339
**********01,**********06,3,SS0000000039,템퍼링 4호_템퍼1존(1존),0.4137789198705558,0.29680210719517475,0.33338869925251047,0.3737761370760303,,0.6785483860240072,0.33489601662459967
**********01,**********06,3,SS0000000039,템퍼링 4호_템퍼1존(2존),0.2179056426285867,0.12381188352608041,0.6184511071803866,0.4159089508331625,,0.33720506551587925,0.3188215092525005
**********01,**********06,6,SS0000000040,템퍼링 4호_템퍼1존(3존),0.8127535365132763,0.6554534557127446,0.36282308416371467,0.497647927177579,,0.06318261247766921,0.8831644649449143
**********01,**********06,9,SS0000000012,템퍼링 4호_템퍼1존(4존),0.8718232027021391,0.8522486396294765,0.9925983454620202,0.5507361473184239,,0.3507114471918922,0.298488921117229
**********01,**********06,3,SS0000000021,템퍼링 4호_템퍼1존(5존),0.13993015004022058,0.6247629960755353,0.832529498031631,0.20795615709725024,,0.21351748197649,0.5465976444792016
**********01,**********06,6,SS0000000040,템퍼링 4호_템퍼1존(6존),0.26652590973775403,0.9959911278133797,0.41983827175331945,0.4913296157830307,,0.32100362869000487,0.64008387383962
**********01,**********06,3,SS0000000045,템퍼링 1호_템퍼1존(1존),0.7863853365235259,0.6399131613402386,0.7518436355288182,0.5962547269238496,,0.3687204208316661,0.8043323216398331
**********01,**********06,3,SS0000000041,템퍼링 1호_템퍼1존(2존),0.9811344320338415,0.7860226127371366,0.10019753700666256,0.42445662118723615,,0.36818016707943957,0.6698813695719398
**********01,**********06,3,SS0000000035,템퍼링 1호_템퍼1존(3존),0.6341301425998348,0.8808981580337958,0.29598667926675326,0.43040102236948696,,0.14102883192735471,0.900086263123072
**********01,**********06,3,SS0000000024,템퍼링 1호_템퍼1존(4존),0.35352800899878833,0.326603090478518,0.4324032554694729,0.8284130363550796,,0.31894978393742546,0.12148372216416414
**********01,**********06,9,SS0000000036,템퍼링 2호_템퍼1존(1존),0.7484467716035179,0.5091576000829926,0.034623889716500766,0.499380059935281,,0.11495587095192406,0.18961894292476933
**********01,**********06,6,SS0000000020,템퍼링 2호_템퍼1존(2존),0.3389208112281491,0.5870989296858554,0.38270456949058196,0.7786152685559444,,0.21463522778489563,0.2293723784766032
**********01,**********06,6,SS0000000029,템퍼링 2호_템퍼1존(3존),0.5673244145326862,0.9962990222729227,0.41034841474295747,0.532915781876587,,0.823082279496073,0.27303474564844155
**********01,**********06,3,SS0000000043,템퍼링 2호_템퍼1존(4존),0.5212450096631625,0.6111525331367785,0.19968864335811576,0.7909454527085311,,0.5869141256872356,0.11193534932396298
**********01,**********06,9,SS0000000009,템퍼링 2호_템퍼1존(5존),0.42046008073259933,0.6185864717272823,0.9292774264065471,0.5087340755153095,,0.1419680180813745,0.969637044612209
**********01,**********06,3,SS0000000039,템퍼링 2호_템퍼1존(6존),0.6914659651985204,0.47423895909519764,0.5475448663875867,0.8282997367327184,,0.6653151961963539,0.5980305415576074
**********01,**********06,3,SS0000000021,템퍼링 3호_템퍼1존(1존),0.9826980808061748,0.3280674397488538,0.8880792122261196,0.42171225085868547,,0.8824804897807208,0.7134223667621229
**********01,**********06,6,SS0000000028,템퍼링 3호_템퍼1존(2존),0.005518146178907335,0.9684902972362012,0.9324301904174725,0.4573112161781019,,0.8313334390995075,0.31927635643145047
**********01,**********06,6,SS0000000017,템퍼링 3호_템퍼1존(3존),0.2841784016268605,0.6802897693180785,0.8549114187819841,0.16915489456854815,,0.06595742750690581,0.7461687253302043
**********01,**********06,6,SS0000000036,템퍼링 4호_템퍼1존(1존),0.7502714157475145,0.8397052745971212,0.6680354207159244,0.2895341937427266,,0.8925307309037861,0.3606606532646638
**********01,**********06,3,SS0000000031,템퍼링 4호_템퍼1존(2존),0.7913286913209079,0.8324070867358022,0.4358892948733376,0.2631626711902977,,0.2386478674558481,0.3593487837892607
**********01,**********06,3,SS0000000023,템퍼링 4호_템퍼1존(3존),0.9860097115908762,0.2865813313615231,0.769335882565331,0.24962326682536884,,0.7764224059584767,0.5561067966013249
**********01,**********06,9,SS0000000031,템퍼링 4호_템퍼1존(4존),0.5770187281196621,0.7526003506433926,0.5926974455830264,0.5239922239764012,,0.7054719077021882,0.08358122876573004
**********01,**********06,3,SS0000000032,템퍼링 4호_템퍼1존(5존),0.35801948777581316,0.6417905912100086,0.19054865694435796,0.9217854580478846,,0.9432181795400961,0.5987833433338294
**********01,**********06,6,SS0000000004,템퍼링 4호_템퍼1존(6존),0.85356049876919,0.6477428923690612,0.803263273594052,0.7831015298853907,,0.5581038986059783,0.3829809112310728
**********01,**********06,3,SS0000000002,템퍼링 1호_템퍼1존(1존),0.38025784541846097,0.794810844518133,0.3847496452819755,0.6275684525495996,,0.6040823707672209,0.20054409609002455
**********01,**********06,3,SS0000000023,템퍼링 1호_템퍼1존(2존),0.31503901706053405,0.23807128094025132,0.8511301548480034,0.4252245438282398,,0.3092106048430361,0.39644309955363977
**********01,**********06,6,SS0000000016,템퍼링 1호_템퍼1존(3존),0.6843118621493919,0.27126533403978315,0.9953614658750778,0.23847349441467536,,0.4725584431594889,0.7944133707424579
**********01,**********06,3,SS0000000002,템퍼링 1호_템퍼1존(4존),0.9388757444856998,0.1940189094372491,0.6182677737915263,0.2882548508044803,,0.06880592837445787,0.8988452259908862
**********01,**********06,6,SS0000000047,템퍼링 2호_템퍼1존(1존),0.7319050897798408,0.021309288589096864,0.5609671721076572,0.9307200775523418,,0.2666940649360501,0.8467685733744521
**********01,**********06,6,SS0000000042,템퍼링 2호_템퍼1존(2존),0.3380101350570508,0.7693683322670243,0.8527572512658783,0.03240621153296852,,0.7049937446042303,0.690046211736093
**********01,**********06,9,SS0000000046,템퍼링 2호_템퍼1존(3존),0.7405091422510502,0.020722605306730868,0.9850883604360146,0.764248303553889,,0.36223011245583214,0.7509894428151709
**********01,**********06,3,SS0000000046,템퍼링 2호_템퍼1존(4존),0.6345157871798581,0.8399054534309779,0.8515841216471237,0.34072108099886445,,0.5176330810145171,0.7056807380080928
**********01,**********06,3,SS0000000014,템퍼링 2호_템퍼1존(5존),0.6903606649475137,0.8025130934047234,0.11573479238986373,0.01911884463859259,,0.5743522387195604,0.6693022656661045
**********01,**********06,6,SS0000000034,템퍼링 2호_템퍼1존(6존),0.9664695833059787,0.5824929513677406,0.365826894196542,0.9551572833213691,,0.6439146231562201,0.5235580731462067
**********01,**********06,6,SS0000000015,템퍼링 3호_템퍼1존(1존),0.049675955929171844,0.4295189987999656,0.29293863807728693,0.8678701574809778,,0.9744464743943034,0.32219445285783344
**********01,**********06,9,SS0000000010,템퍼링 3호_템퍼1존(2존),0.8873609158503913,0.19378618145140025,0.46338271717219304,0.43589661611989783,,0.3637358564803498,0.7983545116097357
**********01,**********06,9,SS0000000033,템퍼링 3호_템퍼1존(3존),0.7455090281067682,0.8990543096851896,0.24914687006539293,0.9768253556394032,,0.07436562899034649,0.2084358793917117
**********01,**********06,6,SS0000000047,템퍼링 4호_템퍼1존(1존),0.8331998071269537,0.9824069529153048,0.05491789811799219,0.26716745044362444,,0.6927409557490105,0.10513586604523617
**********01,**********06,3,SS0000000037,템퍼링 4호_템퍼1존(2존),0.15327413456451366,0.09137182396910348,0.23457235991067427,0.15681673940510144,,0.15986846474637761,0.24424260569862566
**********01,**********06,3,SS0000000017,템퍼링 4호_템퍼1존(3존),0.266911059382804,0.11355381727155756,0.18050264035319852,0.08364699829148403,,0.7134161640861546,0.23071937386449037
**********01,**********06,3,SS0000000030,템퍼링 4호_템퍼1존(4존),0.15320712826630212,0.8847597437537119,0.31684413439527803,0.7958336355741682,,0.8339916704308291,0.9688653259214605
**********01,**********06,9,SS0000000027,템퍼링 4호_템퍼1존(5존),0.27976994053917625,0.5619624437994495,0.5160766076878548,0.8096059865270103,,0.500269800431675,0.5487008536897815
**********01,**********06,3,SS0000000050,템퍼링 4호_템퍼1존(6존),0.30075779513456025,0.7968525320019003,0.04597932596366516,0.8431860585867303,,0.45705142551357547,0.04244254278182158
**********01,**********06,6,SS0000000010,템퍼링 1호_템퍼1존(1존),0.9841274190484827,0.12613429070625715,0.13812420393556424,0.3892167927250152,,0.4562711813069711,0.47281165516684476
**********01,**********06,9,SS0000000027,템퍼링 1호_템퍼1존(2존),0.7921159047664299,0.2693601909220943,0.9515155883395481,0.9663567416687759,,0.35074923553659554,0.5852503456793141
**********01,**********06,9,SS0000000027,템퍼링 1호_템퍼1존(3존),0.07252498216643588,0.6193312932308009,0.7646416808780185,0.08482602820964236,,0.27079149656985313,0.29988400363656487
**********01,**********06,6,SS0000000011,템퍼링 1호_템퍼1존(4존),0.05642222613582426,0.1522929559946109,0.2104562558165849,0.2682469433912723,,0.6454391861408544,0.11965069098391656
**********01,**********06,3,SS0000000046,템퍼링 2호_템퍼1존(1존),0.9674494716657361,0.9982596433109548,0.5640726986105761,0.8465255418434054,,0.04638164925715105,0.6805042707405955
**********01,**********06,3,SS0000000035,템퍼링 2호_템퍼1존(2존),0.01034526396802804,0.05428160397904014,0.6898741559617905,0.8015016391948626,,0.8437670026877533,0.473783666238594
**********01,**********06,3,SS0000000030,템퍼링 2호_템퍼1존(3존),0.07597798520933396,0.7886381574020727,0.2148586098717582,0.8491453750549164,,0.03303080693296134,0.001703831768132602
**********01,**********06,9,SS0000000032,템퍼링 2호_템퍼1존(4존),0.23709197260342008,0.9445059965779553,0.14863418343616497,0.5969846294741699,,0.8906349840327341,0.49781973254718104
**********01,**********06,3,SS0000000017,템퍼링 2호_템퍼1존(5존),0.8350031402998392,0.14138833372197868,0.17505298174218953,0.5471386709229816,,0.8511514344447022,0.5751225245517027
**********01,**********06,3,SS0000000003,템퍼링 2호_템퍼1존(6존),0.8524265818850029,0.44121236846620293,0.3145349214110691,0.6890481629132185,,0.2700198520554066,0.011259718482192538
**********01,**********06,6,SS0000000015,템퍼링 3호_템퍼1존(1존),0.9497096252772194,0.5346591822957628,0.7691388974671506,0.1644487918518811,,0.8877111330650097,0.8663297233128735
**********01,**********06,6,SS0000000003,템퍼링 3호_템퍼1존(2존),0.7333065966801734,0.773240846199988,0.023029393019059707,0.7710709945477057,,0.2468881608745932,0.13961286820189267
**********01,**********06,6,SS0000000022,템퍼링 3호_템퍼1존(3존),0.39862652566657775,0.6562382635776186,0.4046182816912327,0.386095299108387,,0.7913600188088226,0.3336488451531422
**********01,**********06,6,SS0000000034,템퍼링 4호_템퍼1존(1존),0.021006448342909212,0.6247627911001238,0.0751429586422454,0.999679480167654,,0.2699719155678596,0.40144682645703467
**********01,**********06,3,SS0000000028,템퍼링 4호_템퍼1존(2존),0.802648654881035,0.9387400842759693,0.4057683334338019,0.445085592298898,,0.10466093193883064,0.36585249783460605
**********01,**********06,3,SS0000000018,템퍼링 4호_템퍼1존(3존),0.7611876893324804,0.40075645255121395,0.4945459170006784,0.2106029835883665,,0.315380431161692,0.06653586448804194
**********01,**********06,6,SS0000000035,템퍼링 4호_템퍼1존(4존),0.4709572258507184,0.04972413563971945,0.6134137019940762,0.6848881130022574,,0.9490557184462461,0.29954689061463824
**********01,**********06,3,SS0000000013,템퍼링 4호_템퍼1존(5존),0.8951531003695464,0.983423740677116,0.16368410789956667,0.4115704075774249,,0.9577462249638956,0.46149560845403037
**********01,**********06,6,SS0000000048,템퍼링 4호_템퍼1존(6존),0.9303306226384431,0.7886102049115954,0.7671235771380853,0.8899946346220635,,0.4509042328374957,0.17939925973410398
**********01,**********06,3,SS0000000043,템퍼링 1호_템퍼1존(1존),0.8299077026926166,0.5882834737576358,0.6762597277383736,0.40623083136357674,,0.40412070772891406,0.4416370920496818
**********01,**********06,3,SS0000000010,템퍼링 1호_템퍼1존(2존),0.9943890106138663,0.983020292883442,0.890441497117748,0.9244439312217934,,0.6121810727446175,0.5535381771073961
**********01,**********06,6,SS0000000022,템퍼링 1호_템퍼1존(3존),0.6736966689933018,0.06608448955139334,0.8406778926097696,0.3405138069720166,,0.6206285248097463,0.5926473082629597
**********01,**********06,9,SS0000000011,템퍼링 1호_템퍼1존(4존),0.45381069357298487,0.13364659981824978,0.04156489130721297,0.2786849796275428,,0.44732988433310195,0.29398723085748446
**********01,**********06,6,SS0000000026,템퍼링 2호_템퍼1존(1존),0.30452109669182403,0.3153773024677531,0.09577706253140295,0.2056973637788142,,0.9951445365187784,0.01096653558225702
**********01,**********06,6,SS0000000026,템퍼링 2호_템퍼1존(2존),0.21701316971306828,0.34712594893304505,0.7448746065367504,0.9280029899641694,,0.4337225665858798,0.4589522706310879
**********01,**********06,6,SS0000000023,템퍼링 2호_템퍼1존(3존),0.8830903509909024,0.9820611135035819,0.5131888512304452,0.21004232564282432,,0.9021421352770672,0.5402505821369806
**********01,**********06,9,SS0000000032,템퍼링 2호_템퍼1존(4존),0.24949086866820946,0.22792021744433444,0.15844629683916645,0.44333060064795904,,0.6678917435419405,0.3085515825902203
**********01,**********06,3,SS0000000021,템퍼링 2호_템퍼1존(5존),0.3455980693814884,0.6916610183439674,0.5075778865789999,0.8907956898245823,,0.6810181814115316,0.6109435345127092
**********01,**********06,6,SS0000000002,템퍼링 2호_템퍼1존(6존),0.5659297766199408,0.731286953030149,0.8958523688722644,0.2904674918867931,,0.4172734793045143,0.5377451254612435
**********01,**********06,3,SS0000000033,템퍼링 3호_템퍼1존(1존),0.08931448584769419,0.6740424477914515,0.3057299340185803,0.9295528624372994,,0.4870092372590181,0.840526434505941
**********01,**********06,3,SS0000000028,템퍼링 3호_템퍼1존(2존),0.516579300652812,0.8422075844353231,0.32954772729792225,0.36825617564879687,,0.043351090052530905,0.010982373815389579
**********01,**********06,6,SS0000000021,템퍼링 3호_템퍼1존(3존),0.02842511089927624,0.3809535116660432,0.19873191154106307,0.432087983933535,,0.30210113336045374,0.9923276534252381
**********01,**********06,6,SS0000000006,템퍼링 4호_템퍼1존(1존),0.37923002898713565,0.49057317032644043,0.428183378132879,0.3774014824295411,,0.15932887850543342,0.8439096120050378
**********01,**********06,9,SS0000000034,템퍼링 4호_템퍼1존(2존),0.2657280188293216,0.9341005474031938,0.33773500627475117,0.9206415292941108,,0.8784613119525981,0.806341359150871
**********01,**********06,9,SS0000000019,템퍼링 4호_템퍼1존(3존),0.34608433215698964,0.6468127242280004,0.44102989468414966,0.0809739585290482,,0.9060235199736979,0.6909005047026191
**********01,**********06,9,SS0000000028,템퍼링 4호_템퍼1존(4존),0.2099516947989042,0.454041940554639,0.4561444365063132,0.48246550892259477,,0.8141083878869269,0.8966586859998561
**********01,**********06,6,SS0000000010,템퍼링 4호_템퍼1존(5존),0.7465711818453461,0.9565211329432577,0.7802028220943232,0.20098446119500457,,0.5024530966546127,0.6457583223273116
**********01,**********06,6,SS0000000034,템퍼링 4호_템퍼1존(6존),0.42870194011829144,0.9777821986698711,0.7390411458381377,0.3616395729590469,,0.8010707177896113,0.08644930617538049
**********01,**********06,9,SS0000000045,템퍼링 1호_템퍼1존(1존),0.3116739233554753,0.08720929128230082,0.8010006734862938,0.6695482653513724,,0.39101996306069453,0.7070956913591505
**********01,**********06,6,SS0000000010,템퍼링 1호_템퍼1존(2존),0.6262347448067344,0.03549927711409806,0.1400159772529953,0.4616463089997147,,0.6888470761051649,0.027960386278819138
**********01,**********06,9,SS0000000017,템퍼링 1호_템퍼1존(3존),0.7196013233616448,0.21554847596814553,0.22026036027311635,0.16906563422704213,,0.041338592945310504,0.31230127877065883
**********01,**********06,6,SS0000000024,템퍼링 1호_템퍼1존(4존),0.8976043115767359,0.9561750581723352,0.5352870435667922,0.06662648197186871,,0.14096722104113346,0.6926485915342634
**********01,**********06,3,SS0000000045,템퍼링 2호_템퍼1존(1존),0.8886725730575623,0.6769058344246565,0.0575697963502283,0.5070032040098561,,0.6203866687679159,0.33919312736277807
**********01,**********06,3,SS0000000007,템퍼링 2호_템퍼1존(2존),0.9490518496571073,0.2521265224221966,0.6714833455420578,0.04606662495065572,,0.31771084035201946,0.9673267634134454
**********01,**********06,9,SS0000000041,템퍼링 2호_템퍼1존(3존),0.23874780020535247,0.39030742010735464,0.13533693210071007,0.5302342360951906,,0.8267534141093713,0.14652571439090556
**********01,**********06,3,SS0000000048,템퍼링 2호_템퍼1존(4존),0.20111829953005045,0.10496984591326808,0.44184498846414244,0.5244366589293069,,0.60372029384487,0.7790719194260971
**********01,**********06,3,SS0000000008,템퍼링 2호_템퍼1존(5존),0.7372464785509895,0.39021163286711436,0.11005650985736193,0.5573649817631559,,0.03275610815118912,0.6659410993669357
**********01,**********06,9,SS0000000006,템퍼링 2호_템퍼1존(6존),0.730084964559999,0.24753510231268794,0.38500084370845733,0.05800481977168792,,0.7883287786787544,0.628867335376209
**********01,**********06,6,SS0000000017,템퍼링 3호_템퍼1존(1존),0.08522642620047616,0.6137219288547864,0.8414624092532944,0.6294176397325052,,0.8700108380941921,0.17645846723588465
**********01,**********06,3,SS0000000007,템퍼링 3호_템퍼1존(2존),0.33862178738366155,0.05569125182344403,0.3645881101954186,0.8713294115376345,,0.3371064833297355,0.7198813185229166
**********01,**********06,6,SS0000000038,템퍼링 3호_템퍼1존(3존),0.5063834078044422,0.20641774892714937,0.889067076794129,0.5980620292435289,,0.483085006590779,0.10648635631192271
**********01,**********06,6,SS0000000044,템퍼링 4호_템퍼1존(1존),0.42266533549045493,0.7648426789615005,0.2997985140786923,0.15601652806262367,,0.18039506093692814,0.3404048407770741
**********01,**********06,3,SS0000000041,템퍼링 4호_템퍼1존(2존),0.8960063186860234,0.771075291925048,0.5339335959311288,0.10644866293952215,,0.4703760991561451,0.5791157671992443
**********01,**********06,9,SS0000000008,템퍼링 4호_템퍼1존(3존),0.28829201900907164,0.8443154515550823,0.9758900369115833,0.8008133146158126,,0.10792855381233046,0.2638526745318489
**********01,**********06,3,SS0000000029,템퍼링 4호_템퍼1존(4존),0.2261294358450513,0.291165262432737,0.5925462048697874,0.40196389985361414,,0.4055258763974936,0.19411509101282987
**********01,**********06,9,SS0000000050,템퍼링 4호_템퍼1존(5존),0.968831872455828,0.7655339691739931,0.3986783315871332,0.7340871593586931,,0.5582363199781046,0.46409058564072003
**********01,**********06,6,SS0000000038,템퍼링 4호_템퍼1존(6존),0.6498677350337587,0.07884167606729708,0.7214024800984427,0.5132841501478065,,0.07012451279474807,0.6738410446970147
**********01,**********06,3,SS0000000048,템퍼링 1호_템퍼1존(1존),0.575164889057318,0.567943683680247,0.6183037462670806,0.0993167611590009,,0.71043614059022,0.22149423312472116
**********01,**********06,3,SS0000000019,템퍼링 1호_템퍼1존(2존),0.9878277982585191,0.3367500247503309,0.8883212532252163,0.5979434942826218,,0.14471251395208273,0.6400946582410874
**********01,**********06,9,SS0000000014,템퍼링 1호_템퍼1존(3존),0.9341924854160681,0.1151255666409301,0.5177685408138462,0.38823462661661157,,0.5250776290628079,0.6533869405958549
**********01,**********06,6,SS0000000015,템퍼링 1호_템퍼1존(4존),0.9298565656248103,0.6653016857082702,0.22232036902414853,0.2160250652990876,,0.10856833518307751,0.03189883421372308
**********01,**********06,6,SS0000000044,템퍼링 2호_템퍼1존(1존),0.32059339437230105,0.43478156372539956,0.07665393223574701,0.25847378689682354,,0.1855452461996595,0.582051661516212
**********01,**********06,9,SS0000000048,템퍼링 2호_템퍼1존(2존),0.43604429112308163,0.5353215597733949,0.5633367838694594,0.748887323757163,,0.14647010421743933,0.9519055289394395
**********01,**********06,3,SS0000000015,템퍼링 2호_템퍼1존(3존),0.7468455127666372,0.329482961971414,0.7240938948811992,0.6148693581112171,,0.3422979214560923,0.9069421931841734
**********01,**********06,9,SS0000000038,템퍼링 2호_템퍼1존(4존),0.17905884363677838,0.5701577107873873,0.5311204706962196,0.6808850567839356,,0.026771802569168446,0.38487143169359905
**********01,**********06,6,SS0000000019,템퍼링 2호_템퍼1존(5존),0.043135518531576156,0.879368474318353,0.9496966308583767,0.8050584774123846,,0.3553353222637574,0.08667865155932908
**********01,**********06,9,SS0000000019,템퍼링 2호_템퍼1존(6존),0.6429076178075894,0.7714722023317085,0.5899869910008112,0.013091881683306328,,0.37671079726423073,0.3670243273434035
**********01,**********06,6,SS0000000002,템퍼링 3호_템퍼1존(1존),0.24633197841314836,0.9021766457614058,0.6726363892382815,0.11824254074027074,,0.49060012705145706,0.48610098490607856
**********01,**********06,6,SS0000000026,템퍼링 3호_템퍼1존(2존),0.0035900501295295095,0.231117712914359,0.13926797643949518,0.3047132771426435,,0.5152501207537343,0.17841500495978413
**********01,**********06,6,SS0000000016,템퍼링 3호_템퍼1존(3존),0.5739656617781727,0.8994550069402831,0.7158888111068363,0.8229643075773533,,0.29951457464820364,0.3889380994408026
**********01,**********06,3,SS0000000032,템퍼링 4호_템퍼1존(1존),0.5696120928386734,0.013705195509762791,0.6884425546453924,0.633409732270617,,0.15788357669753283,0.2948067274057694
**********01,**********06,9,SS0000000003,템퍼링 4호_템퍼1존(2존),0.905198112766464,0.24616387767180514,0.5948015798089936,0.007364585717390182,,0.8386160440529219,0.34700810275020133
**********01,**********06,9,SS0000000022,템퍼링 4호_템퍼1존(3존),0.7304612172205468,0.07196882902516721,0.8748613346433669,0.5121798719321232,,0.46138568905610644,0.6922605877574266
**********01,**********06,3,SS0000000022,템퍼링 4호_템퍼1존(4존),0.4064054208904381,0.2610505829601525,0.6421937019189731,0.825297412906816,,0.5214901838991315,0.1604512036307143
**********01,**********06,3,SS0000000026,템퍼링 4호_템퍼1존(5존),0.5634934616050862,0.34263898511676494,0.2731389683995581,0.4990733873036042,,0.1351701240635278,0.5201552890411433
**********01,**********06,3,SS0000000016,템퍼링 4호_템퍼1존(6존),0.3485244118676921,0.4943238007290859,0.40452511123594437,0.34264135720848665,,0.4651239774008268,0.5988874613445437
**********01,**********06,3,SS0000000031,템퍼링 1호_템퍼1존(1존),0.39225349237420815,0.3268331069388887,0.805013283133234,0.7878881752956507,,0.26724103035214775,0.31885530810069007
**********01,**********06,9,SS0000000016,템퍼링 1호_템퍼1존(2존),0.5421435685151272,0.7249926408669636,0.9126270679403318,0.5504427976523458,,0.5418208345776429,0.7627558179917463
**********01,**********06,3,SS0000000027,템퍼링 1호_템퍼1존(3존),0.9881232453709522,0.4509680334225198,0.7737738118062979,0.8017432852050309,,0.6171110351610335,0.9853417009571772
**********01,**********06,3,SS0000000021,템퍼링 1호_템퍼1존(4존),0.26523633439108707,0.7211763725342184,0.5663872819086561,0.2647802845359807,,0.3746617645891622,0.9729448093893303
**********01,**********06,3,SS0000000009,템퍼링 2호_템퍼1존(1존),0.1390530994952246,0.07000333691541172,0.29622669245494937,0.3816275020267367,,0.7658724663463161,0.15383801657014073
**********01,**********06,6,SS0000000004,템퍼링 2호_템퍼1존(2존),0.8274124212126778,0.08505048847294983,0.15501948856139625,0.08198600016693147,,0.45738484131971,0.01123827630213059
**********01,**********06,6,SS0000000024,템퍼링 2호_템퍼1존(3존),0.6601804754469165,0.5273658276547519,0.8892939739037216,0.32063182897034515,,0.7998965319204294,0.05316351977388678
**********01,**********06,9,SS0000000003,템퍼링 2호_템퍼1존(4존),0.03769442357222419,0.3780054381134549,0.9150084633672357,0.2702445986234121,,0.801401929356575,0.06187964726550432
**********01,**********06,3,SS0000000002,템퍼링 2호_템퍼1존(5존),0.7783939960383507,0.7898627746999822,0.7405589230107877,0.5858640969570434,,0.8309965173670641,0.7973352512961347
**********01,**********06,9,SS0000000045,템퍼링 2호_템퍼1존(6존),0.19616785402339632,0.5303769724054749,0.5901299052906519,0.3669052029864731,,0.5354202287335491,0.8057202603530899
**********01,**********06,6,SS0000000028,템퍼링 3호_템퍼1존(1존),0.8208344993118051,0.775772466206624,0.46123583095427223,0.8019603501590699,,0.106961322064977,0.5575980235298721
**********01,**********06,3,SS0000000024,템퍼링 3호_템퍼1존(2존),0.7107921202099214,0.7959150507349577,0.02443427413676702,0.9666141414966113,,0.5306691018540276,0.2759242209554186
**********01,**********06,3,SS0000000033,템퍼링 3호_템퍼1존(3존),0.8245585890727124,0.4232156539039097,0.26266793579118497,0.9041129107360335,,0.469409778356769,0.8713146992825113
**********01,**********06,3,SS0000000033,템퍼링 4호_템퍼1존(1존),0.8302640828739104,0.8243107753607184,0.9178509935734739,0.2594049849853356,,0.37964562107564626,0.20520172818363847
**********01,**********06,9,SS0000000038,템퍼링 4호_템퍼1존(2존),0.06373321370180107,0.6776217465375409,0.011540596805718062,0.053473134263106736,,0.9583304860599539,0.0335394611789811
**********01,**********06,3,SS0000000026,템퍼링 4호_템퍼1존(3존),0.7470685078454482,0.9961114726276216,0.802018531559311,0.9825460983192016,,0.08659345099459015,0.4267405255123816
**********01,**********06,9,SS0000000008,템퍼링 4호_템퍼1존(4존),0.8749442374695414,0.1065152274690555,0.5456264442712423,0.01065236806534009,,0.7136472356874599,0.015410047724542686
**********01,**********06,3,SS0000000023,템퍼링 4호_템퍼1존(5존),0.4226501242524392,0.3218328724323205,0.9983150330517792,0.27183288674453976,,0.9036570338305836,0.9734049028305722
**********01,**********06,3,SS0000000008,템퍼링 4호_템퍼1존(6존),0.060990002649136454,0.10536467286334128,0.29958639359918593,0.3044368339322163,,0.19028469244107882,0.25066854857048815
**********01,**********06,3,SS0000000022,템퍼링 1호_템퍼1존(1존),0.09372806219142726,0.5799269218682417,0.836686522492122,0.24986037507150716,,0.622637638364033,0.5083063034844092
**********01,**********06,3,SS0000000046,템퍼링 1호_템퍼1존(2존),0.044117095236676285,0.5108883814676513,0.4414745597087292,0.9813959211080805,,0.4582194897811255,0.25684575703527623
**********01,**********06,9,SS0000000033,템퍼링 1호_템퍼1존(3존),0.7955104488568684,0.45883418477086957,0.2891071188241867,0.09925306986294513,,0.6055376390174492,0.5567974335630916
**********01,**********06,9,SS0000000027,템퍼링 1호_템퍼1존(4존),0.7278636163579361,0.8527966016774619,0.5586496470303094,0.5142712551074785,,0.2044002598948096,0.23121896379033646
**********01,**********06,3,SS0000000035,템퍼링 2호_템퍼1존(1존),0.17764008843655332,0.5530653112552497,0.048818048277569526,0.30206075299827884,,0.06995263859037226,0.9217960306616391
**********01,**********06,9,SS0000000045,템퍼링 2호_템퍼1존(2존),0.46523679390068906,0.816935578894037,0.2858884746578404,0.05797413071302293,,0.959120146107092,0.9598630297991138
**********01,**********06,6,SS0000000041,템퍼링 2호_템퍼1존(3존),0.5312728487694437,0.1791125053251803,0.8388777104538256,0.5247181804315162,,0.13530247529180617,0.9114094277504212
**********01,**********06,6,SS0000000022,템퍼링 2호_템퍼1존(4존),0.3511325673975182,0.28073384841660953,0.05452654116924527,0.5885496423626465,,0.26563668161689746,0.7110497810021008
**********01,**********06,3,SS0000000046,템퍼링 2호_템퍼1존(5존),0.8987373387748548,0.09173447738908169,0.7108429423915386,0.5428283096762095,,0.47566334433884505,0.7334751031214346
**********01,**********06,6,SS0000000027,템퍼링 2호_템퍼1존(6존),0.6834336174893405,0.34582010809340047,0.28478132191233163,0.8438001869670876,,0.779522130724061,0.4118738065253874
**********01,**********06,3,SS0000000028,템퍼링 3호_템퍼1존(1존),0.3945410049883956,0.3391670538717392,0.4909301705075394,0.23479888106378954,,0.8548220604073873,0.00019761001326357164
**********01,**********06,9,SS0000000046,템퍼링 3호_템퍼1존(2존),0.8318373769405785,0.6056306745085946,0.008350253188111445,0.6618152978885744,,0.503153890671417,0.9136221893456486
**********01,**********06,6,SS0000000014,템퍼링 3호_템퍼1존(3존),0.27984715625470846,0.03897532984354535,0.4303004173043933,0.8614607137319854,,0.855879413821852,0.3580308865751505
**********01,**********06,6,SS0000000048,템퍼링 4호_템퍼1존(1존),0.8969132580150694,0.4319640728486379,0.7622236432780828,0.45435875340079335,,0.9733886490133166,0.49514976003345035
**********01,**********06,3,SS0000000031,템퍼링 4호_템퍼1존(2존),0.5017946724069379,0.2934893020176397,0.5511156804547777,0.6953231934733878,,0.21745083838105683,0.8768742321799302
**********01,**********06,3,SS0000000019,템퍼링 4호_템퍼1존(3존),0.5543634253509985,0.5315938463322707,0.22146549104607538,0.40486433956192447,,0.0725518078946713,0.1040662159148531
**********01,**********06,9,SS0000000031,템퍼링 4호_템퍼1존(4존),0.4986677968328591,0.7858839695503922,0.22463671842615718,0.8095254818070509,,0.22482609125929653,0.3662499503981478
**********01,**********06,9,SS0000000050,템퍼링 4호_템퍼1존(5존),0.7193357343123876,0.24354909074147957,0.3914046474146934,0.9184067988965586,,0.08871992698173758,0.8370138844840456
**********01,**********06,6,SS0000000033,템퍼링 4호_템퍼1존(6존),0.9512847795101885,0.13096160118821154,0.46268152539903507,0.8234823444268985,,0.6103927424988543,0.14190891645724113
**********01,**********06,3,SS0000000020,템퍼링 1호_템퍼1존(1존),0.5001199825917966,0.9283444017374953,0.19913557466741816,0.09804049094611145,,0.7214203852953439,0.09991104067522161
**********01,**********06,9,SS0000000007,템퍼링 1호_템퍼1존(2존),0.6830044074514886,0.9855478173538025,0.15519803715053615,0.19152906347465715,,0.09317506648096407,0.7845141649773096
**********01,**********06,6,SS0000000010,템퍼링 1호_템퍼1존(3존),0.7321723873575224,0.19222121900128497,0.9990172979833103,0.701119341427502,,0.8628616208955254,0.33107090491858493
**********01,**********06,6,SS0000000028,템퍼링 1호_템퍼1존(4존),0.22479926955235618,0.5469143938289684,0.3351005988764397,0.3590326095770877,,0.8555643123769394,0.31110908969172024
**********01,**********06,6,SS0000000024,템퍼링 2호_템퍼1존(1존),0.2939325645882197,0.13687992673765403,0.913282790947052,0.2975045335617207,,0.9725935792687471,0.5892270294982483
**********01,**********06,3,SS0000000048,템퍼링 2호_템퍼1존(2존),0.43220008260053877,0.8409892574591139,0.5422839542932686,0.5129419033131748,,0.9165858540218323,0.6426864561011061
**********01,**********06,6,SS0000000032,템퍼링 2호_템퍼1존(3존),0.48783793836409606,0.8589144799301738,0.3327496866738151,0.8414886534741314,,0.4058042170949573,0.04535989475705282
**********01,**********06,6,SS0000000005,템퍼링 2호_템퍼1존(4존),0.15450488629655235,0.47308825667985566,0.7641951157725901,0.8517639537528671,,0.7714186393747827,0.27265079969040396
**********01,**********06,6,SS0000000040,템퍼링 2호_템퍼1존(5존),0.693201966579345,0.9841033073856733,0.8689340126674067,0.061783374534109425,,0.5509217021631403,0.06634907108580301
**********01,**********06,6,SS0000000041,템퍼링 2호_템퍼1존(6존),0.49172044441869056,0.11870426616363094,0.3741765523855375,0.6926162378374359,,0.23040056381391838,0.1325929451608192
**********01,**********06,3,SS0000000020,템퍼링 3호_템퍼1존(1존),0.6685565500349857,0.7443840177488436,0.07653803418811744,0.5735385970571111,,0.3633365559597054,0.16391938513304405
**********01,**********06,3,SS0000000050,템퍼링 3호_템퍼1존(2존),0.99246385472445,0.5969794044104221,0.7699143341461583,0.3121590806450336,,0.5732829373611305,0.3938863939188506
**********01,**********06,6,SS0000000024,템퍼링 3호_템퍼1존(3존),0.705731741166782,0.9046398611580605,0.020964883251964883,0.16920126868419627,,0.7904954086647051,0.5346256233103955
**********01,**********06,9,SS0000000036,템퍼링 4호_템퍼1존(1존),0.10652580087359698,0.4049772800955891,0.06980011027275779,0.828320420878457,,0.8099579070844436,0.9925919928838102
**********01,**********06,3,SS0000000048,템퍼링 4호_템퍼1존(2존),0.1702026545759614,0.9465045185782753,0.9159223510576234,0.047154255446454796,,0.25431051649427727,0.6543161766157897
**********01,**********06,9,SS0000000034,템퍼링 4호_템퍼1존(3존),0.6212549980445852,0.8555810937672701,0.08273286644882916,0.025597376343101552,,0.13111775377182,0.06636142123893785
**********01,**********06,9,SS0000000019,템퍼링 4호_템퍼1존(4존),0.9792530809871199,0.6418025875318996,0.16220222415414998,0.9522485044631199,,0.6493211576144906,0.23718345405177144
**********01,**********06,9,SS0000000031,템퍼링 4호_템퍼1존(5존),0.9668765747976401,0.16119831554847985,0.11510572244576744,0.8728880040402558,,0.9484191613065194,0.2468347958657875
**********01,**********06,6,SS0000000037,템퍼링 4호_템퍼1존(6존),0.8855095205229504,0.5044340098898676,0.6108994074018966,0.9913936099225074,,0.27202761611146364,0.46791632677805584
**********01,**********06,3,SS0000000035,템퍼링 1호_템퍼1존(1존),0.3032869808904002,0.48435160810233546,0.21950704085287776,0.2746890755218866,,0.15818550904499318,0.9273493346292647
**********01,**********06,3,SS0000000016,템퍼링 1호_템퍼1존(2존),0.10993414216083663,0.8523469901070767,0.5469971255426598,0.526720457504414,,0.39678477032844905,0.9672896858071819
**********01,**********06,9,SS0000000038,템퍼링 1호_템퍼1존(3존),0.5953554497467146,0.7202406603781238,0.5760165243100874,0.35663719811055206,,0.03858579201862533,0.3755716681948206
**********01,**********06,6,SS0000000002,템퍼링 1호_템퍼1존(4존),0.9911081048244436,0.35677924967257724,0.7461891431685524,0.4999836105614065,,0.1498795781075678,0.045343983443100755
**********01,**********06,9,SS0000000030,템퍼링 2호_템퍼1존(1존),0.2028532368216701,0.6501136906305062,0.9775419317276709,0.3584644622316756,,0.4103995118581155,0.518576677277777
**********01,**********06,6,SS0000000046,템퍼링 2호_템퍼1존(2존),0.49693350707679873,0.15538074832092985,0.2370867808399577,0.47482137810646363,,0.2910282218049246,0.0014442126878266848
**********01,**********06,6,SS0000000030,템퍼링 2호_템퍼1존(3존),0.17223396439784666,0.04100683693916707,0.5403367009610313,0.29529949638818964,,0.0745099643718693,0.9206267297891637
**********01,**********06,3,SS0000000027,템퍼링 2호_템퍼1존(4존),0.6428422151849171,0.3613680354447488,0.2970282998663101,0.786615893669298,,0.18660325034609748,0.6343266923164149
**********01,**********06,9,SS0000000050,템퍼링 2호_템퍼1존(5존),0.3108057991933021,0.6207848667728088,0.3489927614051156,0.3594270654113658,,0.15389109953787594,0.8733064024543038
**********01,**********06,6,SS0000000013,템퍼링 2호_템퍼1존(6존),0.5104311480620491,0.5188192240890988,0.5217677605606053,0.9136013435140541,,0.1432325209336459,0.1929720476380279
**********01,**********06,9,SS0000000003,템퍼링 3호_템퍼1존(1존),0.16842629335881665,0.27049969039864075,0.02777826392220406,0.675270659240363,,0.9528122451279879,0.7714960149098008
**********01,**********06,6,SS0000000015,템퍼링 3호_템퍼1존(2존),0.10193066527457717,0.19918968283905292,0.4319167643157831,0.41775639743646087,,0.2407159021030404,0.814155579552751
**********01,**********06,3,SS0000000050,템퍼링 3호_템퍼1존(3존),0.09054470847200213,0.33551181979843103,0.3129872072032617,0.7855535098607054,,0.8118573494271561,0.3972160109268654
**********01,**********06,6,SS0000000012,템퍼링 4호_템퍼1존(1존),0.8078226312150327,0.3576133564694832,0.2995019322673954,0.5335997747744382,,0.6515489873213667,0.2144618105571099
**********01,**********06,6,SS0000000011,템퍼링 4호_템퍼1존(2존),0.9340563659934114,0.9390240610478456,0.9096370627871756,0.5801943620878255,,0.01814053011384764,0.9911191949128962
**********01,**********06,9,SS0000000036,템퍼링 4호_템퍼1존(3존),0.3563207887085532,0.8824171760056375,0.7479331543770217,0.36607374842631213,,0.7143261343114835,0.771938667178166
**********01,**********06,9,SS0000000006,템퍼링 4호_템퍼1존(4존),0.2657068685774715,0.7619970673845218,0.009433458845081288,0.312712429955214,,0.2571483225845693,0.370895756093752
**********01,**********06,3,SS0000000048,템퍼링 4호_템퍼1존(5존),0.5382047163129438,0.19305355721204565,0.3254228779452095,0.3956054106136655,,0.34717515890649764,0.15085017481580443
**********01,**********06,6,SS0000000003,템퍼링 4호_템퍼1존(6존),0.4437629611768633,0.7902061497426738,0.34654681154993916,0.7898610974748871,,0.800858541539102,0.498285707795053
**********01,**********06,9,SS0000000016,템퍼링 1호_템퍼1존(1존),0.9924446850045158,0.032486320640708666,0.28158437908861955,0.6562205292079356,,0.9632712946737283,0.47659853481345005
**********01,**********06,9,SS0000000004,템퍼링 1호_템퍼1존(2존),0.8526963811508482,0.835582528872196,0.5903043197151123,0.8757723434817349,,0.20766753743170707,0.2247126888762847
**********01,**********06,3,SS0000000017,템퍼링 1호_템퍼1존(3존),0.8624665138428594,0.40632163873652916,0.8326303931532675,0.7683475835963699,,0.707996014996558,0.5796103533934044
**********01,**********06,6,SS0000000020,템퍼링 1호_템퍼1존(4존),0.6664134959042433,0.11481189453968832,0.8917427042890194,0.2543121544985113,,0.2013609034890974,0.7811695651694315
**********01,**********06,9,SS0000000019,템퍼링 2호_템퍼1존(1존),0.5701755955400217,0.7475121439562863,0.7241596560329079,0.5600673602596233,,0.9081006215397807,0.22597853062653317
**********01,**********06,9,SS0000000005,템퍼링 2호_템퍼1존(2존),0.834391889033044,0.11133042635119694,0.5384027941924081,0.8544417663053766,,0.8912001265916083,0.9373354116570897
**********01,**********06,9,SS0000000035,템퍼링 2호_템퍼1존(3존),0.4798256256950486,0.540854757590156,0.7964448326077062,0.7056266350945464,,0.4480386639817866,0.4537885307400218
**********01,**********06,6,SS0000000049,템퍼링 2호_템퍼1존(4존),0.8916080577616564,0.8709323100527543,0.8640170537919182,0.2411690061141467,,0.07115206367454252,0.1307778248368957
**********01,**********06,9,SS0000000034,템퍼링 2호_템퍼1존(5존),0.2601739380016458,0.4323400218461778,0.1507965718154114,0.053967600424008944,,0.5486103279065965,0.19112382968581998
**********01,**********06,9,SS0000000043,템퍼링 2호_템퍼1존(6존),0.795360240075526,0.9818682052896038,0.44892399279952455,0.08143565730911262,,0.8404784220508873,0.24825078578946835
**********01,**********06,9,SS0000000007,템퍼링 3호_템퍼1존(1존),0.6523720537110953,0.6623458468778377,0.9868096288353229,0.9232443217856029,,0.565962946231887,0.9295875694718471
**********01,**********06,9,SS0000000046,템퍼링 3호_템퍼1존(2존),0.1758162898868948,0.7234713832775087,0.2377870748931118,0.9279129013816345,,0.19058046541229623,0.4794375982726282
**********01,**********06,3,SS0000000013,템퍼링 3호_템퍼1존(3존),0.615531065772758,0.7742828015243101,0.18114412360859877,0.2786282440851823,,0.7016344806014239,0.8968929209747488
**********01,**********06,3,SS0000000026,템퍼링 4호_템퍼1존(1존),0.4481074615351951,0.6102238672591624,0.9938778694886671,0.5314723635985077,,0.2638490253444057,0.3277919555854105
**********01,**********06,6,SS0000000006,템퍼링 4호_템퍼1존(2존),0.9277051634051136,0.957135668779209,0.8866024150005266,0.12022412042445918,,0.7191393529265924,0.6351689673920486
**********01,**********06,6,SS0000000018,템퍼링 4호_템퍼1존(3존),0.6801213601653106,0.40358807767218796,0.3755018704708908,0.6340517999217056,,0.430673864675461,0.967796982604864
**********01,**********06,3,SS0000000009,템퍼링 4호_템퍼1존(4존),0.6729024318164375,0.11924306098275428,0.7595126774144951,0.21651940220884358,,0.28646979827954044,0.15053993743943817
**********01,**********06,3,SS0000000027,템퍼링 4호_템퍼1존(5존),0.8985764705855842,0.6640393327449156,0.34486313989375805,0.17695213009522348,,0.007965017463052781,0.4158581500513633
**********01,**********06,6,SS0000000019,템퍼링 4호_템퍼1존(6존),0.776155438213171,0.24212124361160592,0.9764233280437632,0.8853283205098609,,0.46288090067685295,0.6712785970147978
**********01,**********06,6,SS0000000021,템퍼링 1호_템퍼1존(1존),0.31190792554152824,0.6355909187295758,0.324507728705858,0.8389758728517724,,0.7773761570967044,0.2125766105994974
**********01,**********06,6,SS0000000022,템퍼링 1호_템퍼1존(2존),0.5702090818882061,0.7977264777267569,0.09123168309497254,0.06335191632152926,,0.8813133937674651,0.6991074563152043
**********01,**********06,6,SS0000000042,템퍼링 1호_템퍼1존(3존),0.8909414459320347,0.2539270939555277,0.25470670909971527,0.4482498009998078,,0.9481629033608951,0.6185220404823262
**********01,**********06,9,SS0000000050,템퍼링 1호_템퍼1존(4존),0.8963027695435261,0.3766100119992103,0.9499574963551138,0.48133734832880526,,0.0910820888454058,0.37405781012162387
**********01,**********06,6,SS0000000049,템퍼링 2호_템퍼1존(1존),0.895245137825535,0.3322695617051483,0.39429307767220223,0.6044884791005501,,0.512068454292215,0.9811932654504056
**********01,**********06,9,SS0000000049,템퍼링 2호_템퍼1존(2존),0.3613991518970924,0.06197702300379715,0.5038188374483126,0.4397420552705834,,0.12541467859949085,0.600865018020775
**********01,**********06,9,SS0000000007,템퍼링 2호_템퍼1존(3존),0.7331725643140484,0.10549251262488102,0.9979537138267431,0.917025151348712,,0.8554979528331318,0.07406116884111225
**********01,**********06,3,SS0000000042,템퍼링 2호_템퍼1존(4존),0.10009566875332077,0.5015352167769429,0.9149290105985827,0.793136551832446,,0.4091644674411179,0.2751065276685729
**********01,**********06,3,SS0000000047,템퍼링 2호_템퍼1존(5존),0.7302405909635507,0.3275764079012914,0.6772204824732883,0.5631576367405787,,0.9317419046961015,0.438640930635236
**********01,**********06,3,SS0000000046,템퍼링 2호_템퍼1존(6존),0.6118634288013527,0.3072250659624347,0.8767650723884305,0.48934322427924315,,0.9045128008970099,0.13257678804793604
**********01,**********06,9,SS0000000046,템퍼링 3호_템퍼1존(1존),0.3837608628679189,0.7576778484597527,0.8900099922321041,0.31755119533395093,,0.9660382893144325,0.8611897324530428
**********01,**********06,3,SS0000000006,템퍼링 3호_템퍼1존(2존),0.5960828464333131,0.47165626334662536,0.6022807465575721,0.8526223526316002,,0.9398652793271346,0.31346444812893437
**********01,**********06,9,SS0000000034,템퍼링 3호_템퍼1존(3존),0.3358708202533851,0.9422295425357043,0.5189261216488344,0.8259349326867476,,0.2574248151349122,0.7583742483575593
**********01,**********06,9,SS0000000030,템퍼링 4호_템퍼1존(1존),0.9026586040980351,0.1866860442753666,0.551636197872055,0.9264678319486497,,0.6240115440805774,0.20135870347816331
**********01,**********06,3,SS0000000048,템퍼링 4호_템퍼1존(2존),0.20788671303775497,0.7160912730157679,0.2050538518370132,0.4396490521990185,,0.33141210006062294,0.27863216349193864
**********01,**********06,6,SS0000000018,템퍼링 4호_템퍼1존(3존),0.40395495079378685,0.22991664244512278,0.884526620079741,0.7413747771519833,,0.9408447180252226,0.696328856876261
**********01,**********06,6,SS0000000017,템퍼링 4호_템퍼1존(4존),0.28352763718356344,0.8445281760430016,0.11929839171263623,0.2948828083032411,,0.20363519563072596,0.38271460567955695
**********01,**********06,9,SS0000000013,템퍼링 4호_템퍼1존(5존),0.5902862046893697,0.19802825846287964,0.7392459483224977,0.7990186095585292,,0.18580363888599438,0.41882499501972126
**********01,**********06,9,SS0000000028,템퍼링 4호_템퍼1존(6존),0.9943257480452663,0.06366079927463542,0.17230009754190456,0.27870977723753376,,0.9454711391064334,0.4466909244944781
**********01,**********06,3,SS0000000035,템퍼링 1호_템퍼1존(1존),0.952292994476183,0.5214455200812732,0.9003793105133668,0.030871996572331084,,0.284818199369127,0.8409628641296222
**********01,**********06,9,SS0000000010,템퍼링 1호_템퍼1존(2존),0.2561654602127674,0.4719810410481565,0.30615923485182217,0.05401671037857525,,0.15951048818867108,0.9155295165722362
**********01,**********06,3,SS0000000030,템퍼링 1호_템퍼1존(3존),0.4968517075218528,0.29736394260694143,0.18579671160630062,0.14637651865214918,,0.37201773117824133,0.7195805766675686
**********01,**********06,9,SS0000000015,템퍼링 1호_템퍼1존(4존),0.6472373612011634,0.3188989707609827,0.04954846330655227,0.22828051523781245,,0.47060775405301003,0.06829630420864796
**********01,**********06,3,SS0000000041,템퍼링 2호_템퍼1존(1존),0.20010457735001352,0.08296545097506935,0.9367768226937385,0.5479230729120231,,0.26492658297679594,0.3626443905713055
**********01,**********06,6,SS0000000039,템퍼링 2호_템퍼1존(2존),0.23036990109132716,0.7293288179047316,0.36050713256293776,0.9798331905063954,,0.9114152226263457,0.2836958227620857
**********01,**********06,6,SS0000000050,템퍼링 2호_템퍼1존(3존),0.17768092480385955,0.397055594616486,0.09913297024999912,0.8965125165277942,,0.09175471647039979,0.1581846151323948
**********01,**********06,9,SS0000000039,템퍼링 2호_템퍼1존(4존),0.3617207844209185,0.38290597831450557,0.7621789132983336,0.42806038438151683,,0.167204176344384,0.3519429855063514
**********01,**********06,9,SS0000000019,템퍼링 2호_템퍼1존(5존),0.8681084291550629,0.02940271951112572,0.1216397283632934,0.718226487501073,,0.5248023315831782,0.019572741620125234
**********01,**********06,6,SS0000000024,템퍼링 2호_템퍼1존(6존),0.31137616065563456,0.2300259839864166,0.4904079467453424,0.24630117551373776,,0.4702854178523751,0.04525602402260209
**********01,**********06,6,SS0000000001,템퍼링 3호_템퍼1존(1존),0.36365674688853367,0.2478879390123122,0.03267847767720855,0.39933774213839435,,0.9765107622792158,0.8927817982186519
**********01,**********06,6,SS0000000029,템퍼링 3호_템퍼1존(2존),0.0439504453708538,0.5968459336083859,0.7177500803155821,0.80183387679272,,0.9134203882838879,0.8712722057312392
**********01,**********06,3,SS0000000046,템퍼링 3호_템퍼1존(3존),0.6541879160124324,0.6607269296677871,0.1245231011147453,0.7787322565738256,,0.27066066818571954,0.2582248255018966
**********01,**********06,9,SS0000000028,템퍼링 4호_템퍼1존(1존),0.19370110834478482,0.4240066003145031,0.3582352331210713,0.6921321382263871,,0.37661682058215995,0.7385095723310686
**********01,**********06,9,SS0000000037,템퍼링 4호_템퍼1존(2존),0.7960751961483699,0.46757981984185726,0.29057839116515505,0.26237255960340056,,0.2922612996981928,0.21426113045153672
**********01,**********06,9,SS0000000034,템퍼링 4호_템퍼1존(3존),0.7673223086348404,0.6899979443511701,0.10167748240616903,0.4477754739250027,,0.5117362128464286,0.4033004109811664
**********01,**********06,9,SS0000000007,템퍼링 4호_템퍼1존(4존),0.6854754709695469,0.8084504259160316,0.4640665086002349,0.795611203110158,,0.9414547542611236,0.09783510813673757
**********01,**********06,9,SS0000000027,템퍼링 4호_템퍼1존(5존),0.296137287122068,0.5812074594572993,0.9260488707027098,0.6044251126323091,,0.17837037510570442,0.778674676287492
**********01,**********06,3,SS0000000044,템퍼링 4호_템퍼1존(6존),0.7539494555437918,0.3736244163909078,0.9602886598757627,0.18025930344968855,,0.8745322479281533,0.2415962147759474
**********01,**********06,3,SS0000000019,템퍼링 1호_템퍼1존(1존),0.7627972787435203,0.41196225086122384,0.25611949645089327,0.724469828506587,,0.780880906848706,0.01585966749439205
**********01,**********06,6,SS0000000042,템퍼링 1호_템퍼1존(2존),0.5536781499108199,0.3414184922922969,0.12561070478734093,0.6052726438943785,,0.5419295391554644,0.5093317191878033
**********01,**********06,3,SS0000000017,템퍼링 1호_템퍼1존(3존),0.5422096884806303,0.20349348553774838,0.05898982284990173,0.3199635264354076,,0.7276176674390358,0.9935767910585173
**********01,**********06,3,SS0000000025,템퍼링 1호_템퍼1존(4존),0.5094977345550923,0.4260496082213746,0.27590894251094167,0.47644700711161114,,0.5254405846623177,0.09557929363617179
**********01,**********06,3,SS0000000041,템퍼링 2호_템퍼1존(1존),0.45306378772102307,0.7798958294006662,0.7179976418026305,0.7737513426139371,,0.4196738444189587,0.8084429233132359
**********01,**********06,6,SS0000000011,템퍼링 2호_템퍼1존(2존),0.45000671500453215,0.5559096047247064,0.3359510906538842,0.5001147861784179,,0.10589239800460393,0.8229025839786593
**********01,**********06,3,SS0000000025,템퍼링 2호_템퍼1존(3존),0.43754613567760303,0.3602476270278985,0.08117350391743272,0.548803697099231,,0.7956124081227264,0.22719452246314353
**********01,**********06,6,SS0000000047,템퍼링 2호_템퍼1존(4존),0.7401994002941583,0.3015115499841766,0.14294572770978753,0.24913695079214682,,0.8647850962745546,0.2771467980186586
**********01,**********06,3,SS0000000005,템퍼링 2호_템퍼1존(5존),0.8482093471848394,0.008749092320055052,0.01054975694858451,0.1657266896974231,,0.6061151529263277,0.7160357334024978
**********01,**********06,9,SS0000000005,템퍼링 2호_템퍼1존(6존),0.5628608786011495,0.5818903231502891,0.903060084488823,0.9294944481739993,,0.011137674902745087,0.37457210233492
**********01,**********06,9,SS0000000028,템퍼링 3호_템퍼1존(1존),0.915479816091661,0.1709440745899916,0.9712346402644356,0.8881348202005613,,0.3167033638841581,0.0360393392055125
**********01,**********06,6,SS0000000048,템퍼링 3호_템퍼1존(2존),0.3147990862093263,0.6924131518949537,0.48562968676826435,0.2049896158549448,,0.5171158061096106,0.3116258339251685
**********01,**********06,3,SS0000000019,템퍼링 3호_템퍼1존(3존),0.014407375558254554,0.37700632619362906,0.3447818626106167,0.9590270021259596,,0.8159257876780635,0.6327505995327836
**********01,**********06,9,SS0000000042,템퍼링 4호_템퍼1존(1존),0.42065999912378604,0.23470751812515211,0.6212733453269289,0.3213463000223781,,0.563118457570739,0.08265834476823875
**********01,**********06,6,SS0000000036,템퍼링 4호_템퍼1존(2존),0.6542026767177629,0.34202387071035256,0.8999700119640268,0.3332674538857078,,0.45795236169038334,0.13526051927521732
**********01,**********06,6,SS0000000040,템퍼링 4호_템퍼1존(3존),0.6896592578094721,0.05369527976963151,0.891746286285514,0.6605144444375278,,0.09495511444660354,0.8614606196328208
**********01,**********06,9,SS0000000030,템퍼링 4호_템퍼1존(4존),0.16576517420735393,0.3297796334025753,0.47350049562547425,0.9873034484439915,,0.7668961928033411,0.740812849032587
**********01,**********06,9,SS0000000003,템퍼링 4호_템퍼1존(5존),0.45158602545305393,0.37815460941760626,0.6723720547616717,0.5376578817662859,,0.6948966857278591,0.8149540953527704
**********01,**********06,9,SS0000000022,템퍼링 4호_템퍼1존(6존),0.7908595139588432,0.792578812317286,0.3810434901830264,0.28484199368859264,,0.8108964310947843,0.11824144325587649
**********01,**********06,6,SS0000000004,템퍼링 1호_템퍼1존(1존),0.2272772875222141,0.10224203581445757,0.6419909712784234,0.9950517751633344,,0.9655084353153709,0.3845076846253448
**********01,**********06,6,SS0000000021,템퍼링 1호_템퍼1존(2존),0.9541796281529408,0.6591266055212233,0.5371999982895128,0.7599443920124905,,0.5277748374949736,0.15818935088338448
**********01,**********06,6,SS0000000046,템퍼링 1호_템퍼1존(3존),0.7369264048667175,0.9208712102918433,0.07481312349083502,0.3927026234085844,,0.02186014808649628,0.1396349868756307
**********01,**********06,9,SS0000000013,템퍼링 1호_템퍼1존(4존),0.283327296721946,0.9359706347630842,0.6355590318952562,0.17482355361749857,,0.583591451764116,0.05596292191933139
**********01,**********06,9,SS0000000024,템퍼링 2호_템퍼1존(1존),0.9482981815767773,0.315444029127118,0.24709930615125675,0.8293920149324717,,0.8357632499578704,0.3504173797432121
**********01,**********06,3,SS0000000024,템퍼링 2호_템퍼1존(2존),0.23566775332957246,0.5164308704144414,0.4300686759147251,0.17276111593483678,,0.5512176056275863,0.37063105957944686
**********01,**********06,9,SS0000000046,템퍼링 2호_템퍼1존(3존),0.7489479445351619,0.5958704071164932,0.5295569360691993,0.10570738039395133,,0.21129039136731798,0.8908567276616665
**********01,**********06,3,SS0000000033,템퍼링 2호_템퍼1존(4존),0.120048758189919,0.9312532710963108,0.3984911298568723,0.27569353026688337,,0.0644611958750535,0.8891489655553131
**********01,**********06,9,SS0000000023,템퍼링 2호_템퍼1존(5존),0.5557342787802207,0.128996303866578,0.1630431395120413,0.9966157284507581,,0.14387854987536153,0.5560548152492881
**********01,**********06,3,SS0000000028,템퍼링 2호_템퍼1존(6존),0.41725171714832465,0.8050979157580999,0.767120412710642,0.918348715852723,,0.8652718726289403,0.14392046500813838
**********01,**********06,3,SS0000000037,템퍼링 3호_템퍼1존(1존),0.7700452864807812,0.6597228808123069,0.22922948440118196,0.32770274633700314,,0.6762329700444931,0.5142045124831407
**********01,**********06,6,SS0000000048,템퍼링 3호_템퍼1존(2존),0.5324954608065933,0.0298431964938487,0.07963765028100889,0.7696235630572644,,0.04877733545343965,0.8034068692295596
**********01,**********06,3,SS0000000026,템퍼링 3호_템퍼1존(3존),0.922692448166853,0.3352844806309273,0.7801902772729391,0.6003648136527032,,0.6902185997116691,0.35935572679851935
**********01,**********06,3,SS0000000033,템퍼링 4호_템퍼1존(1존),0.23527648014427105,0.4174483132805443,0.08607702753862556,0.44509971735914866,,0.7767235309660075,0.24782722589263317
**********01,**********06,3,SS0000000048,템퍼링 4호_템퍼1존(2존),0.495596463904307,0.5162501688629496,0.42745154076754555,0.0009172764755644991,,0.18479540252958027,0.6079384635452932
**********01,**********06,3,SS0000000031,템퍼링 4호_템퍼1존(3존),0.19975975734347962,0.18283109799188413,0.8038901684829105,0.5761225842212552,,0.9565561582841758,0.4104979279317036
**********01,**********06,3,SS0000000024,템퍼링 4호_템퍼1존(4존),0.8588020056847567,0.09896705484973356,0.7209734005675792,0.6534889291733476,,0.3017695387837258,0.9108924130202768
**********01,**********06,6,SS0000000004,템퍼링 4호_템퍼1존(5존),0.46541058819990067,0.13847106429935474,0.28150329151625164,0.3564694268368297,,0.827072185166494,0.12837119360462257
**********01,**********06,9,SS0000000012,템퍼링 4호_템퍼1존(6존),0.7684471608555473,0.6319632412937883,0.5010074411568476,0.1848042492489761,,0.09590330825786852,0.49124337024856124
**********01,**********06,9,SS0000000008,템퍼링 1호_템퍼1존(1존),0.013537187505331505,0.9731168134614759,0.09557492161712622,0.8029331175480059,,0.5234297031111405,0.48455858264774565
**********01,**********06,6,SS0000000008,템퍼링 1호_템퍼1존(2존),0.36278377948742324,0.8706936685850056,0.9951303633026977,0.11691404452282783,,0.9829550705214146,0.3331097632105624
**********01,**********06,9,SS0000000003,템퍼링 1호_템퍼1존(3존),0.7384600397712316,0.10132138600400753,0.8279155841588494,0.6240475309644903,,0.6961393476298287,0.8178905010876012
**********01,**********06,6,SS0000000018,템퍼링 1호_템퍼1존(4존),0.8295246629276773,0.5766513814798926,0.12028510120457903,0.6569367919249679,,0.5761068707633987,0.18672723564270788
**********01,**********06,3,SS0000000014,템퍼링 2호_템퍼1존(1존),0.9396093026640517,0.817520318608936,0.035377608964797025,0.08347233863425063,,0.8284259706092402,0.012247855069597247
**********01,**********06,6,SS0000000033,템퍼링 2호_템퍼1존(2존),0.7826210706686261,0.13364518138495796,0.18840448251509012,0.9386664070010097,,0.42304866061247615,0.25873544789644376
**********01,**********06,3,SS0000000023,템퍼링 2호_템퍼1존(3존),0.4724747068873102,0.6342634019240899,0.80893989723418,0.7683385273089097,,0.36133156257797017,0.1999036814188213
**********01,**********06,6,SS0000000039,템퍼링 2호_템퍼1존(4존),0.18314610333362547,0.8988583246606123,0.6712165049087623,0.5796632334079379,,0.2326811689423719,0.0008504131168289852
**********01,**********06,3,SS0000000046,템퍼링 2호_템퍼1존(5존),0.6773149499340814,0.8309452082670075,0.43514098297023374,0.6213347738572942,,0.6943230166178325,0.36676096756262333
**********01,**********06,3,SS0000000020,템퍼링 2호_템퍼1존(6존),0.40993990008196846,0.5262330661392527,0.25886967234453795,0.2268026534524341,,0.03326812542286273,0.014646876380204121
**********01,**********06,6,SS0000000032,템퍼링 3호_템퍼1존(1존),0.2575134490173946,0.06537623561997352,0.7183161029907058,0.41640726407051487,,0.18803697877536785,0.9060529431545578
**********01,**********06,6,SS0000000037,템퍼링 3호_템퍼1존(2존),0.8513374903443908,0.488694531665794,0.38628387892661,0.08078864028527621,,0.6673619867953019,0.38049838265077673
**********01,**********06,9,SS0000000015,템퍼링 3호_템퍼1존(3존),0.14607422364371125,0.02080591963392575,0.28707148451298947,0.14645812318803475,,0.03645376748011908,0.42246828936108227
**********01,**********06,6,SS0000000031,템퍼링 4호_템퍼1존(1존),0.6993124531888855,0.9453188201397689,0.05252135436417704,0.8762804658631761,,0.33473996107129156,0.2455667096095131
**********01,**********06,6,SS0000000015,템퍼링 4호_템퍼1존(2존),0.8674705784523953,0.4033721985699257,0.83281246534562,0.5603059195802614,,0.010010814154073566,0.9566630392714741
**********01,**********06,6,SS0000000008,템퍼링 4호_템퍼1존(3존),0.5364933587716224,0.12052980997899232,0.34953180260786565,0.5472293168287198,,0.8542108778054768,0.6199015305496729
**********01,**********06,9,SS0000000019,템퍼링 4호_템퍼1존(4존),0.5777257727985761,0.48374505733377304,0.07209281428020609,0.5039167230470257,,0.39417928260912494,0.3469018113846247
**********01,**********06,9,SS0000000031,템퍼링 4호_템퍼1존(5존),0.759601733995098,0.7715465610968866,0.4989758361438398,0.26332072969506815,,0.269101272093898,0.3509854411916724
**********01,**********06,6,SS0000000034,템퍼링 4호_템퍼1존(6존),0.06105171348011873,0.8355099262076842,0.2699079226963177,0.08971920277348433,,0.359240410047292,0.9130338818028482
**********01,**********06,9,SS0000000034,템퍼링 1호_템퍼1존(1존),0.49145339764220175,0.9230673227530009,0.725459596994653,0.6415565884022575,,0.8284572406694947,0.9996063457040644
**********01,**********06,3,SS0000000037,템퍼링 1호_템퍼1존(2존),0.10507615498969303,0.06795728996540684,0.11902394868679111,0.8553665308210693,,0.9163705179179867,0.24248619369628377
**********01,**********06,3,SS0000000017,템퍼링 1호_템퍼1존(3존),0.4258205113745146,0.016019848810525095,0.8394534750009858,0.8717514804098209,,0.46140753978945626,0.5426350197859823
**********01,**********06,6,SS0000000035,템퍼링 1호_템퍼1존(4존),0.5634507656776695,0.8734716115839336,0.201320103341476,0.3054144615636728,,0.17580889337173755,0.7973780614074143
**********01,**********06,6,SS0000000047,템퍼링 2호_템퍼1존(1존),0.22594206804126293,0.6380327535092103,0.3787201894175358,0.29050079022798125,,0.29635144442999783,0.47467770317476576
**********01,**********06,6,SS0000000015,템퍼링 2호_템퍼1존(2존),0.8781148287183962,0.24960883129633826,0.06540794892125146,0.3282726930987928,,0.020347821859938553,0.8340614581409087
**********01,**********06,9,SS0000000046,템퍼링 2호_템퍼1존(3존),0.9296519748863893,0.19012548944486163,0.3022337194990662,0.79978358670689,,0.056233266023791084,0.485471112872197
**********01,**********06,3,SS0000000036,템퍼링 2호_템퍼1존(4존),0.36654105328054265,0.8716794943212771,0.0832129979595404,0.04362017656192074,,0.8508722326150031,0.7801913048923795
**********01,**********06,6,SS0000000020,템퍼링 2호_템퍼1존(5존),0.5088960315978831,0.45150974589328596,0.29451314402941287,0.4651009678613217,,0.47730270308375755,0.83716769992145
**********01,**********06,3,SS0000000029,템퍼링 2호_템퍼1존(6존),0.3612200273527606,0.4916917040345119,0.9926333161943228,0.0873997654991977,,0.8446461950762338,0.8374521565886416
**********01,**********06,9,SS0000000050,템퍼링 3호_템퍼1존(1존),0.7917758853009854,0.4319549439957595,0.8495425919096452,0.487191495326849,,0.7407239128583959,0.2856749330910824
**********01,**********06,3,SS0000000044,템퍼링 3호_템퍼1존(2존),0.9088758822113944,0.40365171723508464,0.15132499731127558,0.23617152994906243,,0.8200008834202136,0.4243174492017231
**********01,**********06,9,SS0000000024,템퍼링 3호_템퍼1존(3존),0.09401642580080094,0.7431693346860093,0.41819140566343427,0.8206224154425377,,0.6961833892495742,0.11825859696886798
**********01,**********06,9,SS0000000046,템퍼링 4호_템퍼1존(1존),0.37184574440188345,0.09585144141764768,0.5394140388994352,0.23884413075590716,,0.34856760350932814,0.7662799610586604
**********01,**********06,6,SS0000000038,템퍼링 4호_템퍼1존(2존),0.21727463703768923,0.20629373203224344,0.4032992101891465,0.0792650389292967,,0.22547293171829919,0.6451887921954245
**********01,**********06,6,SS0000000027,템퍼링 4호_템퍼1존(3존),0.20422954778922797,0.48952412926657374,0.27519251330825967,0.24696617618812433,,0.4902124024823181,0.20268526942382514
**********01,**********06,9,SS0000000038,템퍼링 4호_템퍼1존(4존),0.717802156836432,0.7234543407942816,0.1662548798639656,0.29632880016298224,,0.6702734660572904,0.40506974497062453
**********01,**********06,9,SS0000000033,템퍼링 4호_템퍼1존(5존),0.5924292533679585,0.4127659562505118,0.2013630406185708,0.9901628992364506,,0.9782982874321929,0.356126201453701
**********01,**********06,9,SS0000000042,템퍼링 4호_템퍼1존(6존),0.7564790711607785,0.8987855874141905,0.8235011591926789,0.2048895722158327,,0.11712865529523508,0.5897809192818018
**********01,**********06,6,SS0000000041,템퍼링 1호_템퍼1존(1존),0.17666235174904943,0.540974734836474,0.8957600319674173,0.18474404904581954,,0.2800891794892838,0.6937873755318962
**********01,**********06,3,SS0000000008,템퍼링 1호_템퍼1존(2존),0.2717793455643134,0.77528877674388,0.27097910530772507,0.41889430969181163,,0.37106016160573874,0.4236298502392324
**********01,**********06,9,SS0000000022,템퍼링 1호_템퍼1존(3존),0.1250370863885295,0.1016322322531249,0.6767404120154366,0.38003159597928604,,0.8899738061788766,0.18420814887497028
**********01,**********06,9,SS0000000028,템퍼링 1호_템퍼1존(4존),0.38328678215513357,0.43499970425799395,0.23571755531122696,0.18829679039335967,,0.3755552131944162,0.19340490464861626
**********01,**********06,6,SS0000000007,템퍼링 2호_템퍼1존(1존),0.6457869877524922,0.6039145048527658,0.8764270680354942,0.30957073802735446,,0.3666552762049562,0.6084075362017726
**********01,**********06,6,SS0000000032,템퍼링 2호_템퍼1존(2존),0.9645551205465849,0.653606038307906,0.7073443499824454,0.7240331388825072,,0.7601471368480389,0.14404933455827096
**********01,**********06,9,SS0000000032,템퍼링 2호_템퍼1존(3존),0.5953497848617081,0.4308589338203661,0.2988623608360962,0.6102575216430537,,0.20095585288653717,0.9558062639446282
**********01,**********06,6,SS0000000042,템퍼링 2호_템퍼1존(4존),0.48836681370648183,0.097634820906776,0.3326222000381096,0.9421739251265526,,0.33091285732832687,0.8348353404807937
**********01,**********06,9,SS0000000007,템퍼링 2호_템퍼1존(5존),0.9795344820127063,0.5417253225423353,0.8347619918870042,0.9035441717618304,,0.14161379459111145,0.37960433034781815
**********01,**********06,3,SS0000000020,템퍼링 2호_템퍼1존(6존),0.9321967407420129,0.3048950657700683,0.7535618194433243,0.6861858570928507,,0.8691060285889095,0.6706337349583695
**********01,**********06,3,SS0000000001,템퍼링 3호_템퍼1존(1존),0.2353001726791467,0.9160032874786752,0.9598051068418475,0.8015689556001305,,0.2475773628752509,0.07269421156395084
**********01,**********06,6,SS0000000014,템퍼링 3호_템퍼1존(2존),0.4916507364278676,0.37685454090295245,0.5151626204110952,0.40313000720239256,,0.645964421994433,0.08846603036429357
**********01,**********06,6,SS0000000025,템퍼링 3호_템퍼1존(3존),0.6614386191037112,0.8135096462122595,0.925735721231315,0.037552583447925225,,0.2632502995033188,0.5279024035821797
**********01,**********06,6,SS0000000041,템퍼링 4호_템퍼1존(1존),0.20267972178213256,0.10172923997312977,0.9528084357140543,0.27155404609995226,,0.30762307185974724,0.6343981113602094
**********01,**********06,6,SS0000000018,템퍼링 4호_템퍼1존(2존),0.24122260663317507,0.7596423973779763,0.5603837366032387,0.5498345770276881,,0.6911314599887014,0.3131891082011683
**********01,**********06,9,SS0000000008,템퍼링 4호_템퍼1존(3존),0.8380356236974313,0.7503775084899507,0.33199135468359464,0.41422376352638424,,0.9872326871677454,0.12307037144372912
**********01,**********06,6,SS0000000042,템퍼링 4호_템퍼1존(4존),0.4191286612733345,0.07240667125970157,0.9971286802416701,0.9394766192648087,,0.4109415904706666,0.06854313401803491
**********01,**********06,9,SS0000000020,템퍼링 4호_템퍼1존(5존),0.8877657003758161,0.012551605116745024,0.1747181031027506,0.695995679358098,,0.8957327086916437,0.174534573482916
**********01,**********06,6,SS0000000040,템퍼링 4호_템퍼1존(6존),0.5677209751810355,0.9209483085727189,0.11565599392000092,0.9619576677493149,,0.2702736206276727,0.9273574693396122
**********01,**********06,9,SS0000000031,템퍼링 1호_템퍼1존(1존),0.7778392117723812,0.9443635912260201,0.1087225256713551,0.0555962883123684,,0.20622020797613383,0.4462735792796916
**********01,**********06,6,SS0000000038,템퍼링 1호_템퍼1존(2존),0.622429814988646,0.9322638608464582,0.855252177711344,0.45258217972196935,,0.7282043499357004,0.5226708429591851
**********01,**********06,3,SS0000000046,템퍼링 1호_템퍼1존(3존),0.1460558908164875,0.7645884766082702,0.6024975466851191,0.6990945510880979,,0.4299189502041876,0.9091281389248398
**********01,**********06,6,SS0000000010,템퍼링 1호_템퍼1존(4존),0.3695410759173312,0.918211229301305,0.41535344366897875,0.7791519356975186,,0.0644826220911815,0.4275848352897875
**********01,**********06,9,SS0000000006,템퍼링 2호_템퍼1존(1존),0.35023020280212835,0.14738849863024006,0.9447873730561054,0.22186016567135913,,0.05954822822862438,0.5409380432441783
**********01,**********06,9,SS0000000026,템퍼링 2호_템퍼1존(2존),0.4603632334717518,0.42905972035905615,0.20898032573095582,0.8291678938369909,,0.32066393687078676,0.38305776621196885
**********01,**********06,6,SS0000000026,템퍼링 2호_템퍼1존(3존),0.7884305510255029,0.573854668514866,0.5607316030859931,0.14156373680672796,,0.3221182400999122,0.153400383766496
**********01,**********06,9,SS0000000039,템퍼링 2호_템퍼1존(4존),0.059062473278684746,0.7502042362258061,0.5085503577578592,0.1215579806490027,,0.7946311910923516,0.9463245101979517
**********01,**********06,6,SS0000000046,템퍼링 2호_템퍼1존(5존),0.9162356569811079,0.9065857458782447,0.541583015900229,0.8483072876319528,,0.10028435795594803,0.02203854148917217
**********01,**********06,3,SS0000000002,템퍼링 2호_템퍼1존(6존),0.7959405577994897,0.7299649507608704,0.6898710509328319,0.14491568041950587,,0.6156028789463609,0.6734635134944689
**********01,**********06,6,SS0000000039,템퍼링 3호_템퍼1존(1존),0.973263132054989,0.12842933361204223,0.032518905934332265,0.3295169714965811,,0.6383905057173385,0.9822563812361302
**********01,**********06,6,SS0000000008,템퍼링 3호_템퍼1존(2존),0.03232087982178944,0.3296330150719634,0.9393639597177101,0.3345902574465547,,0.5840266738918869,0.7942062536490142
**********01,**********06,6,SS0000000013,템퍼링 3호_템퍼1존(3존),0.038514535111975334,0.8575541673950665,0.5616752147669513,0.4267448194906831,,0.2786836809613855,0.398205322185202
**********01,**********06,9,SS0000000007,템퍼링 4호_템퍼1존(1존),0.07848148393893739,0.372671509364055,0.5848947030711503,0.522925627792173,,0.7353539268277226,0.029418146604888507
**********01,**********06,6,SS0000000041,템퍼링 4호_템퍼1존(2존),0.7682806175187213,0.5535613041070475,0.7787183818474023,0.9219859041844538,,0.7223329213299999,0.6785334037240452
**********01,**********06,3,SS0000000025,템퍼링 4호_템퍼1존(3존),0.3571223592506614,0.5121607629759484,0.7417371815545031,0.7034343122016359,,0.7848181615244181,0.3531899061534689
**********01,**********06,3,SS0000000046,템퍼링 4호_템퍼1존(4존),0.8173033591374339,0.5719920460862923,0.13971609125675244,0.3238832788144598,,0.9420555523599745,0.989081479798032
**********01,**********06,9,SS0000000037,템퍼링 4호_템퍼1존(5존),0.446610856354961,0.8549303810340854,0.8923763926662379,0.6352312842737954,,0.7386591760124698,0.9589267956641091
**********01,**********06,9,SS0000000049,템퍼링 4호_템퍼1존(6존),0.3339453942838988,0.8841584986923996,0.4241926966354804,0.4017099107958667,,0.307371866743275,0.8608854249460787
**********01,**********06,6,SS0000000035,템퍼링 1호_템퍼1존(1존),0.8405735814967719,0.06362573599488863,0.22697546423282444,0.14246779592615966,,0.1943489272892669,0.47062241248536496
**********01,**********06,9,SS0000000025,템퍼링 1호_템퍼1존(2존),0.5319336243432031,0.14287060508146054,0.9490913752709437,0.834839587791321,,0.5874794905246907,0.695602791522349
**********01,**********06,9,SS0000000031,템퍼링 1호_템퍼1존(3존),0.7009311982537104,0.5207354001530596,0.2559328042241461,0.9673505376720674,,0.4310107917833028,0.5327314467605297
**********01,**********06,9,SS0000000022,템퍼링 1호_템퍼1존(4존),0.42245495088484253,0.3709956353043371,0.4589916140258057,0.40186155651734035,,0.4218917888533683,0.3778413876932214
**********01,**********06,9,SS0000000017,템퍼링 2호_템퍼1존(1존),0.05602192893378377,0.15254578065612134,0.8472372096502186,0.9939588258550713,,0.7900513732003601,0.4913573687001499
**********01,**********06,6,SS0000000038,템퍼링 2호_템퍼1존(2존),0.9628356654797273,0.17635197268086722,0.41908515376695854,0.9440420218417743,,0.8352178165756445,0.09892312627023647
**********01,**********06,9,SS0000000029,템퍼링 2호_템퍼1존(3존),0.46012413224294235,0.9468580747591229,0.07496511265229688,0.797639906825208,,0.5257821047980366,0.296665787070133
**********01,**********06,3,SS0000000016,템퍼링 2호_템퍼1존(4존),0.022279692378025517,0.963331492852161,0.6841232886017705,0.958915516294957,,0.6577963966571383,0.03521088524624505
**********01,**********06,3,SS0000000037,템퍼링 2호_템퍼1존(5존),0.14076866993009918,0.5574539693644356,0.35544680273801377,0.18844322114853929,,0.34083451915721974,0.15949272882083831
**********01,**********06,9,SS0000000045,템퍼링 2호_템퍼1존(6존),0.6560616888073908,0.9500734375189829,0.1895355174234158,0.06145631182029199,,0.8130571639301524,0.07132150217017419
**********01,**********06,9,SS0000000013,템퍼링 3호_템퍼1존(1존),0.6811195492996076,0.9922643386453951,0.9720862375726603,0.6205587431895476,,0.7564963987299028,0.8050821120199395
**********01,**********06,9,SS0000000026,템퍼링 3호_템퍼1존(2존),0.334742369575573,0.2203631725612214,0.9838897591110517,0.4610762364285991,,0.10889122362620529,0.7271736907341643
**********01,**********06,6,SS0000000012,템퍼링 3호_템퍼1존(3존),0.36126993117160433,0.3724442440197937,0.7413571058669574,0.7375546415522944,,0.0638770748664862,0.8093109239036304
**********01,**********06,3,SS0000000027,템퍼링 4호_템퍼1존(1존),0.9012164355893946,0.8479669284644566,0.5241492688508417,0.6829372661524423,,0.08270927338872691,0.9303484405404218
**********01,**********06,6,SS0000000013,템퍼링 4호_템퍼1존(2존),0.9218024055807349,0.8265861219794428,0.787095066968968,0.8287163118415152,,0.12553551557787457,0.02360275141028767
**********01,**********06,6,SS0000000019,템퍼링 4호_템퍼1존(3존),0.7023568542110978,0.28937446806743994,0.19421606740297015,0.5719062538819659,,0.7681784575480822,0.8748784902858229
**********01,**********06,3,SS0000000042,템퍼링 4호_템퍼1존(4존),0.3187755475445778,0.6240131779759278,0.24373937556938885,0.06771835458759301,,0.20242500533367103,0.1945968069780003
**********01,**********06,9,SS0000000021,템퍼링 4호_템퍼1존(5존),0.36426015384373955,0.26518974540692375,0.0019019276053975354,0.09113667013393789,,0.7394000828200942,0.12986106081746007
**********01,**********06,6,SS0000000030,템퍼링 4호_템퍼1존(6존),0.9448321087750342,0.7606627135845401,0.3448914678973638,0.5830258608789431,,0.03341217020373666,0.9563460823166682
**********01,**********06,3,SS0000000015,템퍼링 1호_템퍼1존(1존),0.44884873476682285,0.4260714282143282,0.5918139012953413,0.14707328282787424,,0.09715703647551299,0.8302188245410981
**********01,**********06,6,SS0000000008,템퍼링 1호_템퍼1존(2존),0.9438905029639016,0.209424169310098,0.725401238449094,0.6786410479435244,,0.8712477545840602,0.5514557409528815
**********01,**********06,3,SS0000000050,템퍼링 1호_템퍼1존(3존),0.9764570330380411,0.24606033251569237,0.8103869390323681,0.7233050030524311,,0.28118008115365656,0.951121974679703
**********01,**********06,9,SS0000000036,템퍼링 1호_템퍼1존(4존),0.4119045382916793,0.9086134155827561,0.8938044035568923,0.6974892293726328,,0.729788192119567,0.9865268159021152
**********01,**********06,9,SS0000000010,템퍼링 2호_템퍼1존(1존),0.988180253046204,0.569173581106833,0.35472426999816353,0.7474816349841635,,0.8498089465368757,0.19276766195226902
**********01,**********06,6,SS0000000008,템퍼링 2호_템퍼1존(2존),0.7211624779368826,0.043126808400870464,0.857617936782373,0.1337746483437956,,0.19855285080920138,0.6161228656355658
**********01,**********06,9,SS0000000042,템퍼링 2호_템퍼1존(3존),0.6957223980868255,0.7894395636663376,0.1111434308580811,0.9008521397034004,,0.8929887827564618,0.21485839450630106
**********01,**********06,9,SS0000000036,템퍼링 2호_템퍼1존(4존),0.8892804747864,0.06496068562595647,0.44896817846590653,0.3961659947157622,,0.5464549959743751,0.9809438261911881
**********01,**********06,3,SS0000000021,템퍼링 2호_템퍼1존(5존),0.8348318759893657,0.4854493102640812,0.7181635007119973,0.8749637579222663,,0.5549992861402853,0.47537746808786174
**********01,**********06,9,SS0000000024,템퍼링 2호_템퍼1존(6존),0.32594082949509395,0.7662828900804518,0.8378240405091706,0.6701011051404858,,0.8861665762118998,0.6502619360726851
**********01,**********06,9,SS0000000050,템퍼링 3호_템퍼1존(1존),0.21563737544046246,0.28790472094329356,0.32279643255978574,0.40276437130165965,,0.6201356681165082,0.5830610095962623
**********01,**********06,9,SS0000000023,템퍼링 3호_템퍼1존(2존),0.6558397831093937,0.6170728118039202,0.8424843105103168,0.2663829832924849,,0.6771139000351568,0.004328860411595081
**********01,**********06,6,SS0000000020,템퍼링 3호_템퍼1존(3존),0.2062105675405923,0.9147606135549325,0.0661172727314745,0.9863315098048029,,0.5178974246091578,0.4052407661093306
**********01,**********06,3,SS0000000031,템퍼링 4호_템퍼1존(1존),0.831293964797489,0.8874276518121273,0.3392441624438184,0.3630242165090971,,0.13637805028402616,0.6129069822894316
**********01,**********06,6,SS0000000019,템퍼링 4호_템퍼1존(2존),0.16103379053167866,0.004932471156391616,0.41803143541249843,0.9026202613713512,,0.618424402255252,0.13441370589662127
**********01,**********06,6,SS0000000014,템퍼링 4호_템퍼1존(3존),0.24825400131511255,0.9607996427491134,0.3723597271098883,0.5633578729612415,,0.9142496952494232,0.3544584833330835
**********01,**********06,6,SS0000000006,템퍼링 4호_템퍼1존(4존),0.3460573355642028,0.008281828614746023,0.5411465310576319,0.07563657315320671,,0.07074192734719043,0.24939876283608098
**********01,**********06,3,SS0000000013,템퍼링 4호_템퍼1존(5존),0.1881028100355463,0.3960869921268386,0.08456862633193651,0.3215211736410166,,0.20279370867201185,0.9251333433983396
**********01,**********06,6,SS0000000004,템퍼링 4호_템퍼1존(6존),0.45365451873202634,0.02405661071939169,0.4863614833573888,0.6064920723637823,,0.03140799051352039,0.3186453520355593
**********01,**********06,6,SS0000000006,템퍼링 1호_템퍼1존(1존),0.572985517339889,0.3935068836667207,0.35511862559026464,0.3404162900548887,,0.23757030542963853,0.6486264727449281
**********01,**********06,9,SS0000000032,템퍼링 1호_템퍼1존(2존),0.041567536692924456,0.819839089651875,0.2946559072326844,0.7911951069306907,,0.22953289113204156,0.23344739959764793
**********01,**********06,6,SS0000000036,템퍼링 1호_템퍼1존(3존),0.6040087762897198,0.47352336558457475,0.47382741383583293,0.2256742030712099,,0.976186755040673,0.7779821388771914
**********01,**********06,3,SS0000000035,템퍼링 1호_템퍼1존(4존),0.08214652643550924,0.5440651086161205,0.07047055916664802,0.6597536839086235,,0.9336151601054247,0.8400201555365
**********01,**********06,6,SS0000000018,템퍼링 2호_템퍼1존(1존),0.7190533215958604,0.5095886966264237,0.7183993742944557,0.06590675247653321,,0.3923093750560317,0.6039981061669449
**********01,**********06,3,SS0000000009,템퍼링 2호_템퍼1존(2존),0.7611307231964628,0.6903410250148079,0.6677096242414935,0.8660985157159233,,0.718810169533915,0.16679432392973548
**********01,**********06,9,SS0000000040,템퍼링 2호_템퍼1존(3존),0.3663146108447376,0.4945786350096151,0.660449384113395,0.9936423807844246,,0.9068942961070423,0.6903352226991414
**********01,**********06,6,SS0000000015,템퍼링 2호_템퍼1존(4존),0.594891162288247,0.8421576754564973,0.34822752018672365,0.6858593328388182,,0.49850531493175754,0.7982458323601312
**********01,**********06,6,SS0000000013,템퍼링 2호_템퍼1존(5존),0.7040101779290195,0.054463216550130755,0.24139940584090902,0.8154874145384152,,0.11950546427768216,0.40988069081021483
**********01,**********06,9,SS0000000001,템퍼링 2호_템퍼1존(6존),0.9776951598864062,0.13944048061371395,0.7234543760451653,0.834720097555852,,0.6913551021359539,0.8922173484762519
**********01,**********06,6,SS0000000029,템퍼링 3호_템퍼1존(1존),0.8716157844633158,0.3047556189679196,0.5598855717621994,0.6932101038503836,,0.7766279767793774,0.1920409843541404
**********01,**********06,6,SS0000000043,템퍼링 3호_템퍼1존(2존),0.3642650190289496,0.7653028554787089,0.07407806465223199,0.06041190665928453,,0.282269182666676,0.3575850718630934
**********01,**********06,3,SS0000000003,템퍼링 3호_템퍼1존(3존),0.2326024105727148,0.9420517535868174,0.9741584017636532,0.14402907279015287,,0.010611550690960314,0.073714210839248
**********01,**********06,3,SS0000000032,템퍼링 4호_템퍼1존(1존),0.01864430139053963,0.7824103265359812,0.08047203736038688,0.12229231207409086,,0.7904859847028723,0.869297532389037
**********01,**********06,3,SS0000000009,템퍼링 4호_템퍼1존(2존),0.49065858582220123,0.6525176211041002,0.2752739097641146,0.3057099688952265,,0.19218298275105028,0.63126610330748
**********01,**********06,3,SS0000000041,템퍼링 4호_템퍼1존(3존),0.036471341358986,0.5600706075138464,0.9168138542194302,0.8831129756956079,,0.2232946242769126,0.3547209744873214
**********01,**********06,3,SS0000000005,템퍼링 4호_템퍼1존(4존),0.8728883243926222,0.7401075393996565,0.38321986082127035,0.8954574480640268,,0.8845512323403212,0.4196937769808995
**********01,**********06,3,SS0000000030,템퍼링 4호_템퍼1존(5존),0.7891038591809192,0.8683357727695127,0.6576633953153332,0.2908865837894721,,0.6040545132617705,0.6656257087486326
**********01,**********06,9,SS0000000012,템퍼링 4호_템퍼1존(6존),0.7783403202575234,0.7377841296288044,0.8703162921435811,0.9046344507036193,,0.9626983425138939,0.42620058623797896
**********01,**********06,6,SS0000000033,템퍼링 1호_템퍼1존(1존),0.28963345967355636,0.5888260696502075,0.997566102708354,0.28626311937329996,,0.412314065780077,0.9379614036322245
**********01,**********06,6,SS0000000011,템퍼링 1호_템퍼1존(2존),0.9868126625746655,0.7313376147958345,0.23812634078324169,0.8383162799917151,,0.6771741405418282,0.614193647611795
**********01,**********06,6,SS0000000016,템퍼링 1호_템퍼1존(3존),0.9493878423316167,0.4706369428400303,0.12291729655498518,0.8151463468450357,,0.0326887272573404,0.09471300256360826
**********01,**********06,3,SS0000000018,템퍼링 1호_템퍼1존(4존),0.097240620240573,0.4856639502997936,0.3734193980527014,0.7526486173096955,,0.9455054024976941,0.10820225908133552
**********01,**********06,9,SS0000000032,템퍼링 2호_템퍼1존(1존),0.6770399269520688,0.932027449549598,0.7159972364467007,0.10910749739801606,,0.8526639925896069,0.07626789794072963
**********01,**********06,9,SS0000000044,템퍼링 2호_템퍼1존(2존),0.9526600727258443,0.19800866915656945,0.9669172672095829,0.12678159318158244,,0.6632886021172552,0.07483401789503263
**********01,**********06,9,SS0000000047,템퍼링 2호_템퍼1존(3존),0.6080607860000447,0.6967291075881299,0.11423111744071734,0.09939177268395893,,0.8163004254579455,0.5610171703778084
**********01,**********06,9,SS0000000034,템퍼링 2호_템퍼1존(4존),0.3828386225730289,0.698140796401027,0.7233315624922362,0.09795739136713622,,0.9866976271866674,0.179981462036219
**********01,**********06,3,SS0000000041,템퍼링 2호_템퍼1존(5존),0.16312205016258619,0.5319065726601035,0.5777565815215991,0.47054619275575515,,0.8906226533878207,0.4608631087483658
**********01,**********06,6,SS0000000025,템퍼링 2호_템퍼1존(6존),0.2573776937026072,0.25983821092150694,0.35214975187212916,0.003501726095738178,,0.4065139644394772,0.7564345194689092
**********01,**********06,6,SS0000000040,템퍼링 3호_템퍼1존(1존),0.04135414468045828,0.7391688581138129,0.9722927848495625,0.4772128520519022,,0.7798530330349083,0.5932089734460888
**********01,**********06,6,SS0000000001,템퍼링 3호_템퍼1존(2존),0.7120688981965484,0.9664842067589264,0.7664226575801737,0.9888736380695053,,0.2658809200964556,0.768846638208718
**********01,**********06,6,SS0000000004,템퍼링 3호_템퍼1존(3존),0.8413619517691103,0.9563868761645814,0.4640399701271495,0.3177964679563502,,0.3670912410046703,0.8380066656600553
**********01,**********06,6,SS0000000003,템퍼링 4호_템퍼1존(1존),0.981115421222947,0.6004096870856213,0.0024305731857766633,0.7996186282305584,,0.15300638912546127,0.36172370537847276
**********01,**********06,9,SS0000000013,템퍼링 4호_템퍼1존(2존),0.30454439406813416,0.7718812385494201,0.9905642383019438,0.049693046474645786,,0.5930765747302332,0.459295795503858
**********01,**********06,9,SS0000000038,템퍼링 4호_템퍼1존(3존),0.2957276159073384,0.33538810476174785,0.3729302914314201,0.9445026861664999,,0.8183095074413526,0.33312812929804836
**********01,**********06,9,SS0000000019,템퍼링 4호_템퍼1존(4존),0.4941906415553057,0.25073401863370437,0.8561687526393064,0.027880068886590892,,0.7383572266375064,0.24139115085798324
**********01,**********06,3,SS0000000038,템퍼링 4호_템퍼1존(5존),0.005164317373714589,0.7930425057675214,0.31575522374070064,0.36688194031278076,,0.1061613154039186,0.5979948816452368
**********01,**********06,9,SS0000000030,템퍼링 4호_템퍼1존(6존),0.760730763731887,0.025731224170492784,0.4464361521574248,0.5140669502308837,,0.41852345588898576,0.16926442147091503
**********01,**********06,3,SS0000000005,템퍼링 1호_템퍼1존(1존),0.48496153094284866,0.7622595967917659,0.022498980783758005,0.47502034680237937,,0.25992059389202415,0.6184039741156906
**********01,**********06,9,SS0000000044,템퍼링 1호_템퍼1존(2존),0.7641155169197109,0.8013247260481257,0.13521573873237946,0.878301059646377,,0.37256450908985295,0.6781320104789306
**********01,**********06,9,SS0000000047,템퍼링 1호_템퍼1존(3존),0.5066561891881064,0.3488769048046392,0.7976064368658762,0.9977639432133847,,0.7317342242805293,0.3431563937783756
**********01,**********06,3,SS0000000026,템퍼링 1호_템퍼1존(4존),0.37045337561782465,0.9901525311682687,0.7586994909954532,0.026922028987316104,,0.3866624263945142,0.23496907904242326
**********01,**********06,6,SS0000000026,템퍼링 2호_템퍼1존(1존),0.25932542291748995,0.0876545649258168,0.3482275084664176,0.39097711486247444,,0.8656834133689,0.4045537277491651
**********01,**********06,3,SS0000000037,템퍼링 2호_템퍼1존(2존),0.9486315905132936,0.6766294061882946,0.3805421903653655,0.03711359937422565,,0.8169413481813744,0.005735384178936265
**********01,**********06,9,SS0000000009,템퍼링 2호_템퍼1존(3존),0.7389822840724951,0.7094485772962994,0.8162566830382996,0.5710206721020594,,0.6388847138771108,0.07394018392035018
**********01,**********06,9,SS0000000014,템퍼링 2호_템퍼1존(4존),0.7223440792707441,0.6826598062684172,0.2634118129299914,0.8337394527234677,,0.3670139855934471,0.6429306722105137
**********01,**********06,3,SS0000000007,템퍼링 2호_템퍼1존(5존),0.6122745736424284,0.3443371075780062,0.5390426195179105,0.8791867852777172,,0.4544665654319898,0.8562542697741905
**********01,**********06,9,SS0000000035,템퍼링 2호_템퍼1존(6존),0.18792317558650462,0.864976489076076,0.9152897075201095,0.5135238735450538,,0.21328030720909763,0.9001228113832942
**********01,**********06,6,SS0000000038,템퍼링 3호_템퍼1존(1존),0.4519535409143719,0.7477656260851232,0.399777565629329,0.11071969805385862,,0.7485704696302506,0.9658320288425709
**********01,**********06,9,SS0000000011,템퍼링 3호_템퍼1존(2존),0.4561436315168508,0.9038552811911569,0.3175562727482911,0.9635928692427962,,0.002098267169493351,0.4249958721682606
**********01,**********06,3,SS0000000003,템퍼링 3호_템퍼1존(3존),0.9543920494072347,0.43297657010503066,0.4962161416372869,0.11826601091659195,,0.8370564720239394,0.4612938179714544
**********01,**********06,9,SS0000000028,템퍼링 4호_템퍼1존(1존),0.6541983526972324,0.7602953474321412,0.18979312335923393,0.0031667941324096116,,0.4567503645490608,0.6159669789490797
**********01,**********06,3,SS0000000029,템퍼링 4호_템퍼1존(2존),0.08583226936219401,0.5565634867735053,0.33668224668348135,0.05504136894822109,,0.5855239690651399,0.4777299227106787
**********01,**********06,6,SS0000000026,템퍼링 4호_템퍼1존(3존),0.9888700175914796,0.8108669712693498,0.3546928655844007,0.8087733810087199,,0.9436070116349514,0.8867781436610302
**********01,**********06,9,SS0000000019,템퍼링 4호_템퍼1존(4존),0.6089965923493135,0.37492707740882425,0.38513763480694085,0.88242545426216,,0.6907313975474763,0.989453447688527
**********01,**********06,6,SS0000000030,템퍼링 4호_템퍼1존(5존),0.013790476422725462,0.1563177726824685,0.6429243223053686,0.2800943083497175,,0.7521884592836837,0.8885151703938627
**********01,**********06,9,SS0000000024,템퍼링 4호_템퍼1존(6존),0.8021124113445538,0.6168546899665182,0.6565730795933609,0.6124063895699614,,0.8811110710815653,0.9076601616490629
**********01,**********06,9,SS0000000001,템퍼링 1호_템퍼1존(1존),0.5651577345823379,0.710257660114531,0.7120194367960857,0.4155601732535358,,0.7949369559436253,0.6037783957557443
**********01,**********06,3,SS0000000007,템퍼링 1호_템퍼1존(2존),0.7619983449402485,0.39536316359730717,0.4066892109934509,0.6721091082833424,,0.31189628518704515,0.36693679884631925
**********01,**********06,3,SS0000000022,템퍼링 1호_템퍼1존(3존),0.1467300457187628,0.39281634114771047,0.7433620624631475,0.8734521119879047,,0.48982407007248074,0.95831951631035
**********01,**********06,3,SS0000000028,템퍼링 1호_템퍼1존(4존),0.6679176124131176,0.7143856287750316,0.18132551820905252,0.6281322846154086,,0.9954392224600592,0.7688350322666001
**********01,**********06,9,SS0000000043,템퍼링 2호_템퍼1존(1존),0.6498573498298221,0.5323902897849441,0.47375393703185753,0.750517347391452,,0.23951962307309793,0.35225171016896806
**********01,**********06,9,SS0000000013,템퍼링 2호_템퍼1존(2존),0.56402635850533,0.8276731961507067,0.8545919068740566,0.5572497353797595,,0.7580119862126409,0.6146101187140477
**********01,**********06,9,SS0000000011,템퍼링 2호_템퍼1존(3존),0.42153243723887324,0.2812713711043594,0.807189575044637,0.41750115603410465,,0.45697400818638634,0.9897001351098048
**********01,**********06,9,SS0000000043,템퍼링 2호_템퍼1존(4존),0.6104129042804325,0.025992256231201383,0.30494286525920833,0.38690435497812736,,0.8650700779619667,0.20961865682187164
**********01,**********06,6,SS0000000042,템퍼링 2호_템퍼1존(5존),0.45943004969903045,0.3178900358972143,0.48260632116774327,0.44150057353792893,,0.19930597472699352,0.9158627250701307
**********01,**********06,6,SS0000000029,템퍼링 2호_템퍼1존(6존),0.9261239835874171,0.6671491457524671,0.33990645685165444,0.3843738951398409,,0.2651131716566806,0.6203901718841504
**********01,**********06,3,SS0000000004,템퍼링 3호_템퍼1존(1존),0.6768606509317617,0.39077679873114757,0.7464922245109377,0.4422703007583546,,0.6205963148056798,0.6466390078448806
**********01,**********06,9,SS0000000021,템퍼링 3호_템퍼1존(2존),0.6104761730946942,0.5189419776215664,0.8082789491723353,0.7533908733943643,,0.1899745497457418,0.3558680600409754
**********01,**********06,3,SS0000000040,템퍼링 3호_템퍼1존(3존),0.16580359821165191,0.1805439706086367,0.1665884757910816,0.9272706654473407,,0.8200956498715973,0.9278272150139969
**********01,**********06,6,SS0000000014,템퍼링 4호_템퍼1존(1존),0.5317360877107015,0.8637864699695837,0.8754780327848447,0.8794853296357892,,0.07100034738435035,0.38348684108298337
**********01,**********06,9,SS0000000031,템퍼링 4호_템퍼1존(2존),0.08933017437520852,0.04863653855267458,0.9091486431017715,0.8592128010881046,,0.7296992623568501,0.19125729779004907
**********01,**********06,3,SS0000000042,템퍼링 4호_템퍼1존(3존),0.3218980120674322,0.7552131504961211,0.297717568951273,0.3813666530802007,,0.8654489123872945,0.4392006754107426
**********01,**********06,3,SS0000000037,템퍼링 4호_템퍼1존(4존),0.4302326539606607,0.5880220432475621,0.32454330333069803,0.1883924324560805,,0.8788712987764102,0.8025348381818546
**********01,**********06,9,SS0000000045,템퍼링 4호_템퍼1존(5존),0.4328766062364925,0.9432729375532792,0.4742054171459804,0.6356880397065402,,0.06116284227684865,0.9610875167159999
**********01,**********06,6,SS0000000003,템퍼링 4호_템퍼1존(6존),0.342141125479664,0.31685014115396537,0.9274183462217639,0.706261501102111,,0.28483530757517916,0.7657166378885316
**********01,**********06,6,SS0000000023,템퍼링 1호_템퍼1존(1존),0.6932735542929526,0.40677115966660504,0.6646799518306806,0.2405146959890695,,0.3670380269835636,0.17674564859324005
**********01,**********06,6,SS0000000018,템퍼링 1호_템퍼1존(2존),0.6045308785535871,0.6609010611602449,0.3444618775921523,0.905435452241207,,0.2546538080902838,0.050303443392135994
**********01,**********06,9,SS0000000020,템퍼링 1호_템퍼1존(3존),0.593389885530311,0.11749895663824117,0.4868579750888212,0.6310116831264116,,0.5533450742390995,0.27078356899502576
**********01,**********06,9,SS0000000044,템퍼링 1호_템퍼1존(4존),0.1797155272524782,0.23808315993003992,0.4578359163672615,0.895728867894669,,0.2773988931159648,0.9126717031668021
**********01,**********06,3,SS0000000002,템퍼링 2호_템퍼1존(1존),0.16189276090460436,0.6204218437571798,0.28580552626820555,0.7139838696559204,,0.7383741445174773,0.22956949290482276
**********01,**********06,3,SS0000000042,템퍼링 2호_템퍼1존(2존),0.5428476987173275,0.13638543790412605,0.4551378279052658,0.2101516340379258,,0.5721405308713345,0.845657745347493
**********01,**********06,9,SS0000000013,템퍼링 2호_템퍼1존(3존),0.06728416408623261,0.20804028527603768,0.8082766414871693,0.27561426070571193,,0.9354869707572535,0.8518377537152632
**********01,**********06,3,SS0000000016,템퍼링 2호_템퍼1존(4존),0.6250821326165911,0.46649230542672393,0.6681905417306644,0.3737439135058789,,0.6879319739192379,0.05329543124452951
**********01,**********06,6,SS0000000048,템퍼링 2호_템퍼1존(5존),0.37323243634848036,0.8720258843913778,0.17879528071156925,0.49060866819939963,,0.5118175468678262,0.32442792916467966
**********01,**********06,9,SS0000000047,템퍼링 2호_템퍼1존(6존),0.4652234490848173,0.3365543954457971,0.40489895172671586,0.07225675084565719,,0.9331342705439208,0.18411012571011143
**********01,**********06,9,SS0000000007,템퍼링 3호_템퍼1존(1존),0.7241931134093119,0.2784409897901854,0.1437088819769684,0.1110526707261823,,0.3651151733919682,0.824293663053091
**********01,**********06,6,SS0000000005,템퍼링 3호_템퍼1존(2존),0.11079099797458458,0.6528993837815893,0.06480457538503936,0.7826376000107932,,0.7864853843124573,0.24159972596261958
**********01,**********06,9,SS0000000050,템퍼링 3호_템퍼1존(3존),0.007182578610407164,0.6129958826358556,0.9789290930888882,0.7774073353147022,,0.5518025662952842,0.6343401245106844
**********01,**********06,9,SS0000000050,템퍼링 4호_템퍼1존(1존),0.8546331476963994,0.12230298186802258,0.48796298400012494,0.7903982142158301,,0.8109318520762383,0.9051266539298487
**********01,**********06,9,SS0000000048,템퍼링 4호_템퍼1존(2존),0.8400900434210549,0.032156223677223816,0.990687734081743,0.031942322932515865,,0.773464665431709,0.6164429512766847
**********01,**********06,6,SS0000000039,템퍼링 4호_템퍼1존(3존),0.3434100213789324,0.9256909539559744,0.8210585438825417,0.9148026199087684,,0.39938851624171656,0.261511136126901
**********01,**********06,3,SS0000000017,템퍼링 4호_템퍼1존(4존),0.48604956989655357,0.6327559941236148,0.7423508242394293,0.1627680044505272,,0.3555032026532162,0.08285078997581763
**********01,**********06,6,SS0000000033,템퍼링 4호_템퍼1존(5존),0.43622679438406864,0.8688511977256166,0.7118851676098915,0.47659530475241974,,0.653993739900763,0.012097706261953167
**********01,**********06,9,SS0000000014,템퍼링 4호_템퍼1존(6존),0.28887423670991885,0.6081821219199629,0.6777389960918883,0.3369184897671741,,0.7644808485705495,0.0851925062405785
